condition,PC1,PC2
Control,-0.039499458,1.1071137
c9ALS,1.8332694,-0.5070755
sALS,-1.6627955,-0.19077769
