condition,hPC1,hPC2
Control,-0.07294922,0.9286934
c9ALS,2.2050233,-0.46801883
sALS,-1.7327859,-0.15308204
