Name,Term,ES,NES,NOM p-val,FDR q-val,FWER p-val,Tag %,Gene %,Lead_genes,level,cell_type,comparison,gene_set_library
prerank,Mitochondrial Translation Termination R-HSA-5419276,0.7409561275137122,2.836319282379077,0.001,0.001,0.001,48/75,12.56%,MRPS2;MRPL20;MRPL49;GADD45GIP1;MRPL44;MRPL18;MRPL55;MRPL10;CHCHD1;AURKAIP1;MRPS23;MRPL51;MRPS33;MRPL34;MRPS34;MRPS10;ERAL1;MRPS7;MRPL4;MRPL35;MRPS26;MRPS21;OXA1L;MRPL19;MRPL42;MRPL43;MRPL9;MRPL17;MRPL40;MRPL24;MRPL37;MRPL41;MRPS36;MRPL21;MRPL32;MRPL36;MRPL54;MRPL50;MRPS15;MRPL52;MRPL47;MRPS18C;MRPL57;MRPL14;MRPS16;MRPS18A;MRPL15;MRPS18B,broad,Excitatory,c9ALS_vs_sALS,Reactome_2022
prerank,Mitochondrial Translation Initiation R-HSA-5368286,0.733385741697929,2.816287032988311,0.001,0.001,0.001,49/75,12.56%,MRPS2;MRPL20;MRPL49;GADD45GIP1;MRPL44;MRPL18;MRPL55;MRPL10;CHCHD1;AURKAIP1;MRPS23;MRPL51;MRPS33;MRPL34;MRPS34;MRPS10;ERAL1;MRPS7;MRPL4;MRPL35;MRPS26;MRPS21;OXA1L;MRPL19;MRPL42;MRPL43;MRPL9;MRPL17;MTIF3;MRPL40;MRPL24;MRPL37;MRPL41;MRPS36;MRPL21;MRPL32;MRPL36;MRPL54;MRPL50;MRPS15;MRPL52;MRPL47;MRPS18C;MRPL57;MRPL14;MRPS16;MRPS18A;MRPL15;MRPS18B,broad,Excitatory,c9ALS_vs_sALS,Reactome_2022
prerank,Mitochondrial Translation Elongation R-HSA-5389840,0.7331412845949221,2.801453077331367,0.001,0.001,0.001,49/75,12.56%,MRPS2;MRPL20;MRPL49;GADD45GIP1;TUFM;MRPL44;MRPL18;MRPL55;MRPL10;CHCHD1;AURKAIP1;MRPS23;MRPL51;MRPS33;MRPL34;MRPS34;MRPS10;ERAL1;MRPS7;MRPL4;MRPL35;MRPS26;MRPS21;OXA1L;MRPL19;MRPL42;MRPL43;MRPL9;MRPL17;MRPL40;MRPL24;MRPL37;MRPL41;MRPS36;MRPL21;MRPL32;MRPL36;MRPL54;MRPL50;MRPS15;MRPL52;MRPL47;MRPS18C;MRPL57;MRPL14;MRPS16;MRPS18A;MRPL15;MRPS18B,broad,Excitatory,c9ALS_vs_sALS,Reactome_2022
prerank,Mitochondrial Translation R-HSA-5368287,0.713578587202871,2.776882368090832,0.001,0.001,0.001,49/81,11.69%,MRPS2;MRPL20;MRPL49;GADD45GIP1;TUFM;MRPL44;MRPL18;MRPL55;MRPL10;CHCHD1;AURKAIP1;MRPS23;MRPL51;MRPS33;MRPL34;MRPS34;MRPS10;ERAL1;MRPS7;MRPL4;MRPL35;MRPS26;MRPS21;OXA1L;MRPL19;MRPL42;MRPL43;MRPL9;MRPL17;MTIF3;MRPL40;MRPL24;MRPL37;MRPL41;MRPS36;MRPL21;MRPL32;MRPL36;MRPL54;MRPL50;MRPS15;MRPL52;MRPL47;MRPS18C;MRPL57;MRPL14;MRPS16;MRPS18A;MRPL15,broad,Excitatory,c9ALS_vs_sALS,Reactome_2022
prerank,Mitochondrial Protein Import R-HSA-1268020,0.7256664939806292,2.6353507752913807,0.001,0.001,0.001,36/58,11.59%,SLC25A6;IDH3G;TOMM20;TIMM17B;ATP5F1B;CHCHD10;GRPEL1;TOMM7;VDAC1;CHCHD2;TIMM10;COX17;TOMM22;TIMM17A;GFER;TIMM22;TIMM13;SLC25A4;ATP5F1A;ATP5MC1;CCNI;HSPA9;TOMM70;CHCHD4;CS;CHCHD7;PMPCA;TIMM8B;TIMM9;GRPEL2;HSPD1;DNAJC19;BCS1L;COA4;TIMM50;TOMM40,broad,Excitatory,c9ALS_vs_sALS,Reactome_2022
prerank,Mitochondrial Translation Termination R-HSA-5419276,0.7174548839752833,2.578107635745185,0.001,0.001,0.001,60/73,21.99%,GADD45GIP1;MRPS2;MRPL55;MRPS34;MRPL20;MRPS18C;CHCHD1;MRPS14;MRPS10;MRPL43;MRPS18B;MRPL32;MRPS33;MRPS15;MRPL34;MRPL42;MRPS7;MRPL19;MRPS23;OXA1L;MRPL16;MRPS35;MRPL51;MRPS21;AURKAIP1;ERAL1;MRPL18;MRPL14;MRPL35;MRPL58;MRPL21;MRPS26;MRPL44;MRPL57;MRPL17;MRPS36;MRPL41;MRPL40;MRPS16;MRPL52;MRPL47;MRPL39;MRPL36;MRPS30;MRPL24;MRPS22;GFM2;PTCD3;MRPL1;MRPL23;MRPL37;MRPL4;MRPL15;MRPS31;MRPS11;MRPL13;MTRF1L;MRPS9;MRPL48;MRPL33,excitatory_subtypes,Ex_L5_PCP4_NXPH2,c9ALS_vs_sALS,Reactome_2022
prerank,Mitochondrial Translation Elongation R-HSA-5389840,0.7149760125773151,2.557001634912463,0.001,0.001,0.001,60/73,22.18%,TUFM;GADD45GIP1;MRPS2;MRPL55;MRPS34;MRPL20;MRPS18C;CHCHD1;MRPS14;MRPS10;MRPL43;MRPS18B;MRPL32;MRPS33;MRPS15;MRPL34;MRPL42;MRPS7;MRPL19;MRPS23;OXA1L;MRPL16;MRPS35;MRPL51;MRPS21;AURKAIP1;ERAL1;MRPL18;MRPL14;MRPL35;MRPL58;MRPL21;MRPS26;MRPL44;MRPL57;MRPL17;MRPS36;MRPL41;MRPL40;MRPS16;MRPL52;MRPL47;MRPL39;MRPL36;MRPS30;MRPL24;MRPS22;PTCD3;MRPL1;MRPL23;MRPL37;MRPL4;MRPL15;MRPS31;MRPS11;MRPL13;MRPS9;MRPL48;MRPL33;GFM1,excitatory_subtypes,Ex_L5_PCP4_NXPH2,c9ALS_vs_sALS,Reactome_2022
prerank,Mitochondrial Translation R-HSA-5368287,0.7055452318140742,2.5508442636430284,0.001,0.001,0.001,64/79,22.18%,TUFM;GADD45GIP1;MRPS2;MRPL55;MTIF3;MRPS34;MRPL20;MRPS18C;CHCHD1;MRPS14;MRPS10;MRPL43;MRPS18B;MRPL32;MRPS33;MRPS15;MRPL34;MRPL42;MRPS7;MRPL19;MRPS23;OXA1L;MRPL16;MRPS35;MRPL51;MRPS21;AURKAIP1;ERAL1;MRPL18;MRPL14;MRPL35;MRPL58;MRPL21;MRPS26;MRPL44;MRPL57;MRPL17;MRPS36;MRPL41;MRPL40;MRPS16;MRPL52;MRPL47;MRPL39;MRPL36;MRPS30;MRPL24;MRPS22;GFM2;MTIF2;PTCD3;MRPL1;MRPL23;MRPL37;MRPL4;MRPL15;MRPS31;MRPS11;MRPL13;MTRF1L;MRPS9;MRPL48;MRPL33;GFM1,excitatory_subtypes,Ex_L5_PCP4_NXPH2,c9ALS_vs_sALS,Reactome_2022
prerank,Mitochondrial Translation Initiation R-HSA-5368286,0.7096439339866754,2.536023473481552,0.001,0.001,0.001,59/73,21.24%,GADD45GIP1;MRPS2;MRPL55;MTIF3;MRPS34;MRPL20;MRPS18C;CHCHD1;MRPS14;MRPS10;MRPL43;MRPS18B;MRPL32;MRPS33;MRPS15;MRPL34;MRPL42;MRPS7;MRPL19;MRPS23;OXA1L;MRPL16;MRPS35;MRPL51;MRPS21;AURKAIP1;ERAL1;MRPL18;MRPL14;MRPL35;MRPL58;MRPL21;MRPS26;MRPL44;MRPL57;MRPL17;MRPS36;MRPL41;MRPL40;MRPS16;MRPL52;MRPL47;MRPL39;MRPL36;MRPS30;MRPL24;MRPS22;MTIF2;PTCD3;MRPL1;MRPL23;MRPL37;MRPL4;MRPL15;MRPS31;MRPS11;MRPL13;MRPS9;MRPL48,excitatory_subtypes,Ex_L5_PCP4_NXPH2,c9ALS_vs_sALS,Reactome_2022
prerank,Mitochondrial Translation Elongation R-HSA-5389840,0.7179630430917557,2.5350970798259347,0.001,0.001,0.001,45/74,11.66%,MRPL18;GADD45GIP1;MRPS21;MRPS36;MRPS23;MRPS34;MRPL49;MRPL10;AURKAIP1;MRPS2;MRPL34;MRPS10;MRPL55;MRPL35;MRPL19;MRPL4;MRPL44;MRPL43;MRPS7;MRPL36;MRPL41;MRPL24;CHCHD1;MRPL14;OXA1L;MRPS26;MRPL50;ERAL1;MRPL15;MRPL20;MRPL40;MRPL51;MRPS33;TUFM;MRPL21;MRPS18B;MRPL9;MRPS35;MRPL32;MRPL47;MRPL54;MRPL37;MRPL16;MRPS15;MRPS16,excitatory_subtypes,Ex_L5_L6_THEMIS_TMEM233,c9ALS_vs_sALS,Reactome_2022
prerank,Autophagy R-HSA-9612973,0.6185816010064806,2.532317568722078,0.001,0.001,0.001,45/123,5.43%,HSP90AA1;UBA52;HSP90AB1;RRAGA;MAP1LC3B;VPS28;UBB;DYNLL2;RRAGC;TOMM20;MAP1LC3A;DYNLL1;VPS37D;LAMTOR5;TOMM7;LAMTOR1;UBC;SQSTM1;ATG101;LAMTOR2;VDAC1;LAMTOR4;WIPI2;CHMP2A;EEF1A1;MLST8;RPS27A;PGAM5;PRKAB2;CHMP4B;GABARAPL1;LAMTOR3;GABARAP;TOMM22;FUNDC1;CHMP6;PARK7;PINK1;GABARAPL2;ATG4D;UBE2N;HSPA8;TOMM70;RHEB;CHMP7,broad,Excitatory,c9ALS_vs_sALS,Reactome_2022
prerank,Mitochondrial Translation Termination R-HSA-5419276,0.7063040495038277,2.495866582325596,0.001,0.001,0.001,44/74,11.66%,MRPL18;GADD45GIP1;MRPS21;MRPS36;MRPS23;MRPS34;MRPL49;MRPL10;AURKAIP1;MRPS2;MRPL34;MRPS10;MRPL55;MRPL35;MRPL19;MRPL4;MRPL44;MRPL43;MRPS7;MRPL36;MRPL41;MRPL24;CHCHD1;MRPL14;OXA1L;MRPS26;MRPL50;ERAL1;MRPL15;MRPL20;MRPL40;MRPL51;MRPS33;MRPL21;MRPS18B;MRPL9;MRPS35;MRPL32;MRPL47;MRPL54;MRPL37;MRPL16;MRPS15;MRPS16,excitatory_subtypes,Ex_L5_L6_THEMIS_TMEM233,c9ALS_vs_sALS,Reactome_2022
prerank,Macroautophagy R-HSA-1632852,0.6154569822341178,2.4861171372802495,0.001,0.001,0.001,47/109,10.07%,HSP90AA1;UBA52;RRAGA;MAP1LC3B;UBB;DYNLL2;RRAGC;TOMM20;MAP1LC3A;DYNLL1;LAMTOR5;TOMM7;LAMTOR1;UBC;SQSTM1;ATG101;LAMTOR2;VDAC1;LAMTOR4;WIPI2;CHMP2A;MLST8;RPS27A;PGAM5;PRKAB2;CHMP4B;GABARAPL1;LAMTOR3;GABARAP;TOMM22;FUNDC1;CHMP6;PARK7;PINK1;GABARAPL2;ATG4D;UBE2N;HSPA8;TOMM70;RHEB;CHMP7;MFN2;ULK1;CHMP2B;VCP;SRC;HSF1,broad,Excitatory,c9ALS_vs_sALS,Reactome_2022
prerank,Mitochondrial Translation Initiation R-HSA-5368286,0.6992180643936156,2.470873361940371,0.001,0.001,0.001,45/74,12.33%,MRPL18;GADD45GIP1;MRPS21;MRPS36;MRPS23;MRPS34;MRPL49;MRPL10;AURKAIP1;MRPS2;MRPL34;MRPS10;MRPL55;MRPL35;MRPL19;MRPL4;MRPL44;MRPL43;MRPS7;MRPL36;MRPL41;MRPL24;CHCHD1;MRPL14;OXA1L;MRPS26;MRPL50;ERAL1;MRPL15;MRPL20;MRPL40;MRPL51;MRPS33;MRPL21;MRPS18B;MRPL9;MRPS35;MRPL32;MRPL47;MRPL54;MRPL37;MRPL16;MRPS15;MRPS16;MTIF3,excitatory_subtypes,Ex_L5_L6_THEMIS_TMEM233,c9ALS_vs_sALS,Reactome_2022
prerank,Mitochondrial Translation R-HSA-5368287,0.6879967376361666,2.453554649022663,0.001,0.001,0.001,46/80,12.33%,MRPL18;GADD45GIP1;MRPS21;MRPS36;MRPS23;MRPS34;MRPL49;MRPL10;AURKAIP1;MRPS2;MRPL34;MRPS10;MRPL55;MRPL35;MRPL19;MRPL4;MRPL44;MRPL43;MRPS7;MRPL36;MRPL41;MRPL24;CHCHD1;MRPL14;OXA1L;MRPS26;MRPL50;ERAL1;MRPL15;MRPL20;MRPL40;MRPL51;MRPS33;TUFM;MRPL21;MRPS18B;MRPL9;MRPS35;MRPL32;MRPL47;MRPL54;MRPL37;MRPL16;MRPS15;MRPS16;MTIF3,excitatory_subtypes,Ex_L5_L6_THEMIS_TMEM233,c9ALS_vs_sALS,Reactome_2022
prerank,Autophagy R-HSA-9612973,0.6439242973784907,2.4481846189404237,0.001,0.001,0.001,68/119,15.42%,FUNDC1;LAMTOR5;RRAGA;LAMTOR4;ATG4B;ATG4D;CHMP4B;MAP1LC3B;TOMM20;RPS27A;GABARAPL2;WIPI1;PINK1;MLST8;UBA52;TOMM7;WIPI2;RHEB;UBB;BECN1;DYNLL2;DYNLL1;HSF1;HSPA8;GABARAPL1;DYNC1H1;EEF1A1;PRKAB2;MAP1LC3A;VPS28;TOMM70;PARK7;CHMP2A;HSP90AA1;SQSTM1;HSP90AB1;VCP;ATG3;UBC;ATG12;TOMM22;CHMP7;CHMP2B;MFN2;TOMM40;DYNC1LI2;VDAC1;NBR1;GFAP;RRAGB;LAMTOR2;WDR45;VPS37D;LAMTOR1;PLIN3;PEX5;ATG4C;RNASE1;LAMP2;RB1CC1;ULK1;ATM;WDR45B;MTERF3;PLIN2;LAMTOR3;ATG101;PRKAB1,excitatory_subtypes,Ex_L5_PCP4_NXPH2,c9ALS_vs_sALS,Reactome_2022
prerank,Mitochondrial Translation R-HSA-5368287,0.6606643172702952,2.427094530520986,0.001,0.001,0.001,45/81,14.70%,MRPS33;CHCHD1;MRPL17;TUFM;MRPL55;GFM2;MRPL57;MRPS16;MRPS27;MRPL47;MRPL36;GADD45GIP1;OXA1L;MRPL34;MRPL21;MRPS21;MRPS18A;MRPL51;MRPL9;MTRF1L;MRPS7;MRPL10;MRPS18C;MRPL43;MRPL24;MRPL41;MRPS34;MRPS26;MRPL33;MRPS2;MRPL15;MRPL54;MRPL52;MTFMT;AURKAIP1;MRPL4;MRPL42;MRPS23;MRPL20;MRPL16;TSFM;MRPL49;MRPL11;MRRF;MRPL44,glia_subtypes,Glia_Micro,c9ALS_vs_sALS,Reactome_2022
prerank,Selective Autophagy R-HSA-9663891,0.6691585645826499,2.4024884727385434,0.001,0.001,0.001,27/56,10.07%,HSP90AA1;UBA52;MAP1LC3B;UBB;DYNLL2;TOMM20;MAP1LC3A;DYNLL1;TOMM7;UBC;SQSTM1;VDAC1;RPS27A;PGAM5;PRKAB2;TOMM22;FUNDC1;PARK7;PINK1;UBE2N;HSPA8;TOMM70;MFN2;ULK1;VCP;SRC;HSF1,broad,Excitatory,c9ALS_vs_sALS,Reactome_2022
prerank,Mitochondrial Translation Termination R-HSA-5419276,0.6653567501798882,2.3998134193491123,0.001,0.001,0.001,42/75,14.70%,MRPS33;CHCHD1;MRPL17;MRPL55;GFM2;MRPL57;MRPS16;MRPS27;MRPL47;MRPL36;GADD45GIP1;OXA1L;MRPL34;MRPL21;MRPS21;MRPS18A;MRPL51;MRPL9;MTRF1L;MRPS7;MRPL10;MRPS18C;MRPL43;MRPL24;MRPL41;MRPS34;MRPS26;MRPL33;MRPS2;MRPL15;MRPL54;MRPL52;AURKAIP1;MRPL4;MRPL42;MRPS23;MRPL20;MRPL16;MRPL49;MRPL11;MRRF;MRPL44,glia_subtypes,Glia_Micro,c9ALS_vs_sALS,Reactome_2022
prerank,Macroautophagy R-HSA-1632852,0.6416907727498858,2.3939815258368267,0.001,0.001,0.001,61/105,15.42%,FUNDC1;LAMTOR5;RRAGA;LAMTOR4;ATG4B;ATG4D;CHMP4B;MAP1LC3B;TOMM20;RPS27A;GABARAPL2;WIPI1;PINK1;MLST8;UBA52;TOMM7;WIPI2;RHEB;UBB;BECN1;DYNLL2;DYNLL1;HSF1;HSPA8;GABARAPL1;DYNC1H1;PRKAB2;MAP1LC3A;TOMM70;PARK7;CHMP2A;HSP90AA1;SQSTM1;VCP;ATG3;UBC;ATG12;TOMM22;CHMP7;CHMP2B;MFN2;TOMM40;DYNC1LI2;VDAC1;NBR1;RRAGB;LAMTOR2;WDR45;LAMTOR1;PLIN3;PEX5;ATG4C;RB1CC1;ULK1;ATM;WDR45B;MTERF3;PLIN2;LAMTOR3;ATG101;PRKAB1,excitatory_subtypes,Ex_L5_PCP4_NXPH2,c9ALS_vs_sALS,Reactome_2022
prerank,Mitochondrial Translation Elongation R-HSA-5389840,0.6582679077415241,2.388292834276595,0.001,0.001,0.001,40/75,13.65%,MRPS33;CHCHD1;MRPL17;TUFM;MRPL55;MRPL57;MRPS16;MRPS27;MRPL47;MRPL36;GADD45GIP1;OXA1L;MRPL34;MRPL21;MRPS21;MRPS18A;MRPL51;MRPL9;MRPS7;MRPL10;MRPS18C;MRPL43;MRPL24;MRPL41;MRPS34;MRPS26;MRPL33;MRPS2;MRPL15;MRPL54;MRPL52;AURKAIP1;MRPL4;MRPL42;MRPS23;MRPL20;MRPL16;TSFM;MRPL49;MRPL11,glia_subtypes,Glia_Micro,c9ALS_vs_sALS,Reactome_2022
prerank,Mitochondrial Translation Termination R-HSA-5419276,0.6603125873625705,2.353865712059717,0.001,0.001,0.001,46/73,17.56%,MRPS23;MRPS10;MRPL35;MRPS34;MRPL51;MRPS26;MRPS7;MRPL44;MRPS16;MRPL49;MRPL34;MRPL50;MRPL40;MRPL18;MRPS36;MRPL55;MRPL24;MRPL10;AURKAIP1;ERAL1;MRPS35;MRPL4;MRPS33;MRPS21;MRPL3;MRPL57;MRPL19;MRPL17;MRPL16;CHCHD1;MRPL42;MRPL20;MRPL32;GADD45GIP1;MRPL9;MRPS15;MRPS2;MRPL48;MRPS14;MRPL41;MRPS30;MRPL58;MRPL15;MRRF;MRPL21;MRPL1,excitatory_subtypes,Ex_L6_TLE4_CCBE1,c9ALS_vs_sALS,Reactome_2022
prerank,Mitochondrial Translation Initiation R-HSA-5368286,0.6456161242543349,2.3491654651890346,0.001,0.001,0.001,39/75,13.65%,MRPS33;CHCHD1;MRPL17;MRPL55;MRPL57;MRPS16;MRPS27;MRPL47;MRPL36;GADD45GIP1;OXA1L;MRPL34;MRPL21;MRPS21;MRPS18A;MRPL51;MRPL9;MRPS7;MRPL10;MRPS18C;MRPL43;MRPL24;MRPL41;MRPS34;MRPS26;MRPL33;MRPS2;MRPL15;MRPL54;MRPL52;MTFMT;AURKAIP1;MRPL4;MRPL42;MRPS23;MRPL20;MRPL16;MRPL49;MRPL11,glia_subtypes,Glia_Micro,c9ALS_vs_sALS,Reactome_2022
prerank,Cell Recruitment (Pro-Inflammatory Response) R-HSA-9664424,0.7613165220128618,2.343383721729704,0.001,0.001,0.001,13/24,10.28%,IL1A;IL1B;C3AR1;C3;PYCARD;GSDMD;CASP1;IL18;HMOX1;TXN2;NLRP3;HSP90AB1;NFKB2,broad,Glia,c9ALS_vs_sALS,Reactome_2022
prerank,Mitochondrial Translation Elongation R-HSA-5389840,0.654248061781384,2.32484345442365,0.001,0.001,0.001,46/73,17.56%,MRPS23;MRPS10;MRPL35;MRPS34;MRPL51;MRPS26;MRPS7;MRPL44;MRPS16;MRPL49;MRPL34;MRPL50;MRPL40;MRPL18;MRPS36;MRPL55;TUFM;MRPL24;MRPL10;AURKAIP1;ERAL1;MRPS35;MRPL4;MRPS33;MRPS21;MRPL3;MRPL57;MRPL19;MRPL17;MRPL16;CHCHD1;MRPL42;MRPL20;MRPL32;GADD45GIP1;MRPL9;MRPS15;MRPS2;MRPL48;MRPS14;MRPL41;MRPS30;MRPL58;MRPL15;MRPL21;MRPL1,excitatory_subtypes,Ex_L6_TLE4_CCBE1,c9ALS_vs_sALS,Reactome_2022
prerank,Mitochondrial Translation Initiation R-HSA-5368286,0.6466857510670199,2.303377377556132,0.001,0.001,0.001,46/73,17.56%,MRPS23;MRPS10;MRPL35;MRPS34;MRPL51;MRPS26;MRPS7;MRPL44;MRPS16;MRPL49;MRPL34;MRPL50;MRPL40;MRPL18;MRPS36;MRPL55;MRPL24;MRPL10;AURKAIP1;ERAL1;MRPS35;MRPL4;MRPS33;MRPS21;MRPL3;MRPL57;MRPL19;MRPL17;MRPL16;CHCHD1;MRPL42;MRPL20;MRPL32;GADD45GIP1;MRPL9;MTIF3;MRPS15;MRPS2;MRPL48;MRPS14;MRPL41;MRPS30;MRPL58;MRPL15;MRPL21;MRPL1,excitatory_subtypes,Ex_L6_TLE4_CCBE1,c9ALS_vs_sALS,Reactome_2022
prerank,Mitochondrial Protein Import R-HSA-1268020,0.6672194392259364,2.303128835532652,0.001,0.001,0.001,27/58,10.21%,TIMM17B;CCNI;CHCHD5;ATP5MC1;COX17;TAFAZZIN;TIMM17A;ATP5F1B;PMPCA;DNAJC19;TOMM22;SLC25A12;VDAC1;CHCHD10;TIMM23;CS;SLC25A4;MTX2;CHCHD3;TOMM70;TOMM7;TIMM10;CHCHD2;TOMM20;TIMM22;ATP5F1A;COX19,glia_subtypes,Glia_Micro,c9ALS_vs_sALS,Reactome_2022
prerank,Mitochondrial Protein Import R-HSA-1268020,0.6681618591896399,2.289369046552689,0.001,0.001,0.001,40/58,20.11%,SLC25A6;DNAJC19;SAMM50;ATP5F1A;TOMM20;TIMM8B;IDH3G;TIMM17A;TOMM7;ATP5MC1;COX17;CHCHD10;SLC25A13;TOMM70;CHCHD2;TIMM22;HSPA9;PMPCA;ATP5F1B;TOMM22;SLC25A4;BCS1L;TIMM17B;TIMM13;TOMM40;VDAC1;CHCHD4;TIMM23;HSPD1;COA6;CCNI;LDHD;GRPEL1;PAM16;COX19;GFER;TIMM9;TIMM50;CHCHD7;MTX2,excitatory_subtypes,Ex_L5_PCP4_NXPH2,c9ALS_vs_sALS,Reactome_2022
prerank,Mitochondrial Translation Elongation R-HSA-5389840,0.639384865642406,2.286885704487365,0.001,0.001,0.001,41/75,14.59%,MRPL10;MRPL9;MRPL49;GADD45GIP1;MRPL20;MRPS2;MRPL18;MRPL51;MRPS10;MRPL19;MRPS7;MRPL43;MRPS26;MRPL34;MRPS36;MRPS23;TUFM;MRPL32;MRPS34;MRPS21;MRPL4;MRPL17;MRPL44;MRPL50;MRPL16;AURKAIP1;ERAL1;MRPS33;MRPS15;MRPL36;CHCHD1;MRPS16;MRPL35;MRPL55;MRPL54;MRPL15;MRPL41;MRPL57;OXA1L;MRPS18A;MRPL47,broad,Inhibitory,c9ALS_vs_sALS,Reactome_2022
prerank,Mitochondrial Translation R-HSA-5368287,0.6265923226058262,2.2653066867929574,0.001,0.001,0.001,48/79,17.56%,MRPS23;MRPS10;MRPL35;MRPS34;MRPL51;MRPS26;MRPS7;MRPL44;MRPS16;MRPL49;MRPL34;MRPL50;MRPL40;MRPL18;MRPS36;MRPL55;TUFM;MRPL24;MRPL10;AURKAIP1;ERAL1;MRPS35;MRPL4;MRPS33;MRPS21;MRPL3;MRPL57;MRPL19;MRPL17;MRPL16;CHCHD1;MRPL42;MRPL20;MRPL32;GADD45GIP1;MRPL9;MTIF3;MRPS15;MRPS2;MRPL48;MRPS14;MRPL41;MRPS30;MRPL58;MRPL15;MRRF;MRPL21;MRPL1,excitatory_subtypes,Ex_L6_TLE4_CCBE1,c9ALS_vs_sALS,Reactome_2022
prerank,Mitochondrial Translation Termination R-HSA-5419276,0.6309781170382327,2.259126128290219,0.001,0.001,0.001,41/75,15.56%,MRPL10;MRPL9;MRPL49;GADD45GIP1;MRPL20;MRPS2;MRPL18;MRPL51;MRPS10;MRPL19;MRPS7;MRPL43;MRPS26;MRPL34;MRPS36;MRPS23;MRPL32;MRPS34;MRPS21;MRPL4;MRPL17;MRPL44;MRPL50;MRPL16;AURKAIP1;ERAL1;MRPS33;MRPS15;MRPL36;CHCHD1;MRPS16;MRPL35;MRPL55;MRPL54;MRPL15;MRPL41;MRPL57;OXA1L;MRPS18A;MRPL47;MRPL21,broad,Inhibitory,c9ALS_vs_sALS,Reactome_2022
prerank,Cross-presentation Of Soluble Exogenous Antigens (Endosomes) R-HSA-1236978,0.6982180551836786,2.244138209416488,0.001,0.001,0.001,21/45,8.90%,PSMD10;PSMD4;SEM1;PSMB3;PSMD12;PSMB5;PSMC5;PSMB4;PSMA4;PSMD8;PSMC3;PSMA7;PSMD2;PSMB6;PSMC4;PSMB1;PSMC2;PSMD3;PSMC6;PSME1;PSMD7,excitatory_subtypes,Ex_L5_L6_THEMIS_TMEM233,c9ALS_vs_sALS,Reactome_2022
prerank,Mitochondrial Translation R-HSA-5368287,0.6145315316644885,2.2404395442267853,0.001,0.001,0.001,51/79,21.44%,MRPL33;MRPL58;MRPS35;MRPS33;MRPS11;GFM1;MRPL36;MRPS18B;GADD45GIP1;MRPL32;MTIF3;MRPS30;MRPS25;MRPS18C;MRRF;MRPS10;MRPL40;MRPS16;MRPL21;MRPS22;MRPL24;MRPS18A;MRPL43;MRPL37;CHCHD1;MRPS7;MRPL34;MRPL42;MRPL52;MRPS21;MRPS26;MRPL16;MRPL20;MRPS23;DLGAP3;MRPS31;MRPL57;MRPS15;MTRF1L;MRPL35;MRPL15;MRPS9;MRPL14;MRPL1;MRPL47;MRPL19;MRPL48;MRPL3;MRPS36;MRPL17;TUFM,excitatory_subtypes,Ex_L5_PCP4_NXPH2,c9ALS_vs_Control,Reactome_2022
prerank,Mitochondrial Translation Initiation R-HSA-5368286,0.617206619338376,2.2325784501448305,0.001,0.001,0.001,45/73,19.39%,MRPL33;MRPL58;MRPS35;MRPS33;MRPS11;MRPL36;MRPS18B;GADD45GIP1;MRPL32;MTIF3;MRPS30;MRPS25;MRPS18C;MRPS10;MRPL40;MRPS16;MRPL21;MRPS22;MRPL24;MRPS18A;MRPL43;MRPL37;CHCHD1;MRPS7;MRPL34;MRPL42;MRPL52;MRPS21;MRPS26;MRPL16;MRPL20;MRPS23;DLGAP3;MRPS31;MRPL57;MRPS15;MRPL35;MRPL15;MRPS9;MRPL14;MRPL1;MRPL47;MRPL19;MRPL48;MRPL3,excitatory_subtypes,Ex_L5_PCP4_NXPH2,c9ALS_vs_Control,Reactome_2022
prerank,Mitochondrial Translation Elongation R-HSA-5389840,0.620536181002553,2.230498078445299,0.001,0.001,0.001,48/73,21.44%,MRPL33;MRPL58;MRPS35;MRPS33;MRPS11;GFM1;MRPL36;MRPS18B;GADD45GIP1;MRPL32;MRPS30;MRPS25;MRPS18C;MRPS10;MRPL40;MRPS16;MRPL21;MRPS22;MRPL24;MRPS18A;MRPL43;MRPL37;CHCHD1;MRPS7;MRPL34;MRPL42;MRPL52;MRPS21;MRPS26;MRPL16;MRPL20;MRPS23;DLGAP3;MRPS31;MRPL57;MRPS15;MRPL35;MRPL15;MRPS9;MRPL14;MRPL1;MRPL47;MRPL19;MRPL48;MRPL3;MRPS36;MRPL17;TUFM,excitatory_subtypes,Ex_L5_PCP4_NXPH2,c9ALS_vs_Control,Reactome_2022
prerank,Mitochondrial Protein Import R-HSA-1268020,0.6673261931186106,2.2296185899758445,0.001,0.001,0.001,39/58,19.29%,SLC25A6;TOMM22;IDH3G;ATP5F1B;CHCHD2;CHCHD10;ATP5MC1;TIMM17B;TIMM9;PMPCA;TIMM10;TIMM8B;VDAC1;TOMM7;TOMM20;ATP5F1A;SLC25A4;CCNI;CS;TIMM17A;COA4;BCS1L;TIMM13;TIMM50;COX17;TIMM22;PMPCB;GRPEL1;DNAJC19;HSCB;MTX2;TOMM70;GFER;HSPA9;CHCHD4;CHCHD5;CHCHD7;TIMM44;TOMM40,excitatory_subtypes,Ex_L5_L6_THEMIS_TMEM233,c9ALS_vs_sALS,Reactome_2022
prerank,Mitochondrial Translation Termination R-HSA-5419276,0.615728545373065,2.2272337880852437,0.001,0.001,0.001,46/73,19.39%,MRPL33;MRPL58;MRPS35;MRPS33;MRPS11;MRPL36;MRPS18B;GADD45GIP1;MRPL32;MRPS30;MRPS25;MRPS18C;MRRF;MRPS10;MRPL40;MRPS16;MRPL21;MRPS22;MRPL24;MRPS18A;MRPL43;MRPL37;CHCHD1;MRPS7;MRPL34;MRPL42;MRPL52;MRPS21;MRPS26;MRPL16;MRPL20;MRPS23;DLGAP3;MRPS31;MRPL57;MRPS15;MTRF1L;MRPL35;MRPL15;MRPS9;MRPL14;MRPL1;MRPL47;MRPL19;MRPL48;MRPL3,excitatory_subtypes,Ex_L5_PCP4_NXPH2,c9ALS_vs_Control,Reactome_2022
prerank,Mitochondrial Translation Initiation R-HSA-5368286,0.6266003790936812,2.2245861457256915,0.001,0.001,0.001,40/75,14.59%,MRPL10;MRPL9;MRPL49;GADD45GIP1;MRPL20;MRPS2;MRPL18;MRPL51;MRPS10;MRPL19;MRPS7;MRPL43;MRPS26;MRPL34;MRPS36;MRPS23;MRPL32;MRPS34;MRPS21;MRPL4;MRPL17;MRPL44;MRPL50;MRPL16;AURKAIP1;ERAL1;MRPS33;MRPS15;MRPL36;CHCHD1;MRPS16;MRPL35;MRPL55;MRPL54;MRPL15;MRPL41;MRPL57;OXA1L;MRPS18A;MRPL47,broad,Inhibitory,c9ALS_vs_sALS,Reactome_2022
prerank,Mitochondrial Translation R-HSA-5368287,0.6125212653962552,2.2128328524816805,0.001,0.001,0.001,41/81,14.59%,MRPL10;MRPL9;MRPL49;GADD45GIP1;MRPL20;MRPS2;MRPL18;MRPL51;MRPS10;MRPL19;MRPS7;MRPL43;MRPS26;MRPL34;MRPS36;MRPS23;TUFM;MRPL32;MRPS34;MRPS21;MRPL4;MRPL17;MRPL44;MRPL50;MRPL16;AURKAIP1;ERAL1;MRPS33;MRPS15;MRPL36;CHCHD1;MRPS16;MRPL35;MRPL55;MRPL54;MRPL15;MRPL41;MRPL57;OXA1L;MRPS18A;MRPL47,broad,Inhibitory,c9ALS_vs_sALS,Reactome_2022
prerank,Selective Autophagy R-HSA-9663891,0.6558510134028128,2.2102140320289205,0.001,0.001,0.001,37/54,17.61%,FUNDC1;MAP1LC3B;TOMM20;RPS27A;PINK1;UBA52;TOMM7;UBB;DYNLL2;DYNLL1;HSF1;HSPA8;DYNC1H1;PRKAB2;MAP1LC3A;TOMM70;PARK7;HSP90AA1;SQSTM1;VCP;UBC;ATG12;TOMM22;MFN2;TOMM40;DYNC1LI2;VDAC1;NBR1;PLIN3;PEX5;ULK1;ATM;MTERF3;PLIN2;PRKAB1;DYNC1I2;UBE2N,excitatory_subtypes,Ex_L5_PCP4_NXPH2,c9ALS_vs_sALS,Reactome_2022
prerank,Cross-presentation Of Soluble Exogenous Antigens (Endosomes) R-HSA-1236978,0.6321553859254304,2.1843188572789476,0.001,0.001,0.003,25/46,15.72%,PSMA4;PSMC5;PSMB4;PSMD3;PSMC3;PSMD4;PSMD8;PSMA7;PSME1;PSMB5;PSMB3;PSMD12;PSMB6;PSMD10;PSMD2;PSMD7;PSMC4;PSMC6;PSME3;PSMD6;PSMC1;SEM1;PSMC2;PSMB1;PSMB2,broad,Excitatory,c9ALS_vs_sALS,Reactome_2022
prerank,Mitochondrial Translation Elongation R-HSA-5389840,0.5878539939414077,2.1585132634044166,0.001,0.001,0.001,41/74,18.32%,MRPL51;MRPL20;MRPL47;GADD45GIP1;MRPS18C;MRPS23;MRPL52;MRPL21;MRPL14;MRPS16;MRPL17;MRPL35;MRPS7;MRPS21;MRPS11;MRPS35;MRPL11;MRPL19;MRPL55;CHCHD1;MRPS33;MRPL33;MRPL49;MRPL57;MRPL36;MRPS27;MRPS10;GFM1;MRPL45;MRPL40;MRPS25;MRPS26;MRPL16;MRPS30;MRPL48;MRPL58;MRPS15;MRPS34;MRPS36;MRPL42;AURKAIP1,broad,Glia,c9ALS_vs_Control,Reactome_2022
prerank,Mitochondrial Translation Initiation R-HSA-5368286,0.614782019179851,2.1582287635271595,0.001,0.001,0.001,48/74,25.63%,MRPS18C;MRPL19;MRPL33;MRPL51;MRPS23;MRPS7;CHCHD1;MRPS16;MRPS22;MRPS36;MRPL20;MRPS10;MRPL57;MRPS35;MRPS30;MRPL21;MRPL14;MRPL35;MRPL36;MRPL42;MRPL47;MRPL40;MRPS15;MRPL49;MRPL16;MRPL3;MRPS11;MRPS33;MRPS18B;MTIF3;MTIF2;MRPL13;MRPS21;MRPS26;MRPL50;MRPL34;MRPS31;MRPL15;MRPL39;MRPS14;MRPS9;MRPL52;MRPL24;MRPS25;MRPL17;MRPL1;MRPL32;MRPL58,broad,Excitatory,c9ALS_vs_Control,Reactome_2022
prerank,Mitochondrial Protein Import R-HSA-1268020,0.633083148030414,2.1547024952536016,0.001,0.001,0.001,30/59,12.12%,CCNI;TOMM7;SLC25A6;GRPEL2;CHCHD10;TOMM22;COX17;TOMM20;CHCHD7;TIMM17B;SLC25A4;VDAC1;ATP5F1B;TIMM17A;GRPEL1;TIMM13;COA4;CHCHD2;TIMM8B;GFER;IDH3G;ATP5F1A;TOMM40;TIMM8A;TIMM10;PMPCA;ATP5MC1;HSPA9;TIMM50;CS,broad,Inhibitory,c9ALS_vs_sALS,Reactome_2022
prerank,Late Endosomal Microautophagy R-HSA-9615710,0.6875482961974015,2.154417067697386,0.001,0.001,0.005,13/30,8.03%,UBA52;VPS28;UBB;VPS37D;UBC;CHMP2A;RPS27A;CHMP4B;CHMP6;PARK7;HSPA8;CHMP7;CHMP2B,broad,Excitatory,c9ALS_vs_sALS,Reactome_2022
prerank,Mitochondrial Translation R-HSA-5368287,0.6096210279757368,2.153835122143652,0.001,0.001,0.001,50/80,25.63%,MRPS18C;MRPL19;MRPL33;MRPL51;MRPS23;MRPS7;CHCHD1;MRPS16;MRPS22;MRPS36;MRPL20;MRPS10;MRPL57;MRPS35;MRPS30;MRPL21;MRPL14;MRPL35;MRPL36;MRPL42;MRPL47;GFM1;MRPL40;MRPS15;MRPL49;MRPL16;MRPL3;MRPS11;MRPS33;MRPS18B;MTIF3;MTIF2;MRPL13;MRPS21;MRPS26;MRPL50;MTRF1L;MRPL34;MRPS31;MRPL15;MRPL39;MRPS14;MRPS9;MRPL52;MRPL24;MRPS25;MRPL17;MRPL1;MRPL32;MRPL58,broad,Excitatory,c9ALS_vs_Control,Reactome_2022
prerank,Mitochondrial Translation Termination R-HSA-5419276,0.586536947983993,2.143610586046762,0.001,0.001,0.001,42/74,18.32%,MRPL51;MRPL20;MTRF1L;MRPL47;GADD45GIP1;MRPS18C;MRPS23;MRPL52;MRPL21;MRPL14;MRPS16;MRPL17;MRPL35;MRPS7;MRPS21;MRPS11;MRPS35;MRPL11;MRPL19;MRPL55;CHCHD1;MRPS33;MRPL33;MRPL49;MRPL57;MRPL36;MRPS27;MRPS10;MRPL45;MRPL40;MRRF;MRPS25;MRPS26;MRPL16;MRPS30;MRPL48;MRPL58;MRPS15;MRPS34;MRPS36;MRPL42;AURKAIP1,broad,Glia,c9ALS_vs_Control,Reactome_2022
prerank,Mitochondrial Translation Initiation R-HSA-5368286,0.5809058349312155,2.1416803266007323,0.001,0.001,0.001,40/74,18.32%,MRPL51;MRPL20;MRPL47;GADD45GIP1;MRPS18C;MRPS23;MRPL52;MRPL21;MRPL14;MRPS16;MRPL17;MRPL35;MRPS7;MRPS21;MRPS11;MRPS35;MRPL11;MRPL19;MRPL55;CHCHD1;MRPS33;MRPL33;MRPL49;MRPL57;MRPL36;MRPS27;MRPS10;MRPL45;MRPL40;MRPS25;MRPS26;MRPL16;MRPS30;MRPL48;MRPL58;MRPS15;MRPS34;MRPS36;MRPL42;AURKAIP1,broad,Glia,c9ALS_vs_Control,Reactome_2022
prerank,Mitochondrial Translation Elongation R-HSA-5389840,0.6105422051113002,2.1377504990008327,0.001,0.001,0.002,47/74,25.63%,MRPS18C;MRPL19;MRPL33;MRPL51;MRPS23;MRPS7;CHCHD1;MRPS16;MRPS22;MRPS36;MRPL20;MRPS10;MRPL57;MRPS35;MRPS30;MRPL21;MRPL14;MRPL35;MRPL36;MRPL42;MRPL47;GFM1;MRPL40;MRPS15;MRPL49;MRPL16;MRPL3;MRPS11;MRPS33;MRPS18B;MRPL13;MRPS21;MRPS26;MRPL50;MRPL34;MRPS31;MRPL15;MRPL39;MRPS14;MRPS9;MRPL52;MRPL24;MRPS25;MRPL17;MRPL1;MRPL32;MRPL58,broad,Excitatory,c9ALS_vs_Control,Reactome_2022
prerank,trans-Golgi Network Vesicle Budding R-HSA-199992,0.6189030047501576,2.13530511166291,0.001,0.001,0.001,38/65,19.31%,AP1S2;AP1B1;STX4;PTGES2;CLTB;AP1S1;HSPA8;BLOC1S4;CLTA;FTH1;M6PR;TPD52L1;AP4B1;CHMP2A;SORT1;CLINT1;CLTC;FTL;CTSZ;SNAPIN;TGOLN2;HOMER2;AP3B1;AP3S1;APP;TFRC;DNASE2;HIP1R;AP1G1;ACBD3;AP4M1;YIPF6;PUM1;DNAJC6;GAK;OCRL;PICALM;CLVS2,excitatory_subtypes,Ex_L5_PCP4_NXPH2,c9ALS_vs_sALS,Reactome_2022
prerank,Mitochondrial Translation R-HSA-5368287,0.5783388626631502,2.134886308069976,0.001,0.001,0.002,43/80,18.32%,MRPL51;MRPL20;MTRF1L;MRPL47;GADD45GIP1;MRPS18C;MRPS23;MRPL52;MRPL21;MRPL14;MRPS16;MRPL17;MRPL35;MRPS7;MRPS21;MRPS11;MRPS35;MRPL11;MRPL19;MRPL55;CHCHD1;MRPS33;MRPL33;MRPL49;MRPL57;MRPL36;MRPS27;MRPS10;GFM1;MRPL45;MRPL40;MRRF;MRPS25;MRPS26;MRPL16;MRPS30;MRPL48;MRPL58;MRPS15;MRPS34;MRPS36;MRPL42;AURKAIP1,broad,Glia,c9ALS_vs_Control,Reactome_2022
prerank,Interferon Gamma Signaling R-HSA-877300,0.5371707606473369,2.1316906886324403,0.001,0.001,0.004,34/84,12.28%,HLA-DRB5;IRF5;SP100;HLA-A;FCGR1A;HLA-DPA1;HLA-DRA;IRF7;TRIM38;IRF8;MT2A;PTPN6;HLA-B;OASL;PRKCD;HLA-DRB1;HLA-E;HLA-C;CIITA;TRIM45;OAS1;B2M;OAS2;PTAFR;ICAM1;TRIM14;HLA-DQA1;HLA-F;PML;GBP5;TRIM22;GBP4;TRIM25;PTPN2,broad,Glia,c9ALS_vs_sALS,Reactome_2022
prerank,Mitochondrial Translation Termination R-HSA-5419276,0.6090498232593123,2.1279792035666527,0.001,0.001,0.002,47/74,25.63%,MRPS18C;MRPL19;MRPL33;MRPL51;MRPS23;MRPS7;CHCHD1;MRPS16;MRPS22;MRPS36;MRPL20;MRPS10;MRPL57;MRPS35;MRPS30;MRPL21;MRPL14;MRPL35;MRPL36;MRPL42;MRPL47;MRPL40;MRPS15;MRPL49;MRPL16;MRPL3;MRPS11;MRPS33;MRPS18B;MRPL13;MRPS21;MRPS26;MRPL50;MTRF1L;MRPL34;MRPS31;MRPL15;MRPL39;MRPS14;MRPS9;MRPL52;MRPL24;MRPS25;MRPL17;MRPL1;MRPL32;MRPL58,broad,Excitatory,c9ALS_vs_Control,Reactome_2022
prerank,Chaperone Mediated Autophagy R-HSA-9613829,0.7500948799282716,2.127376735495145,0.001,0.001,0.006,9/19,4.90%,HSP90AA1;UBA52;HSP90AB1;UBB;UBC;EEF1A1;RPS27A;PARK7;HSPA8,broad,Excitatory,c9ALS_vs_sALS,Reactome_2022
prerank,Cross-presentation Of Soluble Exogenous Antigens (Endosomes) R-HSA-1236978,0.6609516834888516,2.124824758300977,0.001,0.001,0.001,31/42,25.82%,PSMD2;PSMD12;PSMD7;PSME3;PSMB5;PSMB6;PSMC4;PSMA7;PSMA4;PSMD11;PSMC6;PSMC3;PSMB3;PSMD3;PSMC5;PSMB2;PSMD10;PSMC1;PSMD8;PSMD6;PSMA3;PSME2;PSMD13;PSME1;PSME4;PSMA5;PSMB4;SEM1;PSMB1;PSMA8;PSMD4,excitatory_subtypes,Ex_L5_PCP4_NXPH2,c9ALS_vs_sALS,Reactome_2022
prerank,Response Of Mtb To Phagocytosis R-HSA-9637690,0.7368564881084112,2.12356231292334,0.001,0.001,0.006,12/20,14.31%,UBA52;ENO1;UBB;PGK1;UBC;MAPK3;RPS27A;KPNB1;MAPK1;HGS;NANOS2;CORO1A,broad,Excitatory,c9ALS_vs_sALS,Reactome_2022
prerank,Mitochondrial Protein Import R-HSA-1268020,0.6176844613145143,2.1021211901786394,0.001,0.001,0.005,32/58,14.48%,ATP5F1B;VDAC1;SLC25A6;TOMM20;GRPEL2;TIMM50;CHCHD10;SLC25A4;PMPCA;ATP5MC1;COX17;TIMM10;TOMM7;IDH3G;ATP5F1A;CHCHD2;HSPA9;TOMM70;TOMM22;CCNI;TIMM17A;CHCHD5;BCS1L;TIMM8A;DNAJC19;GFER;COA4;TOMM40;TIMM17B;COA6;HSPD1;TIMM44,excitatory_subtypes,Ex_L6_TLE4_CCBE1,c9ALS_vs_sALS,Reactome_2022
prerank,Golgi Associated Vesicle Biogenesis R-HSA-432722,0.6403323011309412,2.0910101042712776,0.001,0.001,0.006,28/49,18.57%,AP1S2;AP1B1;AP1S1;HSPA8;BLOC1S4;CLTA;FTH1;TPD52L1;AP4B1;SORT1;CLINT1;CLTC;FTL;SNAPIN;TGOLN2;HOMER2;AP3B1;AP3S1;TFRC;HIP1R;AP1G1;ACBD3;YIPF6;PUM1;DNAJC6;GAK;OCRL;PICALM,excitatory_subtypes,Ex_L5_PCP4_NXPH2,c9ALS_vs_sALS,Reactome_2022
prerank,Mitochondrial Translation Termination R-HSA-5419276,0.5806943304532882,2.0759671866135045,0.001,0.001,0.006,42/73,21.04%,MRPL40;MRPS18A;CHCHD1;MRPL9;MRPS33;MRPL41;MRPL47;MRPL42;MRPL44;MRPL1;MRPL51;MRPS2;MRPS14;MRPS34;MRPL10;MRPL49;MRPS18C;MRPS21;MRPL34;MRPL24;MRPL55;MRPL21;MRPS16;MRPL15;MRPS10;AURKAIP1;GADD45GIP1;MRPL35;MRPL19;MRPL13;MRPL20;MRPL11;ERAL1;MRPL57;MRRF;MRPS26;MRPL23;MRPL17;MRPL32;MRPS30;MTRF1L;MRPL4,excitatory_subtypes,Ex_L6_TLE4_MEGF11,c9ALS_vs_sALS,Reactome_2022
prerank,Selective Autophagy R-HSA-9663891,0.6093825785989175,2.0499764924682142,0.001,0.001,0.005,23/55,9.89%,HSP90AA1;UBA52;SQSTM1;MAP1LC3A;MAP1LC3B;DYNLL1;DYNLL2;TOMM7;RPS27A;UBC;PARK7;TOMM22;UBB;FUNDC1;TOMM20;PGAM5;VDAC1;HSPA8;SRC;PINK1;TOMM40;NBR1;MFN2,broad,Inhibitory,c9ALS_vs_sALS,Reactome_2022
prerank,Cross-presentation Of Soluble Exogenous Antigens (Endosomes) R-HSA-1236978,0.6120398300920126,2.0355544176077287,0.001,0.001,0.01,21/43,11.95%,PSMB5;PSMC5;PSMB6;PSMB4;PSMD14;PSMD2;PSMD4;PSMB8;PSMC4;PSMA7;PSMC3;PSMB2;PSMA4;PSMB3;PSMD8;PSMD7;PSME1;PSMC1;PSMA5;PSMB1;PSMD3,glia_subtypes,Glia_Micro,c9ALS_vs_sALS,Reactome_2022
prerank,Mitochondrial Protein Import R-HSA-1268020,0.5875129478411951,2.034721120717157,0.001,0.001,0.013,23/58,10.98%,SLC25A6;ATP5F1B;TOMM20;TOMM7;CHCHD2;TIMM17A;TIMM17B;IDH3G;CHCHD7;CS;GRPEL1;ATP5MC1;SLC25A4;CCNI;VDAC1;TIMM10;CHCHD10;TOMM22;PMPCB;ATP5F1A;CHCHD4;COX17;TIMM44,excitatory_subtypes,Ex_L6_TLE4_MEGF11,c9ALS_vs_sALS,Reactome_2022
prerank,Interferon Alpha/Beta Signaling R-HSA-909733,0.5485317416687225,2.0339632481884307,0.001,0.001,0.034,27/59,12.50%,IRF5;ISG15;HLA-A;BST2;IRF7;IFITM3;MX1;IRF8;PSMB8;PTPN6;HLA-B;OASL;XAF1;MX2;HLA-E;HLA-C;OAS1;USP18;OAS2;IFITM2;IFI6;TYK2;IFNAR2;HLA-F;IFNA2;IFIT5;IFIT1,broad,Glia,c9ALS_vs_sALS,Reactome_2022
prerank,Mitochondrial Translation Initiation R-HSA-5368286,0.5651371580148192,2.0281126965429976,0.001,0.001,0.014,41/73,21.04%,MRPL40;MRPS18A;CHCHD1;MRPL9;MRPS33;MRPL41;MRPL47;MRPL42;MRPL44;MRPL1;MRPL51;MRPS2;MRPS14;MRPS34;MTIF3;MRPL10;MRPL49;MRPS18C;MRPS21;MRPL34;MRPL24;MRPL55;MRPL21;MRPS16;MRPL15;MRPS10;AURKAIP1;GADD45GIP1;MRPL35;MRPL19;MRPL13;MRPL20;MRPL11;ERAL1;MRPL57;MRPS26;MRPL23;MRPL17;MRPL32;MRPS30;MRPL4,excitatory_subtypes,Ex_L6_TLE4_MEGF11,c9ALS_vs_sALS,Reactome_2022
prerank,Mitochondrial Translation Elongation R-HSA-5389840,0.5685189420951027,2.025951463350482,0.001,0.001,0.014,41/73,21.04%,MRPL40;MRPS18A;CHCHD1;MRPL9;TUFM;MRPS33;MRPL41;MRPL47;MRPL42;MRPL44;MRPL1;MRPL51;MRPS2;MRPS14;MRPS34;MRPL10;MRPL49;MRPS18C;MRPS21;MRPL34;MRPL24;MRPL55;MRPL21;MRPS16;MRPL15;MRPS10;AURKAIP1;GADD45GIP1;MRPL35;MRPL19;MRPL13;MRPL20;MRPL11;ERAL1;MRPL57;MRPS26;MRPL23;MRPL17;MRPL32;MRPS30;MRPL4,excitatory_subtypes,Ex_L6_TLE4_MEGF11,c9ALS_vs_sALS,Reactome_2022
prerank,Autophagy R-HSA-9612973,0.5215978602037451,2.014781291044454,0.001,0.001,0.022,46/122,11.07%,HSP90AB1;TOMM22;HSP90AA1;UBA52;MAP1LC3A;VPS28;RRAGA;UBC;VPS37D;GABARAPL1;LAMTOR5;MAP1LC3B;DYNLL2;UBB;DYNLL1;WIPI2;RHEB;VDAC1;TOMM7;LAMTOR1;CHMP4B;TOMM20;SQSTM1;GABARAPL2;CHMP2A;HSPA8;RPS27A;PRKAB2;LAMTOR4;MFN2;PGAM5;LAMTOR3;EEF1A1;ATG101;CHMP6;RRAGC;PARK7;ATG3;GFAP;UBE2N;PINK1;LAMTOR2;ATG13;MLST8;CHMP2B;WDR45,excitatory_subtypes,Ex_L5_L6_THEMIS_TMEM233,c9ALS_vs_sALS,Reactome_2022
prerank,Mitochondrial Translation R-HSA-5368287,0.5490606909190332,1.987740393221576,0.001,0.001,0.041,44/79,21.04%,MRPL40;MRPS18A;CHCHD1;MRPL9;TUFM;MRPS33;MRPL41;MRPL47;MRPL42;MRPL44;MRPL1;MRPL51;MRPS2;MRPS14;MRPS34;MTIF3;MRPL10;MRPL49;MRPS18C;MRPS21;MRPL34;MRPL24;MRPL55;MRPL21;MRPS16;MRPL15;MRPS10;AURKAIP1;GADD45GIP1;MRPL35;MRPL19;MRPL13;MRPL20;MRPL11;ERAL1;MRPL57;MRRF;MRPS26;MRPL23;MRPL17;MRPL32;MRPS30;MTRF1L;MRPL4,excitatory_subtypes,Ex_L6_TLE4_MEGF11,c9ALS_vs_sALS,Reactome_2022
prerank,Macroautophagy R-HSA-1632852,0.5165597864041775,1.958353611544885,0.001,0.001,0.061,41/108,11.07%,TOMM22;HSP90AA1;UBA52;MAP1LC3A;RRAGA;UBC;GABARAPL1;LAMTOR5;MAP1LC3B;DYNLL2;UBB;DYNLL1;WIPI2;RHEB;VDAC1;TOMM7;LAMTOR1;CHMP4B;TOMM20;SQSTM1;GABARAPL2;CHMP2A;HSPA8;RPS27A;PRKAB2;LAMTOR4;MFN2;PGAM5;LAMTOR3;ATG101;CHMP6;RRAGC;PARK7;ATG3;UBE2N;PINK1;LAMTOR2;ATG13;MLST8;CHMP2B;WDR45,excitatory_subtypes,Ex_L5_L6_THEMIS_TMEM233,c9ALS_vs_sALS,Reactome_2022
prerank,Mitochondrial Translation R-HSA-5368287,0.5801292834280192,1.9574806262799629,0.001,0.001,0.022,49/80,22.83%,MRPS7;MRPS18C;MRPS36;MRPL51;MRPS22;MRPL19;MRPS33;CHCHD1;MRPL33;MRPS10;MRPL21;MRPS35;MRPL36;MRPL40;MRPS21;MRPL50;MRPS16;MRPS23;GFM1;MRPL18;MRPL14;MTIF2;MRPL35;MRPL58;MRPL57;MRPL24;MRPL15;MRPS31;MRPS15;MRPL16;MRPS18B;MRPS11;MRPL42;MRPS26;MRPL48;MTRF1L;MRPL52;MRPS30;MRPL34;MRRF;MRPL43;TSFM;MRPS14;MRPL37;MTIF3;MRPS25;ERAL1;MRPL49;MRPS9,excitatory_subtypes,Ex_L5_L6_THEMIS_TMEM233,c9ALS_vs_Control,Reactome_2022
prerank,MyD88 Dependent Cascade Initiated On Endosome R-HSA-975155,0.4876693873667471,1.9520115425799764,0.001,0.001,0.117,34/97,13.84%,UBA52;SKP1;UBB;UBC;NDUFA2;LRRC14;MAPK3;PPP2R1A;PELI3;RPS27A;MAPK7;PPP2CB;MAPK11;DUSP3;NKIRAS1;DUSP7;UBE2N;TMED7-TICAM2;IKBKG;JUN;NFKBIA;PPP2R5D;MAP2K3;ECSIT;TICAM1;APP;MAPK1;CREB1;TIFA;AGER;HMGB1;RELA;IRF7;USP18,broad,Excitatory,c9ALS_vs_sALS,Reactome_2022
prerank,Macroautophagy R-HSA-1632852,0.5196913108345301,1.9458125479478237,0.001,0.001,0.057,39/108,9.89%,HSP90AA1;UBA52;SQSTM1;MAP1LC3A;MAP1LC3B;RRAGA;DYNLL1;DYNLL2;TOMM7;RPS27A;UBC;GABARAPL2;LAMTOR4;MLST8;LAMTOR2;PARK7;RRAGC;TOMM22;UBB;FUNDC1;TOMM20;PGAM5;CHMP2A;VDAC1;LAMTOR1;LAMTOR5;HSPA8;SRC;ATG4D;LAMTOR3;GABARAPL1;RHEB;CHMP7;PINK1;CHMP6;WIPI2;TOMM40;NBR1;MFN2,broad,Inhibitory,c9ALS_vs_sALS,Reactome_2022
prerank,Selective Autophagy R-HSA-9663891,0.567600275525297,1.9428089932059645,0.001,0.001,0.076,21/55,9.13%,TOMM22;HSP90AA1;UBA52;MAP1LC3A;UBC;MAP1LC3B;DYNLL2;UBB;DYNLL1;VDAC1;TOMM7;TOMM20;SQSTM1;HSPA8;RPS27A;PRKAB2;MFN2;PGAM5;PARK7;UBE2N;PINK1,excitatory_subtypes,Ex_L5_L6_THEMIS_TMEM233,c9ALS_vs_sALS,Reactome_2022
prerank,Response Of Mtb To Phagocytosis R-HSA-9637690,0.6986486260100518,1.9347621559246349,0.001937984496124,0.001,0.081,9/20,11.00%,UBA52;PGK1;UBC;ENO1;UBB;MAPK3;RPS27A;MAPK1;HGS,excitatory_subtypes,Ex_L5_L6_THEMIS_TMEM233,c9ALS_vs_sALS,Reactome_2022
prerank,Late Endosomal Microautophagy R-HSA-9615710,0.6507372833177628,1.934380290240023,0.001,0.001,0.052,15/29,14.70%,CHMP4B;RPS27A;UBA52;UBB;HSPA8;VPS28;PARK7;CHMP2A;UBC;CHMP7;CHMP2B;VPS37D;PLIN3;RNASE1;PLIN2,excitatory_subtypes,Ex_L5_PCP4_NXPH2,c9ALS_vs_sALS,Reactome_2022
prerank,Chaperone Mediated Autophagy R-HSA-9613829,0.7111644692469209,1.926543602410149,0.001,0.001,0.063,14/19,14.70%,RPS27A;UBA52;UBB;HSPA8;EEF1A1;PARK7;HSP90AA1;HSP90AB1;UBC;GFAP;PLIN3;RNASE1;LAMP2;PLIN2,excitatory_subtypes,Ex_L5_PCP4_NXPH2,c9ALS_vs_sALS,Reactome_2022
prerank,Cross-presentation Of Soluble Exogenous Antigens (Endosomes) R-HSA-1236978,-0.5947846090404115,-1.9677797177004015,0.001,0.001,0.055,24/41,25.18%,PSME3;PSMD2;PSMD12;PSME2;PSMB5;PSMD11;MRC2;PSMB2;PSME1;PSMD3;PSMD10;PSMD7;PSMB6;PSMD13;PSMC6;PSME4;PSMD8;PSMB3;PSMA1;PSMC4;PSMC5;PSMB4;PSMA7;PSMA4,excitatory_subtypes,Ex_L5_PCP4_NXPH2,sALS_vs_Control,Reactome_2022
prerank,Cross-presentation Of Soluble Exogenous Antigens (Endosomes) R-HSA-1236978,-0.634597739631036,-2.0520286827676704,0.001,0.001,0.008,25/43,12.89%,PSMD3;PSME1;PSME2;PSMB2;SEM1;PSMC5;PSMB5;PSMA7;PSMC2;PSMD13;FCGR1A;PSMC1;PSMB4;PSMB6;PSMA4;PSMD11;PSMC4;PSMD2;PSMC3;PSMB7;PSMC6;PSMB8;PSMD12;PSMD4;PSMD14,glia_subtypes,Glia_Micro,sALS_vs_Control,Reactome_2022
prerank,trans-Golgi Network Vesicle Budding R-HSA-199992,-0.5840440927084648,-2.084249481722867,0.001,0.001,0.008,31/64,15.36%,AP1G2;PTGES2;AP1B1;AP3B1;HGS;SORT1;TBC1D8B;CLTB;AP3S1;TFRC;BLOC1S4;SNAP23;CLTA;AP1S2;CHMP2A;HOMER2;SNX5;HIP1R;HSPA8;CTSZ;FTH1;SNAPIN;ACBD3;CLTC;OCRL;AP1S3;AP4S1;APP;DNM2;TPD52L1;TGOLN2,excitatory_subtypes,Ex_L5_PCP4_NXPH2,sALS_vs_Control,Reactome_2022
prerank,MyD88 Dependent Cascade Initiated On Endosome R-HSA-975155,-0.552378072980873,-2.1013343519298053,0.001,0.001,0.007,49/96,18.54%,IKBKG;MAPK11;MAPK3;PPP2R1A;LRRC14;PELI3;TICAM1;UBC;UBA52;AGER;DUSP7;MAPK7;DUSP3;PPP2CB;UBB;MAP2K3;MAP2K7;PPP2R5D;SKP1;DUSP6;HMGB1;TMED7-TICAM2;UBE2N;ALPK1;NKIRAS2;MAPKAPK2;APP;RELA;MAPKAPK3;JUN;FOS;NFKBIA;NDUFA2;MYD88;MAPK1;TIFA;TNIP2;TP53;PPP2R1B;ECSIT;NFKBIB;IRAK1;IRF7;MAP3K1;DUSP4;MAP2K4;USP18;RPS27A;LY96,broad,Excitatory,sALS_vs_Control,Reactome_2022
prerank,Interferon Gamma Signaling R-HSA-877300,-0.5477299003184518,-2.1692892818353644,0.001,0.001,0.003,31/84,8.24%,PTPN6;IRF7;IRF9;FCGR1A;SP100;HLA-DRA;IRF5;HLA-B;HLA-DRB1;HLA-A;ICAM1;HLA-E;HLA-DPA1;SOCS1;HLA-C;TRIM26;HLA-DQA1;OAS1;HLA-DQA2;HLA-DRB5;PRKCD;TRIM38;OAS2;TRIM8;IRF8;TRIM45;HLA-F;TRIM14;CIITA;OASL;TRIM25,broad,Glia,sALS_vs_Control,Reactome_2022
prerank,Selective Autophagy R-HSA-9663891,-0.6327264546963766,-2.171498555241849,0.001,0.001,0.001,33/55,19.37%,MAP1LC3B;FUNDC1;DYNLL2;MFN2;TOMM22;MAP1LC3A;HSF1;SQSTM1;USP30;PRKAB2;UBB;TOMM40;UBC;TOMM20;DYNC1H1;HSPA8;MTERF3;VCP;TOMM7;PINK1;UBA52;PRKAA2;VDAC1;DYNLL1;PEX5;PLIN3;DYNC1LI2;PGAM5;ULK1;ATM;ATG12;PARK7;NBR1,excitatory_subtypes,Ex_L5_PCP4_NXPH2,sALS_vs_Control,Reactome_2022
prerank,Cell Recruitment (Pro-Inflammatory Response) R-HSA-9664424,-0.7293979362038212,-2.236758651528868,0.001,0.001,0.001,15/24,12.02%,HMOX1;CASP1;C3AR1;IL1B;IL1A;C3;PYCARD;NFKB2;GSDMD;PSTPIP1;TXN2;TXNIP;HSP90AB1;NT5E;SUGT1,broad,Glia,sALS_vs_Control,Reactome_2022
prerank,Macroautophagy R-HSA-1632852,-0.5950371754383362,-2.264062241810786,0.001,0.001,0.001,57/106,19.37%,LAMTOR5;MAP1LC3B;ATG4D;FUNDC1;MLST8;CHMP4B;DYNLL2;MFN2;ATG4B;TOMM22;WIPI1;MAP1LC3A;RHEB;WIPI2;LAMTOR2;GABARAPL1;WDR45;HSF1;RB1CC1;WDR45B;SQSTM1;USP30;CHMP2B;LAMTOR1;RRAGA;PRKAB2;BECN1;GABARAPL2;UBB;TOMM40;UBC;TOMM20;CHMP2A;DYNC1H1;HSPA8;MTERF3;VCP;TOMM7;LAMTOR3;PINK1;UBA52;CHMP7;PRKAA2;VDAC1;DYNLL1;PEX5;PLIN3;PRKAA1;DYNC1LI2;PGAM5;ULK1;ATG16L1;ATG4C;ATM;ATG12;PARK7;NBR1,excitatory_subtypes,Ex_L5_PCP4_NXPH2,sALS_vs_Control,Reactome_2022
prerank,Autophagy R-HSA-9612973,-0.5839677037159879,-2.270491230789114,0.001,0.001,0.001,63/120,19.37%,LAMTOR5;MAP1LC3B;ATG4D;FUNDC1;MLST8;CHMP4B;DYNLL2;MFN2;ATG4B;TOMM22;WIPI1;MAP1LC3A;RHEB;WIPI2;LAMTOR2;GABARAPL1;WDR45;HSF1;RB1CC1;WDR45B;SQSTM1;USP30;CHMP2B;LAMTOR1;RRAGA;PRKAB2;BECN1;GABARAPL2;UBB;TOMM40;GFAP;UBC;TOMM20;CHMP2A;DYNC1H1;HSPA8;MTERF3;VCP;TOMM7;LAMTOR3;PINK1;UBA52;MVB12A;CHMP7;VPS28;PRKAA2;VDAC1;DYNLL1;PEX5;PLIN3;PRKAA1;DYNC1LI2;VPS37D;PGAM5;ULK1;ATG16L1;ATG4C;EEF1A1;HSP90AB1;ATM;ATG12;PARK7;NBR1,excitatory_subtypes,Ex_L5_PCP4_NXPH2,sALS_vs_Control,Reactome_2022
prerank,Mitochondrial Translation Initiation R-HSA-5368286,0.5811603009605986,1.9274755555676704,0.001,0.0010126609567999,0.045,45/74,22.83%,MRPS7;MRPS18C;MRPS36;MRPL51;MRPS22;MRPL19;MRPS33;CHCHD1;MRPL33;MRPS10;MRPL21;MRPS35;MRPL36;MRPL40;MRPS21;MRPL50;MRPS16;MRPS23;MRPL18;MRPL14;MTIF2;MRPL35;MRPL58;MRPL57;MRPL24;MRPL15;MRPS31;MRPS15;MRPL16;MRPS18B;MRPS11;MRPL42;MRPS26;MRPL48;MRPL52;MRPS30;MRPL34;MRPL43;MRPS14;MRPL37;MTIF3;MRPS25;ERAL1;MRPL49;MRPS9,excitatory_subtypes,Ex_L5_L6_THEMIS_TMEM233,c9ALS_vs_Control,Reactome_2022
prerank,Mitochondrial Translation Termination R-HSA-5419276,0.5789243153725739,1.9257395760160536,0.001,0.0010198633818127,0.047,45/74,22.83%,MRPS7;MRPS18C;MRPS36;MRPL51;MRPS22;MRPL19;MRPS33;CHCHD1;MRPL33;MRPS10;MRPL21;MRPS35;MRPL36;MRPL40;MRPS21;MRPL50;MRPS16;MRPS23;MRPL18;MRPL14;MRPL35;MRPL58;MRPL57;MRPL24;MRPL15;MRPS31;MRPS15;MRPL16;MRPS18B;MRPS11;MRPL42;MRPS26;MRPL48;MTRF1L;MRPL52;MRPS30;MRPL34;MRRF;MRPL43;MRPS14;MRPL37;MRPS25;ERAL1;MRPL49;MRPS9,excitatory_subtypes,Ex_L5_L6_THEMIS_TMEM233,c9ALS_vs_Control,Reactome_2022
prerank,Mitochondrial Translation Elongation R-HSA-5389840,0.5772497188959222,1.9243238819378925,0.001,0.0010603485918846,0.051,45/74,22.83%,MRPS7;MRPS18C;MRPS36;MRPL51;MRPS22;MRPL19;MRPS33;CHCHD1;MRPL33;MRPS10;MRPL21;MRPS35;MRPL36;MRPL40;MRPS21;MRPL50;MRPS16;MRPS23;GFM1;MRPL18;MRPL14;MRPL35;MRPL58;MRPL57;MRPL24;MRPL15;MRPS31;MRPS15;MRPL16;MRPS18B;MRPS11;MRPL42;MRPS26;MRPL48;MRPL52;MRPS30;MRPL34;MRPL43;TSFM;MRPS14;MRPL37;MRPS25;ERAL1;MRPL49;MRPS9,excitatory_subtypes,Ex_L5_L6_THEMIS_TMEM233,c9ALS_vs_Control,Reactome_2022
prerank,Mitochondrial Translation Elongation R-HSA-5389840,-0.5370130606519903,-1.9506590208784145,0.001,0.0010626561043275,0.069,42/73,25.46%,MRPS2;OXA1L;MRPL55;MRPL44;MRPS14;AURKAIP1;MRPS34;MRPL18;TUFM;ERAL1;MRPL4;MRPL41;GADD45GIP1;MRPL23;MRPL45;MRPL35;MRPL43;MRPL51;MRPS7;MRPL11;MRPL20;MRPS10;PTCD3;MRPL57;MRPL42;MRPS36;MRPL39;CHCHD1;MRPL19;MRPS21;MRPL34;MRPL14;MRPS18B;MRPL16;MRPS26;MRPS23;TSFM;MRPL47;MRPS18C;MRPL32;MRPL13;MRPS15,excitatory_subtypes,Ex_L5_PCP4_NXPH2,sALS_vs_Control,Reactome_2022
prerank,Response Of Mtb To Phagocytosis R-HSA-9637690,-0.7030285982504001,-1.930846920709096,0.001,0.0013193525683475,0.095,13/20,24.18%,PGK1;MAPK3;HGS;CORO1A;UBB;UBC;MAPK1;UBA52;RAB7A;ENO1;ATP6V1H;TRIM27;RPS27A,excitatory_subtypes,Ex_L5_PCP4_NXPH2,sALS_vs_Control,Reactome_2022
prerank,Interferon Alpha/Beta Signaling R-HSA-909733,-0.5620282953352083,-2.0836257643435085,0.001,0.0013274007135674,0.019,25/59,10.22%,PTPN6;IRF7;IRF9;IRF5;IFI35;HLA-B;BST2;HLA-A;HLA-E;XAF1;SOCS1;ISG15;HLA-C;PSMB8;OAS1;MX2;OAS2;IRF8;HLA-F;IFNAR2;USP18;OASL;TYK2;EGR1;MX1,broad,Glia,sALS_vs_Control,Reactome_2022
prerank,Mitochondrial Translation Termination R-HSA-5419276,-0.531447236615569,-1.9308609867319104,0.001,0.0013304395647202,0.095,41/73,25.46%,MRPS2;OXA1L;MRPL55;MRPL44;MRPS14;AURKAIP1;MRPS34;GFM2;MRPL18;ERAL1;MRPL4;MRPL41;GADD45GIP1;MRPL23;MRPL45;MRPL35;MRPL43;MRPL51;MRPS7;MRPL11;MRPL20;MRPS10;PTCD3;MRPL57;MRPL42;MRPS36;MRPL39;CHCHD1;MRPL19;MRPS21;MRPL34;MRPL14;MRPS18B;MRPL16;MRPS26;MRPS23;MRPL47;MRPS18C;MRPL32;MRPL13;MRPS15,excitatory_subtypes,Ex_L5_PCP4_NXPH2,sALS_vs_Control,Reactome_2022
prerank,Mitochondrial Protein Import R-HSA-1268020,-0.5764749815224501,-1.9816588114355111,0.001,0.001338542750156,0.057,29/58,16.48%,CS;SLC25A6;PMPCA;IDH3G;ATP5F1B;GFER;CHCHD10;TIMM17B;TOMM22;TIMM50;TIMM22;HSPD1;TOMM40;TIMM13;ATP5F1A;TOMM20;CHCHD2;BCS1L;ATP5MC1;COX17;TIMM10;GRPEL2;HSPA9;VDAC1;LDHD;GRPEL1;TIMM44;CCNI;COA6,broad,Excitatory,sALS_vs_Control,Reactome_2022
prerank,Mitochondrial Translation Initiation R-HSA-5368286,-0.5279603626072897,-1.9152170722584911,0.001,0.0015500086117649,0.115,42/73,25.46%,MRPS2;OXA1L;MRPL55;MRPL44;MRPS14;AURKAIP1;MRPS34;MRPL18;ERAL1;MRPL4;MRPL41;GADD45GIP1;MRPL23;MRPL45;MRPL35;MRPL43;MRPL51;MRPS7;MRPL11;MRPL20;MRPS10;PTCD3;MRPL57;MRPL42;MRPS36;MRPL39;CHCHD1;MRPL19;MRPS21;MRPL34;MRPL14;MTIF2;MRPS18B;MRPL16;MRPS26;MRPS23;MRPL47;MTIF3;MRPS18C;MRPL32;MRPL13;MRPS15,excitatory_subtypes,Ex_L5_PCP4_NXPH2,sALS_vs_Control,Reactome_2022
prerank,Mitochondrial Calcium Ion Transport R-HSA-8949215,-0.7046250445948735,-1.906545990143632,0.001,0.0015866402939974,0.121,14/20,21.41%,PHB2;PMPCA;MCU;MICU1;YME1L1;PMPCB;STOML2;SMDT1;VDAC2;SLC8A3;AKAP1;MAIP1;VDAC1;MICU2,glia_subtypes,Glia_Micro,sALS_vs_Control,Reactome_2022
prerank,Chaperone Mediated Autophagy R-HSA-9613829,-0.7033393436065652,-1.9075421242953907,0.001,0.0015867822879381,0.12,11/19,7.10%,EEF1A1;GFAP;ARL13B;HSP90AA1;UBA52;HSP90AB1;HDAC6;UBC;UBB;RNASE1;PLIN3,glia_subtypes,Glia_Micro,sALS_vs_Control,Reactome_2022
prerank,Chaperone Mediated Autophagy R-HSA-9613829,0.6986897406734104,1.8809862782901916,0.001,0.0016056885293133,0.181,10/19,8.02%,HSP90AB1;HSP90AA1;UBA52;UBC;UBB;HSPA8;RPS27A;EEF1A1;PARK7;GFAP,excitatory_subtypes,Ex_L5_L6_THEMIS_TMEM233,c9ALS_vs_sALS,Reactome_2022
prerank,Autophagy R-HSA-9612973,-0.4919097387096613,-1.961693579361345,0.001,0.0016065791734879,0.079,55/124,15.72%,MLST8;MAP1LC3A;DYNLL2;VPS28;RRAGC;VPS37D;LAMTOR4;UBC;UBA52;EEF1A1;MAP1LC3B;PGAM5;HSF1;CHMP6;HSP90AA1;RRAGA;ATG4D;CHMP4B;UBB;GABARAPL1;LAMTOR1;TOMM22;HSP90AB1;SQSTM1;CHMP2A;DYNLL1;CHMP7;MFN2;TOMM40;RHEB;TOMM20;LAMTOR2;UBE2N;GABARAP;LAMTOR5;ATG9B;PRKAA1;ATG101;PINK1;LAMTOR3;FUNDC1;UBAP1;ULK1;PLIN2;VPS37B;HSPA8;HDAC6;VDAC1;WIPI2;SRC;TSC2;PARK7;PRKAB2;VCP;WDR45,broad,Excitatory,sALS_vs_Control,Reactome_2022
prerank,Mitochondrial Biogenesis R-HSA-1592230,0.495397894140844,1.8961895063927072,0.001,0.0017719601886405,0.242,35/86,13.96%,NR1D1;CALM1;ATP5ME;MEF2D;ATP5F1B;POLRMT;ATP5MC2;ATP5F1E;CYCS;ATP5F1D;PRKAB2;TMEM11;HCFC1;ATP5PF;ATP5PB;ATP5MC3;ATP5F1A;MAPK11;MAPK12;ATP5MC1;HSPA9;ATP5PD;MICOS13;TFAM;CARM1;ESRRA;HELZ2;CREB1;ALAS1;MBD4;LIN9;TFB2M;ATP5F1C;CRTC2;MICOS10,broad,Excitatory,c9ALS_vs_sALS,Reactome_2022
prerank,Mitochondrial Protein Import R-HSA-1268020,-0.5471229702203148,-1.8976972109256096,0.001,0.001862023332315,0.147,43/58,28.34%,SLC25A6;TOMM22;CHCHD10;CHCHD4;DNAJC19;PMPCA;TIMM17B;ATP5MC1;ATP5F1B;IDH3G;ATP5F1A;GRPEL1;SLC25A13;SAMM50;HSPA9;TOMM40;TOMM20;COA6;TOMM7;BCS1L;VDAC1;TIMM17A;GRPEL2;PMPCB;CHCHD2;PAM16;TIMM44;COX19;CHCHD5;HSPD1;COQ2;TOMM70;TIMM22;SLC25A4;MTX2;LDHD;CS;TIMM13;TIMM50;CCNI;TIMM23;TIMM8B;COX17,excitatory_subtypes,Ex_L5_PCP4_NXPH2,sALS_vs_Control,Reactome_2022
prerank,COPII-mediated Vesicle Transport R-HSA-204005,-0.5383635417713316,-1.90127041422226,0.001,0.0018669099583732,0.143,28/60,19.72%,SEC24C;CNIH2;SEC22A;SEC31A;PPP6C;TMED2;RAB1B;PREB;LMAN2;USO1;SAR1B;LMAN2L;COL7A1;TFG;STX5;CTSZ;NSF;SCFD1;TRAPPC3;F8;ANKRD28;SEC24B;SEC22B;SEC13;MCFD2;TRAPPC1;TBC1D20;TRAPPC4,excitatory_subtypes,Ex_L5_PCP4_NXPH2,sALS_vs_Control,Reactome_2022
prerank,Response Of Mtb To Phagocytosis R-HSA-9637690,0.6691117945952189,1.8209944286807116,0.0029411764705882,0.0019060569690859,0.295,15/20,24.29%,RPS27A;MAPK3;UBA52;PGK1;UBB;UBC;MAPK1;CORO1A;ENO1;KPNB1;ATP6V1H;RAB5A;HGS;DUSP16;RNF213,excitatory_subtypes,Ex_L5_PCP4_NXPH2,c9ALS_vs_sALS,Reactome_2022
prerank,Mitochondrial Calcium Ion Transport R-HSA-8949215,0.6799694974421352,1.8464060058990452,0.001,0.0021291687023375,0.24,12/20,19.00%,STOML2;SLC8B1;SMDT1;PMPCA;MCUB;PHB2;VDAC1;VDAC2;MICU1;MCU;AKAP1;MICU2,glia_subtypes,Glia_Micro,c9ALS_vs_sALS,Reactome_2022
prerank,Autophagy R-HSA-9612973,0.496909768636169,1.8834427021388769,0.001,0.0022385608779006,0.159,42/122,9.89%,HSP90AA1;UBA52;SQSTM1;HSP90AB1;MAP1LC3A;MAP1LC3B;RRAGA;DYNLL1;DYNLL2;TOMM7;RPS27A;EEF1A1;UBC;GABARAPL2;LAMTOR4;MLST8;LAMTOR2;PARK7;RRAGC;TOMM22;UBB;FUNDC1;VPS28;TOMM20;PGAM5;CHMP2A;VDAC1;LAMTOR1;LAMTOR5;HSPA8;SRC;ATG4D;LAMTOR3;GABARAPL1;RHEB;CHMP7;PINK1;CHMP6;WIPI2;TOMM40;NBR1;MFN2,broad,Inhibitory,c9ALS_vs_sALS,Reactome_2022
prerank,COPII-mediated Vesicle Transport R-HSA-204005,0.506111836250575,1.872086744919418,0.001,0.0022788628829289,0.309,25/65,12.81%,CNIH2;MCFD2;CNIH1;GORASP1;TMED2;RAB1B;YKT6;TRAPPC2L;TRAPPC3;TRAPPC2;NSF;PREB;COL7A1;LMAN1;TRAPPC4;TRAPPC5;TBC1D20;LMAN1L;NAPSA;GOLGA2;CTSZ;BET1;SEC22B;SEC23A;SAR1B,broad,Excitatory,c9ALS_vs_sALS,Reactome_2022
prerank,Mitochondrial Translation R-HSA-5368287,-0.5099215966914475,-1.87572378112512,0.001,0.002459552543985,0.192,45/79,25.46%,MRPS2;OXA1L;MRPL55;MRPL44;MRPS14;AURKAIP1;MRPS34;GFM2;MRPL18;TUFM;ERAL1;MRPL4;MRPL41;GADD45GIP1;MRPL23;MRPL45;MRPL35;MRPL43;MRPL51;MRPS7;MRPL11;MRPL20;MRPS10;PTCD3;MRPL57;MRPL42;MRPS36;MRPL39;CHCHD1;MRPL19;MRPS21;MRPL34;MRPL14;MTIF2;MRPS18B;MRPL16;MRPS26;MRPS23;TSFM;MRPL47;MTIF3;MRPS18C;MRPL32;MRPL13;MRPS15,excitatory_subtypes,Ex_L5_PCP4_NXPH2,sALS_vs_Control,Reactome_2022
prerank,MyD88 Dependent Cascade Initiated On Endosome R-HSA-975155,-0.5027699820733416,-1.8675429511747492,0.001,0.0025354999675008,0.214,47/95,20.34%,MAPK11;PPP2CB;MAPK3;SKP1;RELA;TAB3;PPP2R1A;MAP2K3;PELI3;LRRC14;MAP3K8;TICAM1;TIFA;ECSIT;UBB;NKIRAS2;MAPKAPK3;HMGB1;TMED7-TICAM2;DUSP3;UBC;MAPK1;DUSP7;RIPK2;UBA52;IRAK4;IRAK1;DUSP6;NFKBIA;MAPK14;PELI1;USP18;DUSP4;NDUFA2;JUN;NLRC5;APP;NFKB1;TNIP2;TRAF6;KCNH8;MAP2K7;IKBKG;MEF2A;TP53;RPS6KA1;USP14,excitatory_subtypes,Ex_L5_PCP4_NXPH2,sALS_vs_Control,Reactome_2022
prerank,Golgi Associated Vesicle Biogenesis R-HSA-432722,-0.5548911288588009,-1.8678240022297508,0.0047846889952153,0.0025805088426636,0.214,22/48,15.36%,AP1B1;AP3B1;SORT1;TBC1D8B;AP3S1;TFRC;BLOC1S4;CLTA;AP1S2;HOMER2;SNX5;HIP1R;HSPA8;FTH1;SNAPIN;ACBD3;CLTC;OCRL;AP1S3;DNM2;TPD52L1;TGOLN2,excitatory_subtypes,Ex_L5_PCP4_NXPH2,sALS_vs_Control,Reactome_2022
prerank,Lysosome Vesicle Biogenesis R-HSA-432720,0.5890806596949013,1.790169151694366,0.001,0.0027442364704709,0.409,17/31,19.31%,AP1S2;AP1B1;CLTB;AP1S1;HSPA8;CLTA;M6PR;AP4B1;CHMP2A;CLTC;CTSZ;APP;DNASE2;AP1G1;AP4M1;DNAJC6;CLVS2,excitatory_subtypes,Ex_L5_PCP4_NXPH2,c9ALS_vs_sALS,Reactome_2022
prerank,Macroautophagy R-HSA-1632852,-0.4849384632073624,-1.8923205553968256,0.001,0.0028223947289345,0.196,49/110,15.72%,MLST8;MAP1LC3A;DYNLL2;RRAGC;LAMTOR4;UBC;UBA52;MAP1LC3B;PGAM5;HSF1;CHMP6;HSP90AA1;RRAGA;ATG4D;CHMP4B;UBB;GABARAPL1;LAMTOR1;TOMM22;SQSTM1;CHMP2A;DYNLL1;CHMP7;MFN2;TOMM40;RHEB;TOMM20;LAMTOR2;UBE2N;GABARAP;LAMTOR5;ATG9B;PRKAA1;ATG101;PINK1;LAMTOR3;FUNDC1;ULK1;PLIN2;HSPA8;HDAC6;VDAC1;WIPI2;SRC;TSC2;PARK7;PRKAB2;VCP;WDR45,broad,Excitatory,sALS_vs_Control,Reactome_2022
prerank,Mitochondrial Translation Elongation R-HSA-5389840,-0.5190922074526299,-1.856987155493639,0.001,0.0029951090605952,0.223,30/75,16.54%,MRPS33;MRPL43;TUFM;CHCHD1;MRPS27;MRPL10;MRPL9;GADD45GIP1;MRPL18;AURKAIP1;MRPL55;MRPS21;OXA1L;MRPS9;MRPL41;MRPL57;MRPS2;MRPL20;MRPL33;MRPL42;MRPL32;MRPL17;MRPL4;PTCD3;MRPL34;MRPS7;MRPL36;MRPL11;MRPL49;MRPL35,glia_subtypes,Glia_Micro,sALS_vs_Control,Reactome_2022
prerank,Fcgamma Receptor (FCGR) Dependent Phagocytosis R-HSA-2029480,0.4939169800215106,1.7789264319897484,0.001,0.0030955336812202,0.451,28/79,15.63%,DOCK1;MAPK3;ARPC2;BAIAP2;CYFIP2;PRKCSH;ACTR2;ABI1;WIPF1;HSP90AA1;BRK1;VPS72;NCKAP1;NCKIPSD;HSP90AB1;WASL;MAPK1;ARPC5;PLD3;PIK3R1;ACTG1;MYO10;LIMK1;AHCYL1;RNASE1;ACTR3;PLCG2;GRB2,excitatory_subtypes,Ex_L5_PCP4_NXPH2,c9ALS_vs_sALS,Reactome_2022
prerank,Mitochondrial Translation Termination R-HSA-5419276,-0.5176180901993533,-1.8484927901953931,0.001,0.0034064208696053,0.257,30/75,16.54%,MRPS33;MRPL43;CHCHD1;MRPS27;MRPL10;MRPL9;GADD45GIP1;MRPL18;AURKAIP1;MRPL55;MRPS21;OXA1L;MRPS9;MRPL41;GFM2;MRPL57;MRPS2;MRPL20;MRPL33;MRPL42;MRPL32;MRPL17;MRPL4;PTCD3;MRPL34;MRPS7;MRPL36;MRPL11;MRPL49;MRPL35,glia_subtypes,Glia_Micro,sALS_vs_Control,Reactome_2022
prerank,Fcgamma Receptor (FCGR) Dependent Phagocytosis R-HSA-2029480,-0.5031394507215351,-2.1966093201415333,0.001,0.0034633257773753,0.011,36/79,20.69%,MAPK3;AHCYL1;WASL;WASF1;CRK;PLD2;WIPF3;ITPR1;ITPR2;PLA2G6;PRKCD;PLD3;ELMO1;CYFIP2;ABI1;ACTG1;MAPK1;NCKIPSD;MYO9B;SRC;NCKAP1;VAV2;PIK3R1;BAIAP2;DOCK1;ELMO2;NCK1;MYH9;PRKCSH;ACTR3;WASF3;VAV1;YES1;PLCG2;ACTR2;WASF2,excitatory_subtypes,Ex_L5_L6_THEMIS_NR4A2,c9ALS_vs_Control,Reactome_2022
prerank,DDX58/IFIH1-mediated Induction Of Interferon-Alpha/Beta R-HSA-168928,0.4810897905074279,1.830749149371251,0.001,0.0035303710479997,0.461,26/76,13.34%,HSP90AA1;UBA52;HSP90AB1;UBB;UBC;RPS27A;ISG15;UBE2L6;PCBP2;NKIRAS1;TOMM70;IKBKG;SIKE1;NFKBIA;IRF3;UBE2D1;OTUD5;FADD;APP;TKFC;TAX1BP1;UBE2D3;AGER;HMGB1;RELA;IRF7,broad,Excitatory,c9ALS_vs_sALS,Reactome_2022
prerank,Fcgamma Receptor (FCGR) Dependent Phagocytosis R-HSA-2029480,-0.5036959228964049,-1.9724690504514613,0.001,0.0037656757831699,0.081,37/83,17.51%,PRKCSH;FCGR1A;HCK;MAPK3;ARPC1B;SRC;PLD4;WAS;PKN1;AHCYL1;ITPR2;SYK;VAV1;PIK3CA;PRKCD;LIMK1;BTK;PLD2;FCGR2A;LYN;NCKAP1L;HSP90AA1;PLCG2;ABI1;ACTG1;BRK1;HSP90AB1;VAV2;FGR;CYFIP2;ITPR1;MYH2;PLPP5;VPS72;MYO10;VAV3;CYFIP1,broad,Glia,sALS_vs_Control,Reactome_2022
prerank,Mitochondrial Biogenesis R-HSA-1592230,0.4876152758131967,1.7630164287763868,0.001,0.0038962717980595,0.541,36/84,20.11%,SAMM50;ATP5F1A;MICOS13;NR1D1;HCFC1;ATP5PD;ATP5MC1;ESRRA;SIRT3;ATP5MC3;PRKAB2;CYCS;ATP5PF;CALM1;ATP5F1E;HSPA9;ATP5MC2;ATP5F1B;ATP5F1D;TMEM11;MAPK11;APOO;ATP5PB;ATP5F1C;MBD4;ATP5ME;ALAS1;PRKAB1;SIRT5;MEF2D;ACSS2;SIRT4;SSBP1;TFAM;CHD9;MTX2,excitatory_subtypes,Ex_L5_PCP4_NXPH2,c9ALS_vs_sALS,Reactome_2022
prerank,Role Of Phospholipids In Phagocytosis R-HSA-2029485,-0.67021020295718,-1.9666149377569049,0.001,0.0039344724746167,0.091,11/23,7.24%,PRKCSH;FCGR1A;PLD4;AHCYL1;ITPR2;SYK;PIK3CA;PRKCD;PLD2;FCGR2A;PLCG2,broad,Glia,sALS_vs_Control,Reactome_2022
prerank,Chaperone Mediated Autophagy R-HSA-9613829,0.6872859000515441,1.8331043136144791,0.001,0.0040008265867129,0.285,9/19,4.93%,HSP90AA1;UBA52;HSP90AB1;RPS27A;EEF1A1;UBC;PARK7;UBB;HSPA8,broad,Inhibitory,c9ALS_vs_sALS,Reactome_2022
prerank,Mitochondrial Protein Import R-HSA-1268020,-0.5351865098646768,-1.8301313961185808,0.001,0.0041780346660549,0.304,26/58,18.24%,CCNI;SLC25A6;TIMM17A;PMPCA;TOMM22;TIMM23;TOMM70;CHCHD10;COX19;TAFAZZIN;CHCHD5;TIMM17B;GRPEL2;CS;COX17;PMPCB;TOMM7;HSPA9;ATP5F1B;TOMM40;TIMM50;CHCHD7;MTX2;HSPD1;TIMM10;SLC25A12,glia_subtypes,Glia_Micro,sALS_vs_Control,Reactome_2022
prerank,Cross-presentation Of Soluble Exogenous Antigens (Endosomes) R-HSA-1236978,0.5752175885000762,1.853001055410606,0.001,0.0041796642334364,0.255,21/42,14.95%,PSMB5;PSMA7;MRC1;PSMB4;PSMD10;PSMC3;PSMA4;PSMC1;PSME1;PSMC5;PSMC4;PSMD4;PSMB2;MRC2;PSMD7;PSME3;PSMB1;PSMC6;PSMB3;SEM1;PSMB6,excitatory_subtypes,Ex_L6_TLE4_MEGF11,c9ALS_vs_sALS,Reactome_2022
prerank,MyD88 Dependent Cascade Initiated On Endosome R-HSA-975155,-0.486854035042882,-1.9594369776846547,0.001,0.0042982499296468,0.102,38/96,17.34%,IRF7;MYD88;AGER;MAPK3;TICAM1;LRRC14;IKBKG;MAPK11;MAPK7;HMGB1;TLR7;NFKB2;TAB2;DUSP6;TIFA;DUSP7;IRAK1;UBB;MAP3K1;NKIRAS2;USP18;MEF2C;LY96;JUN;UBC;TP53;UBA52;RIPK2;TAB3;NOD1;MAPKAPK3;RPS6KA3;MAPK10;PPP2R1A;S100A12;ECSIT;PELI1;PPP2CB,broad,Glia,sALS_vs_Control,Reactome_2022
prerank,Mitochondrial Translation R-HSA-5368287,-0.5062054193166275,-1.8262745055185392,0.001,0.0044539337323506,0.32,31/81,16.54%,MRPS33;MRPL43;TUFM;CHCHD1;MRPS27;MRPL10;MRPL9;GADD45GIP1;MRPL18;AURKAIP1;MRPL55;MRPS21;OXA1L;MRPS9;MRPL41;GFM2;MRPL57;MRPS2;MRPL20;MRPL33;MRPL42;MRPL32;MRPL17;MRPL4;PTCD3;MRPL34;MRPS7;MRPL36;MRPL11;MRPL49;MRPL35,glia_subtypes,Glia_Micro,sALS_vs_Control,Reactome_2022
prerank,Selective Autophagy R-HSA-9663891,-0.5232404677108762,-1.8364093441695803,0.001,0.0047263317545633,0.353,27/57,15.62%,MAP1LC3A;DYNLL2;UBC;UBA52;MAP1LC3B;PGAM5;HSF1;HSP90AA1;UBB;TOMM22;SQSTM1;DYNLL1;MFN2;TOMM40;TOMM20;UBE2N;PINK1;FUNDC1;ULK1;PLIN2;HSPA8;HDAC6;VDAC1;SRC;PARK7;PRKAB2;VCP,broad,Excitatory,sALS_vs_Control,Reactome_2022
prerank,Mitochondrial Translation Elongation R-HSA-5389840,0.4832259074013165,1.8825039168604751,0.001,0.0051459128782767,0.264,33/77,18.53%,MRPS2;TUFM;MRPS33;MRPL24;CHCHD1;MRPL4;MRPL51;MRPL10;GADD45GIP1;MRPS34;MRPL55;AURKAIP1;MRPL20;MRPS7;MRPL52;MRPL18;MRPS21;MRPL41;MRPL43;MRPL17;MRPL11;MRPL49;MRPS26;MRPS18A;MRPL9;MRPL40;MRPL14;MRPS15;MRPL34;MRPL36;MRPL21;MRPL54;MRPL44,broad,Glia,c9ALS_vs_sALS,Reactome_2022
prerank,Role Of Phospholipids In Phagocytosis R-HSA-2029485,0.6153416102077058,1.8791113585325432,0.0037878787878787,0.0052225269657944,0.276,11/22,12.49%,FCGR1A;PRKCD;PLCG2;SYK;PLD4;PRKCSH;AHCYL1;FCGR2A;ITPR2;PIK3CA;ITPR1,broad,Glia,c9ALS_vs_sALS,Reactome_2022
prerank,COPII-mediated Vesicle Transport R-HSA-204005,0.5026643319302365,1.7339725653911886,0.001,0.0052526520116173,0.647,26/61,15.13%,TRAPPC4;TMED2;SAR1B;CNIH2;TRAPPC3;LMAN2;RAB1B;CTSZ;MCFD2;LMAN1;CTSC;SEC13;PREB;LMAN2L;STX5;SEC24D;NSF;GOLGA2;SEC31A;TBC1D20;NAPG;RAB1A;F8;SEC22A;SEC24B;TFG,excitatory_subtypes,Ex_L5_PCP4_NXPH2,c9ALS_vs_sALS,Reactome_2022
prerank,Selective Autophagy R-HSA-9663891,0.5502190551125026,1.8278229082760236,0.001,0.0053176267188602,0.337,20/55,9.52%,HSP90AA1;UBA52;DYNLL1;TOMM20;RPS27A;TOMM7;PRKAB2;DYNLL2;MFN2;UBC;MAP1LC3A;PARK7;MAP1LC3B;VDAC1;UBB;NBR1;UBE2N;FUNDC1;TOMM22;HSPA8,excitatory_subtypes,Ex_L6_TLE4_MEGF11,c9ALS_vs_sALS,Reactome_2022
prerank,Mitochondrial Translation Termination R-HSA-5419276,0.4765250712915884,1.8654889274982005,0.001,0.005537833127955,0.31,40/77,24.75%,MRPS2;MRPS33;MRPL24;CHCHD1;MRPL4;MRPL51;MRPL10;GADD45GIP1;MRPS34;MRPL55;AURKAIP1;MRPL20;MRPS7;MRPL52;MRPL18;MRPS21;MRPL41;MRPL43;MRPL17;MRPL11;MRPL49;MRPS26;MRPS18A;MRPL9;MRPL40;MRPL14;MRPS15;MRPL34;MRPL36;MRPL21;MRPL54;MRPL44;MRRF;MRPS16;MRPL50;MRPS23;MRPL47;ERAL1;MRPL57;OXA1L,broad,Glia,c9ALS_vs_sALS,Reactome_2022
prerank,Mitochondrial Translation Initiation R-HSA-5368286,0.4778742385685972,1.8596317928267936,0.001,0.0058677377616549,0.327,32/77,18.53%,MRPS2;MRPS33;MRPL24;CHCHD1;MRPL4;MRPL51;MRPL10;GADD45GIP1;MRPS34;MRPL55;AURKAIP1;MRPL20;MRPS7;MRPL52;MRPL18;MRPS21;MRPL41;MRPL43;MRPL17;MRPL11;MRPL49;MRPS26;MRPS18A;MRPL9;MRPL40;MRPL14;MRPS15;MRPL34;MRPL36;MRPL21;MRPL54;MRPL44,broad,Glia,c9ALS_vs_sALS,Reactome_2022
prerank,Autophagy R-HSA-9612973,-0.4600192799403013,-1.7878420834777895,0.001,0.0067618082563339,0.446,54/120,16.91%,EEF1A1;GFAP;ARL13B;HSP90AA1;VPS28;LAMTOR3;TOMM22;HSF1;UBA52;UBE2N;HSP90AB1;HDAC6;ATG4D;TOMM70;ATG3;RRAGC;UBAP1;UBC;VPS37A;MAP1LC3A;ATG12;LAMTOR4;UBB;RNASE1;RHEB;MAP1LC3B;BECN1;RNF103-CHMP3;PLIN3;MVB12A;USP30;TOMM7;PEX5;PRKAA1;MFN2;LAMTOR1;AMBRA1;SQSTM1;CSNK2A2;TSC2;PRKAA2;VCP;ATG101;FUNDC1;TOMM40;ATG4A;LAMTOR5;NBR1;MLST8;PARK7;DYNLL1;DYNC1I2;MTERF3;RPS27A,glia_subtypes,Glia_Micro,sALS_vs_Control,Reactome_2022
prerank,FCGR3A-mediated Phagocytosis R-HSA-9664422,-0.5209614320478397,-2.100798754733112,0.001,0.0067823463140267,0.038,26/55,20.69%,MAPK3;WASL;WASF1;CRK;WIPF3;ELMO1;CYFIP2;ABI1;ACTG1;MAPK1;NCKIPSD;MYO9B;SRC;NCKAP1;VAV2;BAIAP2;DOCK1;ELMO2;NCK1;MYH9;ACTR3;WASF3;VAV1;YES1;ACTR2;WASF2,excitatory_subtypes,Ex_L5_L6_THEMIS_NR4A2,c9ALS_vs_Control,Reactome_2022
prerank,FCGR3A-mediated Phagocytosis R-HSA-9664422,0.5071525841855806,1.7023367781001886,0.0013440860215053,0.00736466721164,0.779,20/54,17.30%,DOCK1;MAPK3;ARPC2;BAIAP2;CYFIP2;ACTR2;ABI1;WIPF1;BRK1;NCKAP1;NCKIPSD;WASL;MAPK1;ARPC5;ACTG1;MYO10;RNASE1;ACTR3;GRB2;MYO9B,excitatory_subtypes,Ex_L5_PCP4_NXPH2,c9ALS_vs_sALS,Reactome_2022
prerank,Mitochondrial Translation Initiation R-HSA-5368286,-0.4938003167209973,-1.7782150485451786,0.001,0.0074884929759374,0.489,29/75,16.54%,MRPS33;MRPL43;CHCHD1;MRPS27;MRPL10;MRPL9;GADD45GIP1;MRPL18;AURKAIP1;MRPL55;MRPS21;OXA1L;MRPS9;MRPL41;MRPL57;MRPS2;MRPL20;MRPL33;MRPL42;MRPL32;MRPL17;MRPL4;PTCD3;MRPL34;MRPS7;MRPL36;MRPL11;MRPL49;MRPL35,glia_subtypes,Glia_Micro,sALS_vs_Control,Reactome_2022
prerank,Activation Of IRF3/IRF7 Mediated By TBK1/IKK Epsilon R-HSA-936964,0.6284964194396779,1.7475235207230224,0.0122699386503067,0.0078185776862698,0.748,8/16,9.41%,UBA52;UBB;UBC;NDUFA2;RPS27A;TMED7-TICAM2;IRF3;TICAM1,broad,Excitatory,c9ALS_vs_sALS,Reactome_2022
prerank,Interferon Signaling R-HSA-913531,0.4114729660354641,1.8279040756157272,0.001,0.0079440883160664,0.437,60/180,12.50%,HLA-DRB5;UBA7;IRF5;ISG15;SP100;HLA-A;FCGR1A;HLA-DPA1;HLA-DRA;BST2;IRF7;IFITM3;TRIM38;MX1;MAPK3;IRF8;PSMB8;MT2A;PTPN6;HLA-B;UBA52;OASL;XAF1;MX2;PRKCD;HLA-DRB1;HLA-E;HLA-C;CIITA;HERC5;TRIM45;OAS1;B2M;USP18;EIF4A2;OAS2;RPS27A;PTAFR;IFITM2;ICAM1;IFI6;TYK2;TRIM14;IFNAR2;HLA-DQA1;HLA-F;UBB;EIF4A3;PML;GBP5;IFNA2;TRIM22;GBP4;EIF4G2;TRIM25;AAAS;FLNA;IFIT5;PTPN2;IFIT1,broad,Glia,c9ALS_vs_sALS,Reactome_2022
prerank,Cross-presentation Of Soluble Exogenous Antigens (Endosomes) R-HSA-1236978,0.5469690893538086,1.7587488337641426,0.0020833333333333,0.0082723005832029,0.543,20/42,13.79%,PSMA7;PSMA4;PSMB4;PSMC5;PSMC4;PSMB5;PSMB6;PSMC3;PSMD4;PSMC1;PSMC6;PSMB3;PSMD2;PSME3;PSMD11;PSMD7;PSMD12;PSMB2;PSMD8;PSMD3,excitatory_subtypes,Ex_L6_TLE4_CCBE1,c9ALS_vs_sALS,Reactome_2022
prerank,Mitochondrial Translation R-HSA-5368287,0.4612562545649483,1.8187616411443015,0.0017574692442882,0.0084878361220503,0.466,41/83,24.75%,MRPS2;TUFM;MRPS33;MRPL24;CHCHD1;MRPL4;MRPL51;MRPL10;GADD45GIP1;MRPS34;MRPL55;AURKAIP1;MRPL20;MRPS7;MRPL52;MRPL18;MRPS21;MRPL41;MRPL43;MRPL17;MRPL11;MRPL49;MRPS26;MRPS18A;MRPL9;MRPL40;MRPL14;MRPS15;MRPL34;MRPL36;MRPL21;MRPL54;MRPL44;MRRF;MRPS16;MRPL50;MRPS23;MRPL47;ERAL1;MRPL57;OXA1L,broad,Glia,c9ALS_vs_sALS,Reactome_2022
prerank,trans-Golgi Network Vesicle Budding R-HSA-199992,0.4739669298391616,1.7368529845565883,0.0052910052910052,0.0085305116748136,0.777,25/68,11.53%,AP1S1;CLTB;TGOLN2;YIPF6;CHMP2A;FTL;SNAPIN;BLOC1S4;CLTA;PTGES2;DNASE2;HSPA8;AP1M2;M6PR;FTH1;CLTC;SNX2;APP;STX4;AP1G2;PUM1;AP1M1;NAPSA;OCRL;CTSZ,broad,Excitatory,c9ALS_vs_sALS,Reactome_2022
prerank,Lysosome Vesicle Biogenesis R-HSA-432720,0.5408817113787425,1.7361411550058232,0.0036231884057971,0.0085622996304542,0.779,14/32,13.24%,AP1S1;CLTB;CHMP2A;CLTA;DNASE2;HSPA8;AP1M2;M6PR;CLTC;APP;AP1G2;AP1M1;CTSZ;HGS,broad,Excitatory,c9ALS_vs_sALS,Reactome_2022
prerank,Cross-presentation Of Soluble Exogenous Antigens (Endosomes) R-HSA-1236978,-0.5254014739175936,-1.7631762860754825,0.0022172949002217,0.0086063694287218,0.609,22/47,19.97%,PSMB4;PSMD3;PSME2;MRC2;PSMD10;PSMA4;PSMC3;PSMC5;PSMD4;PSMB5;SEM1;MRC1;PSMB3;PSME3;PSMD8;PSMD2;PSMB6;PSMC2;PSME4;PSMC4;PSMB8;PSMB9,broad,Excitatory,sALS_vs_Control,Reactome_2022
prerank,Mitochondrial Protein Import R-HSA-1268020,0.4779699855433559,1.809587704695422,0.0018018018018018,0.0092703045896498,0.497,29/58,21.66%,TOMM7;GFER;TIMM13;COX17;TOMM22;TIMM10;CS;CHCHD2;PMPCA;TIMM17B;CHCHD10;ATP5MC1;COQ2;TIMM22;CCNI;TIMM50;SLC25A4;LDHD;VDAC1;CHCHD7;IDH3G;ATP5F1B;BCS1L;TOMM20;GRPEL1;TIMM8B;MTX1;SLC25A6;COA6,broad,Glia,c9ALS_vs_sALS,Reactome_2022
prerank,Mitochondrial Translation R-HSA-5368287,0.4818535911876263,1.7737305179050191,0.001,0.0092769348139357,0.475,35/80,21.94%,MRPL16;MRPL21;MRPL47;MRPS16;MRPL17;MRPL51;MRPS34;MRPL57;MRPS18C;MRPL54;MRPL15;MRPL24;MRPL36;MRPS26;MRPL34;CHCHD1;MRPS21;MRPL55;MTRF1L;MRPL40;MRPS18A;MRPS22;TSFM;GFM2;MRPS27;MRPS23;MRPL52;TUFM;MRPL44;MRRF;MRPS18B;MRPS7;GADD45GIP1;MRPL41;MTFMT,glia_subtypes,Glia_Micro,c9ALS_vs_Control,Reactome_2022
prerank,DDX58/IFIH1-mediated Induction Of Interferon-Alpha/Beta R-HSA-168928,0.4858565043845532,1.6785853218816809,0.0026041666666666,0.0094408584703739,0.855,28/63,20.37%,RPS27A;UBA52;UBB;OTUD5;NKIRAS1;PCBP2;IRF3;UBE2D2;TOMM70;HSP90AA1;TKFC;NFKBIA;HSP90AB1;UBC;ATG12;S100B;CYLD;HMGB1;APP;RELA;TAX1BP1;IKBKG;UBE2L6;IKBKB;DHX58;PDZD2;SIKE1;NKIRAS2,excitatory_subtypes,Ex_L5_PCP4_NXPH2,c9ALS_vs_sALS,Reactome_2022
prerank,Mitochondrial Translation Termination R-HSA-5419276,0.4898836782359735,1.770754769116558,0.001,0.0094786073098908,0.483,32/74,21.04%,MRPL16;MRPL21;MRPL47;MRPS16;MRPL17;MRPL51;MRPS34;MRPL57;MRPS18C;MRPL54;MRPL15;MRPL24;MRPL36;MRPS26;MRPL34;CHCHD1;MRPS21;MRPL55;MTRF1L;MRPL40;MRPS18A;MRPS22;GFM2;MRPS27;MRPS23;MRPL52;MRPL44;MRRF;MRPS18B;MRPS7;GADD45GIP1;MRPL41,glia_subtypes,Glia_Micro,c9ALS_vs_Control,Reactome_2022
prerank,Interferon Signaling R-HSA-913531,-0.4165184717728138,-1.834048189104415,0.001,0.0095909551793591,0.361,52/180,10.52%,PTPN6;IRF7;IRF9;FCGR1A;UBA7;SP100;MAPK3;HLA-DRA;IRF5;IFI35;HLA-B;HLA-DRB1;BST2;HLA-A;ICAM1;HLA-E;XAF1;HLA-DPA1;SOCS1;ISG15;HLA-C;TRIM26;PSMB8;HLA-DQA1;AAAS;OAS1;FLNA;HLA-DQA2;HLA-DRB5;PRKCD;MX2;TRIM38;OAS2;EIF4A2;UBE2L6;UBB;TRIM8;IRF8;TRIM45;HLA-F;TRIM14;IFNAR2;USP18;CIITA;OASL;TRIM25;TYK2;EGR1;PML;UBC;MX1;GBP5,broad,Glia,sALS_vs_Control,Reactome_2022
prerank,Response Of Mtb To Phagocytosis R-HSA-9637690,0.6487813622788128,1.7346350250352922,0.0017793594306049,0.00969421622973,0.662,11/20,15.47%,UBA52;RPS27A;UBC;KPNB1;UBB;MAPK3;MAPK1;HGS;ENO1;PGK1;CORO1A,broad,Inhibitory,c9ALS_vs_sALS,Reactome_2022
prerank,Late Endosomal Microautophagy R-HSA-9615710,0.5737640762190606,1.7203536207988064,0.0087873462214411,0.0098031794015334,0.748,11/30,6.66%,UBA52;VPS28;UBC;VPS37D;UBB;CHMP4B;CHMP2A;HSPA8;RPS27A;CHMP6;PARK7,excitatory_subtypes,Ex_L5_L6_THEMIS_TMEM233,c9ALS_vs_sALS,Reactome_2022
prerank,Cross-presentation Of Soluble Exogenous Antigens (Endosomes) R-HSA-1236978,0.5350778851392406,1.731561125789549,0.001,0.0100459657300831,0.674,21/44,17.12%,PSMB4;PSMD10;PSMC5;PSMD4;PSME3;PSMB6;PSMA7;PSME1;PSMD2;PSMA8;PSMC3;PSMD3;PSMC2;PSMC4;PSMC1;PSMA4;PSMD8;PSME2;PSMC6;PSMD7;PSMB8,broad,Inhibitory,c9ALS_vs_sALS,Reactome_2022
prerank,Chaperone Mediated Autophagy R-HSA-9613829,0.6506324435031376,1.7602121886881827,0.001,0.010215081205596,0.599,9/19,9.52%,HSP90AB1;HSP90AA1;UBA52;RPS27A;EEF1A1;UBC;PARK7;UBB;HSPA8,excitatory_subtypes,Ex_L6_TLE4_MEGF11,c9ALS_vs_sALS,Reactome_2022
prerank,Late Endosomal Microautophagy R-HSA-9615710,-0.5810626617161246,-1.7481549398076417,0.0063025210084033,0.0104321760160203,0.615,12/29,7.17%,ARL13B;VPS28;UBA52;HDAC6;UBAP1;UBC;VPS37A;UBB;RNASE1;RNF103-CHMP3;PLIN3;MVB12A,glia_subtypes,Glia_Micro,sALS_vs_Control,Reactome_2022
prerank,MyD88 Dependent Cascade Initiated On Endosome R-HSA-975155,-0.5152126762383225,-1.9009888160895936,0.001,0.0104711349379776,0.158,41/95,16.04%,PPP2R1A;MAPK11;MAPK3;PPP2CB;IKBKG;RELA;DUSP6;DUSP3;TICAM1;NFKBIA;UBC;UBA52;MAP2K7;DUSP7;PELI3;MAPK7;HMGB1;SKP1;UBE2N;MAPK1;APP;TAB3;PPP2R5D;TIFA;AGER;LRRC14;MAP2K3;UBB;ECSIT;MAPKAPK2;JUN;FOS;TNIP2;MAP2K4;TMED7-TICAM2;DUSP4;NFKBIB;MAP2K1;NFKB1;TAB2;NKIRAS2,excitatory_subtypes,Ex_L5_L6_THEMIS_TMEM233,sALS_vs_Control,Reactome_2022
prerank,Fcgamma Receptor (FCGR) Dependent Phagocytosis R-HSA-2029480,0.4473490469223566,1.792817297968326,0.001,0.010706076346039,0.556,30/82,14.00%,BTK;HCK;WAS;FCGR1A;CYFIP1;MAPK3;LYN;ARPC1B;PRKCD;NCKAP1L;LIMK1;PLCG2;WIPF3;SYK;PLD4;SRC;VAV1;PRKCSH;GRB2;PKN1;BRK1;AHCYL1;VPS72;FCGR2A;HSP90AB1;ITPR2;PIK3CA;ITPR1;RNASE1;WASL,broad,Glia,c9ALS_vs_sALS,Reactome_2022
prerank,Mitochondrial Protein Import R-HSA-1268020,0.5307428927439024,1.819878465501307,0.0014577259475218,0.0112617389779228,0.323,23/58,19.65%,TIMM8B;ACO2;DNAJC19;SLC25A4;MTX1;TOMM20;COA4;SAMM50;TIMM17A;TOMM7;COX17;TIMM9;CHCHD7;TIMM22;TOMM70;TIMM13;ATP5F1A;GFER;TIMM23;CCNI;VDAC1;TIMM8A;SLC25A13,excitatory_subtypes,Ex_L5_PCP4_NXPH2,c9ALS_vs_Control,Reactome_2022
prerank,Macroautophagy R-HSA-1632852,0.4564528010623686,1.7196027040912325,0.001,0.0118346638370354,0.706,39/106,11.33%,HSP90AA1;DYNLL1;ATG101;VDAC1;LAMTOR3;RRAGA;SQSTM1;LAMTOR5;TOMM20;CHMP2A;GABARAPL2;UBA52;DYNLL2;CFTR;MAP1LC3A;PINK1;DYNC1LI2;UBE2N;GABARAPL1;PARK7;TOMM7;LAMTOR1;RPS27A;TOMM70;ATG4D;TOMM22;LAMTOR4;UBB;RRAGC;WDR45B;WDR45;MAP1LC3B;MLST8;HSPA8;UBC;USP30;RHEB;TOMM40;PRKAB2,excitatory_subtypes,Ex_L6_TLE4_CCBE1,c9ALS_vs_sALS,Reactome_2022
prerank,Mitochondrial Translation Elongation R-HSA-5389840,0.4818146307542704,1.7472068572583264,0.001,0.0120409530632933,0.575,31/74,21.04%,MRPL16;MRPL21;MRPL47;MRPS16;MRPL17;MRPL51;MRPS34;MRPL57;MRPS18C;MRPL54;MRPL15;MRPL24;MRPL36;MRPS26;MRPL34;CHCHD1;MRPS21;MRPL55;MRPL40;MRPS18A;MRPS22;TSFM;MRPS27;MRPS23;MRPL52;TUFM;MRPL44;MRPS18B;MRPS7;GADD45GIP1;MRPL41,glia_subtypes,Glia_Micro,c9ALS_vs_Control,Reactome_2022
prerank,Mitochondrial Biogenesis R-HSA-1592230,0.4701382750311998,1.6944998542033272,0.001,0.0125421077856537,0.835,37/84,16.18%,ATP5MC2;CYCS;ATP5F1B;CALM1;ATP5MC1;ATP5F1D;TFAM;ATP5ME;ATP5F1E;MAPK11;ATP5F1C;ATP5MC3;ATP5PB;POLRMT;ATP5PF;ATP5F1A;NR1D1;HCFC1;ATP5PD;MICOS13;PRKAB2;LIN9;ALAS1;MEF2D;ESRRA;APOOL;CARM1;GABPA;RXRA;CREB1;TFB2M;MBD4;MTX2;SIRT4;MICOS10;PPRC1;HSPA9,excitatory_subtypes,Ex_L5_L6_THEMIS_TMEM233,c9ALS_vs_sALS,Reactome_2022
prerank,Selective Autophagy R-HSA-9663891,0.5105240518778993,1.7113520198529295,0.001,0.0127116239971584,0.736,24/54,11.33%,HSP90AA1;DYNLL1;VDAC1;SQSTM1;TOMM20;UBA52;DYNLL2;CFTR;MAP1LC3A;PINK1;DYNC1LI2;UBE2N;PARK7;TOMM7;RPS27A;TOMM70;TOMM22;UBB;MAP1LC3B;HSPA8;UBC;USP30;TOMM40;PRKAB2,excitatory_subtypes,Ex_L6_TLE4_CCBE1,c9ALS_vs_sALS,Reactome_2022
prerank,Selective Autophagy R-HSA-9663891,-0.5073300236955316,-1.726114504123983,0.001,0.0127367769142483,0.698,30/55,16.91%,ARL13B;HSP90AA1;TOMM22;HSF1;UBA52;UBE2N;HDAC6;TOMM70;UBC;MAP1LC3A;ATG12;UBB;MAP1LC3B;PLIN3;USP30;TOMM7;PEX5;MFN2;SQSTM1;CSNK2A2;PRKAA2;VCP;FUNDC1;TOMM40;NBR1;PARK7;DYNLL1;DYNC1I2;MTERF3;RPS27A,glia_subtypes,Glia_Micro,sALS_vs_Control,Reactome_2022
prerank,MyD88 Dependent Cascade Initiated On Endosome R-HSA-975155,0.4525680989677109,1.6479980417158806,0.001,0.0129226190133025,0.933,45/94,22.35%,TIFA;RPS27A;MAPK3;SKP1;UBA52;UBB;NDUFA2;NKIRAS1;MAP2K7;NFKBIA;PPP2CB;UBC;MAPK1;S100B;DUSP3;MAPK11;JUN;RIPK2;PELI1;HMGB1;MAP2K3;IKBIP;KCNH8;APP;MAP3K8;RELA;TP53;MAPK7;IKBKG;IRAK1;LRRC14;PPP2R1A;IKBKB;DUSP7;MAPK9;TMED7-TICAM2;UBE2N;USP14;IRAK4;NOD1;NKIRAS2;PPP2R5D;TICAM1;MEF2A;MAPKAPK3,excitatory_subtypes,Ex_L5_PCP4_NXPH2,c9ALS_vs_sALS,Reactome_2022
prerank,Autophagy R-HSA-9612973,0.4520857581538188,1.7302393255099788,0.0016366612111292,0.013017887864889,0.692,35/121,9.52%,HSP90AB1;HSP90AA1;UBA52;LAMTOR1;DYNLL1;TOMM20;RPS27A;TOMM7;VPS28;PRKAB2;GABARAPL1;DYNLL2;VPS37D;EEF1A1;MFN2;CHMP2B;UBC;RRAGC;MAP1LC3A;ATG4B;LAMTOR2;PARK7;MAP1LC3B;VDAC1;LAMTOR3;CHMP2A;UBB;NBR1;UBE2N;LAMTOR5;FUNDC1;GABARAPL2;TOMM22;ATG4D;HSPA8,excitatory_subtypes,Ex_L6_TLE4_MEGF11,c9ALS_vs_sALS,Reactome_2022
prerank,Mitochondrial Calcium Ion Transport R-HSA-8949215,0.5902884013601615,1.681409571150833,0.0168855534709193,0.0131362740139673,0.907,7/20,5.81%,STOML2;VDAC1;PHB2;VDAC2;SMDT1;LETM1;PMPCA,broad,Excitatory,c9ALS_vs_sALS,Reactome_2022
prerank,Fcgamma Receptor (FCGR) Dependent Phagocytosis R-HSA-2029480,-0.4499997124238488,-1.6711865267734751,0.0015082956259426,0.0142532409549503,0.891,37/81,26.77%,PRKCSH;CYFIP2;NCKIPSD;LIMK1;MAPK3;WASL;ITPR2;ABI1;PLD3;MAPK1;BRK1;AHCYL1;ACTG1;NCKAP1;PKN1;ACTR2;ARPC2;VAV1;BAIAP2;VPS72;WIPF1;MYO9B;DOCK1;HSP90AB1;MYO10;PLA2G6;WASF2;PRKCE;HSP90AA1;ELMO1;ARPC5;WASF3;PLCG1;PTK2;VAV2;ITPR1;PLCG2,excitatory_subtypes,Ex_L5_PCP4_NXPH2,sALS_vs_Control,Reactome_2022
prerank,Cross-presentation Of Soluble Exogenous Antigens (Endosomes) R-HSA-1236978,0.4932460713204978,1.7593043859009667,0.0018832391713747,0.01426694588896,0.688,19/47,13.91%,FCGR1A;PSMB8;PSMC5;PSME1;PSMA4;MRC2;PSMB6;PSMC4;PSMB4;PSMB10;PSMC3;PSMB5;PSMB3;PSME2;PSMD4;PSMD8;SEM1;PSMA1;PSMD10,broad,Glia,c9ALS_vs_sALS,Reactome_2022
prerank,DDX58/IFIH1-mediated Induction Of Interferon-Alpha/Beta R-HSA-168928,-0.5128746550792012,-1.85987178366298,0.001,0.0156597580418268,0.249,33/66,21.84%,PDZD2;APP;HSP90AA1;HMGB1;AGER;RELA;UBE2D3;IRF7;NFKB2;NFKBIA;CYLD;NFKB1;S100B;UBE2D1;HSP90AB1;NKIRAS2;PCBP2;IKBKG;TNFAIP3;TRAF6;SIKE1;TRIM4;TAX1BP1;DHX58;UBC;RIPK1;S100A12;ATG12;UBA52;NLRX1;CASP8;IFIH1;NFKBIB,glia_subtypes,Glia_Micro,c9ALS_vs_Control,Reactome_2022
prerank,Autophagy R-HSA-9612973,0.4361452313160457,1.6833837418643316,0.001,0.0156922362942771,0.819,44/120,12.49%,HSP90AA1;DYNLL1;ATG101;VDAC1;HSP90AB1;LAMTOR3;RRAGA;SQSTM1;LAMTOR5;TOMM20;CHMP2A;GABARAPL2;UBA52;DYNLL2;CFTR;MAP1LC3A;PINK1;DYNC1LI2;UBE2N;GABARAPL1;PARK7;TOMM7;LAMTOR1;EEF1A1;RPS27A;TOMM70;ATG4D;TOMM22;LAMTOR4;UBB;RRAGC;WDR45B;WDR45;MAP1LC3B;MLST8;HSPA8;UBC;USP30;RHEB;TOMM40;PRKAB2;CHMP4B;VPS28;VPS37D,excitatory_subtypes,Ex_L6_TLE4_CCBE1,c9ALS_vs_sALS,Reactome_2022
prerank,Synthesis Of PIPs At Early Endosome Membrane R-HSA-1660516,-0.6530441852638348,-1.8616383049892236,0.0061099796334012,0.015970547540376,0.335,13/16,23.54%,PIK3C2A;MTMR10;INPP5F;MTMR12;PIKFYVE;MTMR2;PIK3C3;PIK3R4;PI4K2B;MTM1;VAC14;FIG4;INPP4B,broad,Glia,c9ALS_vs_sALS,Reactome_2022
prerank,SARS-CoV-2 Activates/Modulates Innate And Adaptive Immune Responses R-HSA-9705671,-0.4519920410581314,-1.6948933563102528,0.001,0.0165229372811164,0.801,36/101,16.50%,HLA-A;HLA-C;HLA-B;HSP90AA1;SAR1B;ISG15;STAT2;RANBP2;PTPN6;UBE2N;IKBKG;HSP90AB1;B2M;SIKE1;TOMM70;NUP58;SEC24B;IRF7;HLA-E;TPR;TRAF6;BECN1;RIPK2;MAP3K7;TAB3;IRAK1;HLA-F;NUP107;SFTPD;G3BP1;POM121C;TAB1;NUP188;NUP85;SEC24C;CNBP,glia_subtypes,Glia_Micro,sALS_vs_Control,Reactome_2022
prerank,Late Endosomal Microautophagy R-HSA-9615710,-0.5417951390183549,-1.6736996202248444,0.00625,0.0167827193052398,0.872,14/31,12.51%,VPS28;VPS37D;UBC;UBA52;CHMP6;CHMP4B;UBB;CHMP2A;CHMP7;UBAP1;PLIN2;VPS37B;HSPA8;HDAC6,broad,Excitatory,sALS_vs_Control,Reactome_2022
prerank,Anti-inflammatory Response Favoring Leishmania Infection R-HSA-9662851,-0.4094398926044262,-1.7506242419938236,0.001,0.0169708759908645,0.653,57/149,19.55%,FCGR1A;HCK;GNB2;SRC;FURIN;ADRB1;HRH2;PTH1R;GNB3;RAMP1;CYSLTR1;GPR84;PTGER4;AHCYL1;HTR7;ITPR2;SYK;ADCY7;GNGT1;RHBDF2;SCT;FCGR2A;LYN;CALCRL;GNB4;GNG12;PLCG2;ADRB2;ADCY4;ADCY2;GNG8;ADCY8;PTGIR;DPEP3;ADORA2B;ADCYAP1R1;GPR27;RXFP2;ADCY6;GNG2;FGR;GNGT2;ITPR1;VIPR2;GNG4;FSHR;GPR176;PTGER2;PRKCA;NLRP3;ADCY9;IAPP;GHRH;POMC;FYN;RAMP2;INSL3,broad,Glia,sALS_vs_Control,Reactome_2022
prerank,Response Of Mtb To Phagocytosis R-HSA-9637690,-0.6241541586887375,-1.6910791822525713,0.0063291139240506,0.0171105437515236,0.816,12/19,16.91%,CORO1A;UBA52;MAPK3;UBC;HGS;KPNB1;UBB;RAB7A;TRIM27;DUSP16;MAPK1;RPS27A,glia_subtypes,Glia_Micro,sALS_vs_Control,Reactome_2022
prerank,Cell Recruitment (Pro-Inflammatory Response) R-HSA-9664424,0.5397782270465269,1.6464589573487431,0.0134615384615384,0.0172569233927047,0.958,6/24,4.32%,HSP90AB1;TXN2;HMOX1;PYCARD;PSTPIP1;SUGT1,broad,Excitatory,c9ALS_vs_sALS,Reactome_2022
prerank,Response Of Mtb To Phagocytosis R-HSA-9637690,-0.6691709321058164,-1.745449251999475,0.0053763440860215,0.0184662348882631,0.618,9/20,5.76%,MAPK3;HGS;UBA52;UBC;CORO1A;RAB7A;UBB;PGK1;ENO1,broad,Inhibitory,sALS_vs_Control,Reactome_2022
prerank,Mitochondrial Protein Import R-HSA-1268020,-0.5031370614749654,-1.7251149136878086,0.0021551724137931,0.0186116843021558,0.708,26/58,16.44%,PMPCA;SLC25A6;CS;IDH3G;ATP5F1B;CHCHD10;TIMM22;TOMM22;TIMM44;GFER;HSPD1;TIMM50;TIMM17B;TIMM9;BCS1L;VDAC1;CHCHD5;CHCHD2;TIMM13;TOMM40;ATP5F1A;ATP5MC1;TOMM20;COA6;ACO2;TIMM10,excitatory_subtypes,Ex_L5_L6_THEMIS_TMEM233,sALS_vs_Control,Reactome_2022
prerank,Golgi Associated Vesicle Biogenesis R-HSA-432722,-0.4835102895351702,-1.822263781212373,0.001,0.018632305463772,0.456,23/52,19.56%,PIK3C2A;TPD52;PICALM;SORT1;GOLGB1;ARRB1;SNX9;DNAJC6;AP1G1;HOMER2;AP1S2;CLINT1;DNM2;AP3B1;ACBD3;HIP1R;AP4B1;GAK;SH3D19;DTNBP1;TBC1D8B;CLTA;IGF2R,broad,Glia,c9ALS_vs_sALS,Reactome_2022
prerank,Anti-inflammatory Response Favoring Leishmania Infection R-HSA-9662851,0.3969401192452452,1.717374630452221,0.001,0.019490145026473,0.83,45/148,12.63%,HTR7;HCK;FCGR1A;GNB2;GNG2;CALCRL;LYN;ADCY7;GNB4;SCT;PLCG2;HRH2;SYK;GNB3;GNG11;RHBDF2;ADCYAP1;SRC;LHB;GNGT2;RAMP1;GPR84;MC5R;DRD5;IL6;NLRP3;ADRB2;AHCYL1;POMC;GHRH;ADRB1;GNG3;PTHLH;FCGR2A;FURIN;CYSLTR1;CALM1;GPR83;GPR176;ITPR2;PTGDR;GGT5;PTH1R;ITPR1;ADCYAP1R1,broad,Glia,c9ALS_vs_sALS,Reactome_2022
prerank,Activation Of IRF3/IRF7 Mediated By TBK1/IKK Epsilon R-HSA-936964,0.6145211020465023,1.717853744370927,0.0094696969696969,0.0195305691969428,0.827,10/16,12.60%,IKBKE;IRF7;LY96;UBA52;TRAF3;RPS27A;NDUFA2;UBB;TICAM1;SARM1,broad,Glia,c9ALS_vs_sALS,Reactome_2022
prerank,Mitochondrial Protein Import R-HSA-1268020,-0.5274126638039482,-1.7217710178874852,0.001,0.0200581587005893,0.698,27/58,17.99%,PMPCA;CHCHD10;CS;ATP5F1B;GFER;SLC25A6;IDH3G;HSPD1;TOMM40;TIMM13;TIMM17B;TOMM22;CCNI;TIMM50;BCS1L;TIMM22;TIMM10;GRPEL2;ATP5F1A;CHCHD2;TOMM20;VDAC1;CHCHD7;ATP5MC1;COA4;GRPEL1;TAFAZZIN,broad,Inhibitory,sALS_vs_Control,Reactome_2022
prerank,DDX58/IFIH1-mediated Induction Of Interferon-Alpha/Beta R-HSA-168928,-0.4483110137884609,-1.712756433960814,0.001,0.020299992597597,0.759,21/67,11.99%,IRF7;UBA7;AGER;IKBKG;DHX58;HMGB1;NFKB2;ISG15;IKBKE;PCBP2;UBE2L6;UBB;TNFAIP3;HSP90AA1;MAP3K1;NKIRAS2;TRIM25;RNF135;UBC;HSP90AB1;UBA52,broad,Glia,sALS_vs_Control,Reactome_2022
prerank,Interferon Alpha/Beta Signaling R-HSA-909733,-0.4890302329266155,-1.664615283030535,0.0058365758754863,0.0207024818613644,0.874,20/57,11.42%,HLA-A;HLA-C;HLA-B;ISG15;STAT2;BST2;PTPN6;SOCS3;KPNB1;IRF9;EGR1;IRF7;HLA-E;ADAR;IFI35;IP6K2;IFI27;IRF1;PSMB8;HLA-F,glia_subtypes,Glia_Micro,sALS_vs_Control,Reactome_2022
prerank,Macroautophagy R-HSA-1632852,0.4449838512803269,1.6722717304456869,0.0016556291390728,0.020826658245044,0.864,31/107,9.52%,HSP90AA1;UBA52;LAMTOR1;DYNLL1;TOMM20;RPS27A;TOMM7;PRKAB2;GABARAPL1;DYNLL2;MFN2;CHMP2B;UBC;RRAGC;MAP1LC3A;ATG4B;LAMTOR2;PARK7;MAP1LC3B;VDAC1;LAMTOR3;CHMP2A;UBB;NBR1;UBE2N;LAMTOR5;FUNDC1;GABARAPL2;TOMM22;ATG4D;HSPA8,excitatory_subtypes,Ex_L6_TLE4_MEGF11,c9ALS_vs_sALS,Reactome_2022
prerank,Response Of Mtb To Phagocytosis R-HSA-9637690,-0.5976246582353968,-1.6377295956988882,0.0135135135135135,0.0208659681458882,0.934,11/20,13.15%,MAPK3;HGS;ENO1;UBC;UBA52;UBB;CORO1A;PGK1;NANOS2;MAPK1;RAB7A,broad,Excitatory,sALS_vs_Control,Reactome_2022
prerank,DDX58/IFIH1-mediated Induction Of Interferon-Alpha/Beta R-HSA-168928,-0.4684514360449672,-1.6624650334662356,0.001,0.0209947771483004,0.88,23/66,8.26%,PCBP2;HMGB1;HSP90AA1;UBE2D3;ISG15;UBA52;IKBKG;HSP90AB1;SIKE1;TOMM70;UBC;CYLD;ATG12;IRF7;UBB;UBE2L6;NFKBIA;TRAF6;NKIRAS2;NFKB1;NFKB2;RELA;UBA7,glia_subtypes,Glia_Micro,sALS_vs_Control,Reactome_2022
prerank,MyD88 Dependent Cascade Initiated On Endosome R-HSA-975155,0.4138993601082793,1.7057330604013012,0.001,0.0211821798413957,0.859,29/96,11.19%,LRRC14;TIFA;DUSP4;MYD88;MAP3K1;IRAK1;MAPK11;IRF7;MAPK3;LY96;MAPK7;UBA52;DUSP6;HMGB1;USP18;RPS27A;TAB2;NDUFA2;ALPK1;NOD1;MEF2C;MAP3K8;DUSP7;NKIRAS2;MAPKAPK3;UBB;NFKB2;TICAM1;TLR7,broad,Glia,c9ALS_vs_sALS,Reactome_2022
prerank,Fcgamma Receptor (FCGR) Dependent Phagocytosis R-HSA-2029480,-0.4798137414247269,-1.8131213928841536,0.001,0.0219106675871105,0.421,21/80,9.40%,MAPK3;MAPK1;WASL;CYFIP2;AHCYL1;PLD3;WIPF3;CRK;PIK3CA;BAIAP2;ACTG1;ITPR2;PLCG1;SRC;VAV1;WASF1;PLA2G6;GRB2;PRKCSH;ACTR3;NCKAP1,excitatory_subtypes,Ex_L5_L6_THEMIS_NR4A2,sALS_vs_Control,Reactome_2022
prerank,Mitochondrial Translation Termination R-HSA-5419276,-0.4444375897690037,-1.629566587308724,0.001,0.0220205494757485,0.942,27/75,15.17%,MRPL41;MRPS2;MRPL4;MRPL55;MRPL10;GADD45GIP1;OXA1L;AURKAIP1;MRPS34;ERAL1;MRPL20;MRPL18;MRPL34;MRPL44;MRPL49;MRPL43;MRPS26;MRPL54;MRPL9;MRPL17;MRPS33;MRPS21;MRPL24;MRPL11;CHCHD1;MRPL37;MRPL40,broad,Excitatory,sALS_vs_Control,Reactome_2022
prerank,DDX58/IFIH1-mediated Induction Of Interferon-Alpha/Beta R-HSA-168928,-0.4500038442784221,-1.629717602810555,0.002127659574468,0.0220576763053879,0.942,31/74,20.40%,PCBP2;IKBKG;UBC;UBA52;AGER;HSP90AA1;UBB;HSP90AB1;TNFAIP3;SIKE1;HMGB1;OTUD5;NKIRAS2;APP;RELA;UBA7;NFKBIA;TKFC;IRF3;IFIH1;UBE2D1;NFKBIB;DHX58;IRF7;MAP3K1;ATG12;RPS27A;UBE2D3;FADD;TOMM70;NKIRAS1,broad,Excitatory,sALS_vs_Control,Reactome_2022
prerank,MyD88 Dependent Cascade Initiated On Endosome R-HSA-975155,0.4410023762819371,1.6247267881247829,0.001,0.0221062234733369,0.958,28/95,12.60%,PPP2R1A;UBA52;UBC;SKP1;RELA;LRRC14;PELI3;UBB;NFKBIA;MAPK11;NDUFA2;ECSIT;MAPK3;PPP2CB;RPS27A;TIFA;IKBKG;TICAM1;DUSP3;TMED7-TICAM2;APP;UBE2N;IRAK1;MAPK1;ALPK1;DUSP7;HMGB1;CREB1,excitatory_subtypes,Ex_L5_L6_THEMIS_TMEM233,c9ALS_vs_sALS,Reactome_2022
prerank,Role Of Phospholipids In Phagocytosis R-HSA-2029485,-0.6441045811594985,-2.00008878200675,0.001,0.0223288598526184,0.056,11/23,13.09%,PRKCSH;PLA2G6;PLD2;ITPR2;AHCYL1;PLPP5;FCGR1A;PLPP4;PIK3CA;PLCG1;PLD4,broad,Glia,c9ALS_vs_Control,Reactome_2022
prerank,COPII-mediated Vesicle Transport R-HSA-204005,-0.4740913645690551,-1.6557897709613378,0.001,0.0224004834986474,0.898,28/64,19.08%,YKT6;SAR1B;SEC22B;SEC16A;SEC24B;TGFA;GORASP1;RAB1B;CTSZ;PPP6C;TMED2;TBC1D20;STX17;TFG;PREB;SERPINA1;CNIH2;USO1;BET1;NSF;NAPSA;PPP6R3;NAPG;SEC24C;COL7A1;LMAN2;SCFD1;CD59,glia_subtypes,Glia_Micro,sALS_vs_Control,Reactome_2022
prerank,Mitochondrial Translation Elongation R-HSA-5389840,-0.4412848955522145,-1.622439231255013,0.001,0.0230296069902236,0.953,28/75,15.17%,MRPL41;TUFM;MRPS2;MRPL4;MRPL55;MRPL10;GADD45GIP1;OXA1L;AURKAIP1;MRPS34;ERAL1;MRPL20;MRPL18;MRPL34;MRPL44;MRPL49;MRPL43;MRPS26;MRPL54;MRPL9;MRPL17;MRPS33;MRPS21;MRPL24;MRPL11;CHCHD1;MRPL37;MRPL40,broad,Excitatory,sALS_vs_Control,Reactome_2022
prerank,Activation Of IRF3/IRF7 Mediated By TBK1/IKK Epsilon R-HSA-936964,0.632560129037218,1.618988596540681,0.0135135135135135,0.0231881081882174,0.965,7/15,6.07%,UBA52;UBC;UBB;NDUFA2;RPS27A;TICAM1;TMED7-TICAM2,excitatory_subtypes,Ex_L5_L6_THEMIS_TMEM233,c9ALS_vs_sALS,Reactome_2022
prerank,Mitochondrial Translation Initiation R-HSA-5368286,0.4655303430407341,1.6777759347488312,0.0019342359767891,0.0234979724841356,0.853,38/74,28.48%,MRPL16;MRPL21;MRPL47;MRPS16;MRPL17;MRPL51;MRPS34;MRPL57;MRPS18C;MRPL54;MRPL15;MRPL24;MRPL36;MRPS26;MRPL34;CHCHD1;MRPS21;MRPL55;MRPL40;MRPS18A;MRPS22;MRPS27;MRPS23;MRPL52;MRPL44;MRPS18B;MRPS7;GADD45GIP1;MRPL41;MTFMT;MTIF2;MRPL45;MRPL33;MRPL39;MRPS10;MRPL9;MRPS33;MRPS35,glia_subtypes,Glia_Micro,c9ALS_vs_Control,Reactome_2022
prerank,Response Of Mtb To Phagocytosis R-HSA-9637690,-0.663253184970674,-1.7968930097782094,0.0104384133611691,0.0236492532098083,0.48,9/19,10.83%,MAPK3;MAPK1;HGS;ENO1;UBA52;RAB7A;UBB;UBC;TRIM27,excitatory_subtypes,Ex_L5_L6_THEMIS_NR4A2,sALS_vs_Control,Reactome_2022
prerank,Anti-inflammatory Response Favoring Leishmania Infection R-HSA-9662851,-0.400575977095811,-1.6174835613133318,0.001,0.0237078707235076,0.958,45/147,16.30%,GNB2;GNG3;FURIN;CHGA;GNB3;GPR27;GNGT2;GNAS;DRD1;PRKAR1B;C1QTNF1;ADCY7;PRKAR1A;GNAI2;INSL3;GNG8;GNAZ;GPR20;PTGIR;PTHLH;CALCB;ADRB1;GPBAR1;ADM;AHCYL1;ITPR2;PLCG2;GNG13;DRD5;GNAI3;HCK;HTR6;DPEP2;CALM1;CRH;SRC;GPR150;NPSR1;MC4R;POMC;PLK2;PRKX;RHBDF2;HTR7;CALCR,broad,Excitatory,sALS_vs_Control,Reactome_2022
prerank,ADORA2B Mediated Anti-Inflammatory Cytokine Production R-HSA-9660821,-0.4151350581130256,-1.6140117339141284,0.001,0.0241896965515975,0.961,51/117,23.56%,GNB2;GNG3;CHGA;GNB3;GPR27;GNGT2;GNAS;DRD1;PRKAR1B;C1QTNF1;ADCY7;PRKAR1A;GNAI2;INSL3;GNG8;GNAZ;GPR20;PTGIR;PTHLH;CALCB;ADRB1;GPBAR1;ADM;GNG13;DRD5;GNAI3;HTR6;CRH;GPR150;NPSR1;MC4R;POMC;PRKX;HTR7;CALCR;CYSLTR2;GPR84;PTH2;ADORA2B;GNG2;GNB1;IAPP;PRKACB;PTH1R;GNG11;GPR83;CPAMD8;CALCA;GHRHR;GHRH;SCT,broad,Excitatory,sALS_vs_Control,Reactome_2022
prerank,Lysosome Vesicle Biogenesis R-HSA-432720,-0.5169749070677923,-1.5995909745878356,0.0113821138211382,0.024387448668805,0.983,20/31,26.79%,AP1G2;AP1B1;HGS;CLTB;CLTA;AP1S2;CHMP2A;HSPA8;CTSZ;CLTC;AP1S3;AP4S1;APP;DNM2;DNASE2;DNAJC6;AP1G1;CLVS2;AP1S1;AP4E1,excitatory_subtypes,Ex_L5_PCP4_NXPH2,sALS_vs_Control,Reactome_2022
prerank,Activation Of IRF3/IRF7 Mediated By TBK1/IKK Epsilon R-HSA-936964,-0.6082727777639262,-1.6129625875381166,0.0201342281879194,0.0243886831195134,0.963,12/16,21.25%,TICAM1;UBC;UBA52;UBB;TMED7-TICAM2;NDUFA2;IRF3;IRF7;RPS27A;LY96;SARM1;IKBKE,broad,Excitatory,sALS_vs_Control,Reactome_2022
prerank,Transcriptional Activation Of Mitochondrial Biogenesis R-HSA-2151201,-0.4647226679775133,-1.889473871442186,0.001,0.0251142656445686,0.293,17/51,11.21%,PPARGC1A;MEF2D;NR1D1;ESRRA;CARM1;CRTC1;TBL1X;POLRMT;HCFC1;CRTC2;GABPA;GLUD1;ATP5F1B;PPRC1;MTERF1;TFB2M;IDH2,excitatory_subtypes,Ex_L5_L6_THEMIS_NR4A2,c9ALS_vs_Control,Reactome_2022
prerank,Mitochondrial Translation Elongation R-HSA-5389840,-0.470272051481348,-1.6660188110875431,0.0021978021978021,0.0258341249001657,0.879,24/74,13.56%,MRPL41;MRPL4;MRPL10;AURKAIP1;MRPS2;TUFM;OXA1L;GADD45GIP1;MRPL18;MRPS34;MRPL49;MRPL20;MRPL55;MRPL34;MRPL54;MRPL9;MRPL44;MRPL43;MRPS21;MRPL17;MRPS26;MRPL35;ERAL1;MRPL24,excitatory_subtypes,Ex_L5_L6_THEMIS_TMEM233,sALS_vs_Control,Reactome_2022
prerank,Mitochondrial Translation Initiation R-HSA-5368286,-0.4379649899214057,-1.5998383617411307,0.001,0.0263760986276859,0.971,27/75,15.17%,MRPL41;MRPS2;MRPL4;MRPL55;MRPL10;GADD45GIP1;OXA1L;AURKAIP1;MRPS34;ERAL1;MRPL20;MRPL18;MRPL34;MRPL44;MRPL49;MRPL43;MRPS26;MRPL54;MRPL9;MRPL17;MRPS33;MRPS21;MRPL24;MRPL11;CHCHD1;MRPL37;MRPL40,broad,Excitatory,sALS_vs_Control,Reactome_2022
prerank,Mitochondrial Fatty Acid Beta-Oxidation R-HSA-77289,0.5135084661769304,1.5888120914312598,0.0152963671128107,0.0273359370061051,0.985,14/34,22.46%,ACADS;ACAA2;HADHB;ACOT7;DBI;NDUFAB1;ACADVL;ACADM;MCAT;ACOT13;DECR1;ECHS1;ACBD6;ECI1,glia_subtypes,Glia_Micro,c9ALS_vs_sALS,Reactome_2022
prerank,Cross-presentation Of Soluble Exogenous Antigens (Endosomes) R-HSA-1236978,-0.499141499825806,-1.6532162823680154,0.0069605568445475,0.0277791655859479,0.902,25/45,22.49%,PSMD10;PSMB4;PSMD3;PSMA4;SEM1;PSMD4;PSMB3;PSMC4;PSMC3;PSMB5;PSME2;PSMA1;PSMC5;PSMC2;PSMD8;MRC1;PSME4;PSMD2;PSME3;MRC2;PSMB6;PSMD12;PSMB2;PSMD6;PSMD11,excitatory_subtypes,Ex_L5_L6_THEMIS_TMEM233,sALS_vs_Control,Reactome_2022
prerank,Role Of Phospholipids In Phagocytosis R-HSA-2029485,-0.5862316366216063,-1.8555491815280205,0.001,0.0278990132066348,0.355,7/20,4.98%,AHCYL1;PLD2;ITPR1;ITPR2;PLA2G6;PRKCD;PLD3,excitatory_subtypes,Ex_L5_L6_THEMIS_NR4A2,c9ALS_vs_Control,Reactome_2022
prerank,MyD88 Dependent Cascade Initiated On Endosome R-HSA-975155,-0.4686184325765046,-1.7796908824280735,0.001,0.0280634394209373,0.53,49/96,22.63%,TICAM1;DUSP7;APP;TLR7;HMGB1;KCNH8;MAP2K4;RIPK2;MAPK8;TAB3;N4BP1;AGER;RELA;MAPK3;IRF7;NFKB2;MYD88;NFKBIA;NFKB1;MAPK10;S100B;MAP3K7;TMED7-TICAM2;MAP2K7;MAP2K1;USP14;JUN;NKIRAS2;IRAK2;NOD2;FBXW11;MAPKAPK3;IKBKG;PPP2R1B;TRAF6;DUSP3;UBC;S100A12;TP53;MAPK14;UBA52;NLRX1;CASP8;CREB1;RPS6KA3;NFKBIB;MAPKAPK2;TAB1;TNIP2,glia_subtypes,Glia_Micro,c9ALS_vs_Control,Reactome_2022
prerank,Mitochondrial Translation Initiation R-HSA-5368286,-0.4868011975427235,-1.6636844197754377,0.0017064846416382,0.0283584685717171,0.888,31/75,18.09%,MRPL41;MRPL4;MRPL10;MRPL18;MRPL9;ERAL1;AURKAIP1;MRPL55;MRPS2;OXA1L;MRPL44;MRPL34;MRPL49;GADD45GIP1;MRPL43;MRPS26;MRPL32;MRPL20;MRPS15;MRPS33;MRPS21;MRPS34;MRPL54;MRPL17;MRPL37;CHCHD1;MRPL40;MRPL23;MRPL52;MRPL36;MRPL50,broad,Inhibitory,sALS_vs_Control,Reactome_2022
prerank,Role Of Phospholipids In Phagocytosis R-HSA-2029485,-0.5627398584566561,-1.5851580423547982,0.0274261603375527,0.0289203209888074,0.985,9/22,16.59%,PRKCSH;PLD3;PLA2G6;AHCYL1;ITPR2;PLCG2;PLPP5;PRKCD;PIK3CA,broad,Excitatory,sALS_vs_Control,Reactome_2022
prerank,Mitochondrial Translation Termination R-HSA-5419276,-0.4819300453301352,-1.6547590440123567,0.001,0.0290527142335997,0.9,31/75,18.09%,MRPL41;MRPL4;MRPL10;MRPL18;MRPL9;ERAL1;AURKAIP1;MRPL55;MRPS2;OXA1L;MRPL44;MRPL34;MRPL49;GADD45GIP1;MRPL43;MRPS26;MRPL32;MRPL20;MRPS15;MRPS33;MRPS21;MRPS34;MRPL54;MRPL17;MRPL37;CHCHD1;MRPL40;MRPL23;MRPL52;MRPL36;MRPL50,broad,Inhibitory,sALS_vs_Control,Reactome_2022
prerank,Macroautophagy R-HSA-1632852,-0.4244663852352063,-1.622459024280905,0.001,0.0292711694319691,0.955,46/106,16.91%,ARL13B;HSP90AA1;LAMTOR3;TOMM22;HSF1;UBA52;UBE2N;HDAC6;ATG4D;TOMM70;ATG3;RRAGC;UBC;MAP1LC3A;ATG12;LAMTOR4;UBB;RHEB;MAP1LC3B;BECN1;RNF103-CHMP3;PLIN3;USP30;TOMM7;PEX5;PRKAA1;MFN2;LAMTOR1;AMBRA1;SQSTM1;CSNK2A2;TSC2;PRKAA2;VCP;ATG101;FUNDC1;TOMM40;ATG4A;LAMTOR5;NBR1;MLST8;PARK7;DYNLL1;DYNC1I2;MTERF3;RPS27A,glia_subtypes,Glia_Micro,sALS_vs_Control,Reactome_2022
prerank,Mitochondrial Translation Elongation R-HSA-5389840,-0.4839339161927758,-1.65522082283907,0.0016835016835016,0.0292719129857093,0.9,32/75,18.09%,MRPL41;MRPL4;MRPL10;MRPL18;MRPL9;ERAL1;AURKAIP1;MRPL55;TUFM;MRPS2;OXA1L;MRPL44;MRPL34;MRPL49;GADD45GIP1;MRPL43;MRPS26;MRPL32;MRPL20;MRPS15;MRPS33;MRPS21;MRPS34;MRPL54;MRPL17;MRPL37;CHCHD1;MRPL40;MRPL23;MRPL52;MRPL36;MRPL50,broad,Inhibitory,sALS_vs_Control,Reactome_2022
prerank,MyD88 Dependent Cascade Initiated On Endosome R-HSA-975155,-0.4630724886572807,-1.6571341523062593,0.001,0.0293369168309098,0.894,37/96,14.02%,MAPK3;PPP2R1A;DUSP7;PELI3;MAPK11;FOS;UBA52;NKIRAS2;LRRC14;UBC;MAP2K7;PPP2R5D;JUN;MAPK7;DUSP6;AGER;PPP2CB;RELA;UBB;SKP1;TICAM1;ECSIT;RPS6KA1;MAPKAPK2;NDUFA2;DUSP4;IRAK1;DUSP3;NFKBIB;APP;TP53;IKBKG;HMGB1;MAP2K3;MAPK1;RPS27A;MAP2K4,broad,Inhibitory,sALS_vs_Control,Reactome_2022
prerank,Cell Recruitment (Pro-Inflammatory Response) R-HSA-9664424,-0.5676000216871764,-1.6212116140356334,0.0121212121212121,0.0295189331944748,0.955,14/24,9.55%,C3AR1;HMOX1;SUGT1;HSP90AB1;CASP1;NFKB1;IL1B;NFKB2;TXNIP;PYCARD;GSDMD;RELA;TXN2;IL1A,glia_subtypes,Glia_Micro,sALS_vs_Control,Reactome_2022
prerank,Mitochondrial Translation Termination R-HSA-5419276,-0.5031065606345386,-1.7059832183871613,0.0017152658662092,0.0302357238470701,0.718,30/73,17.12%,MRPL41;MRPS34;MRPL10;MRPL44;MRPL4;MRPL55;GADD45GIP1;OXA1L;MRPL35;MRPS23;AURKAIP1;MRPL54;MRPL18;MRPL9;MRPL34;MRPS2;ERAL1;MRPS10;MRPL49;GFM2;MRPS26;MRPS33;MRPL20;MRPL24;MRPL43;MRPL15;MRPL40;MRPS7;MRPL32;MRPL51,excitatory_subtypes,Ex_L6_TLE4_CCBE1,sALS_vs_Control,Reactome_2022
prerank,DDX58/IFIH1-mediated Induction Of Interferon-Alpha/Beta R-HSA-168928,0.4605843586852031,1.5949696201296113,0.0033898305084745,0.0304587507551075,0.982,20/67,11.82%,HSP90AA1;UBA52;HSP90AB1;RPS27A;UBE2L6;UBC;NFKBIA;ISG15;UBB;PCBP2;OTUD5;FADD;IRF3;APP;NFKBIB;HMGB1;RELA;NKIRAS1;NKIRAS2;UBE2D3,broad,Inhibitory,c9ALS_vs_sALS,Reactome_2022
prerank,Phase 4 - Resting Membrane Potential R-HSA-5576886,0.5489371020025338,1.5592440655632889,0.0376237623762376,0.0311529713713485,0.997,7/19,7.78%,KCNJ4;KCNJ12;KCNK6;KCNK3;KCNK15;KCNK12;KCNK7,broad,Excitatory,c9ALS_vs_sALS,Reactome_2022
prerank,trans-Golgi Network Vesicle Budding R-HSA-199992,-0.440677825110818,-1.5698954618718397,0.0043010752688172,0.0314198281428881,0.989,27/68,18.33%,HGS;AP1G2;CLTB;AP1S1;FTL;CHMP2A;PTGES2;BLOC1S4;STX4;SNAPIN;NAPSA;AP1B1;APP;DNASE2;OCRL;YIPF6;HSPA8;TBC1D8B;AP1S2;FTH1;AP1M1;HIP1R;CLTC;TGOLN2;AP1S3;TFRC;SNX5,broad,Excitatory,sALS_vs_Control,Reactome_2022
prerank,Response Of Mtb To Phagocytosis R-HSA-9637690,0.593658800106113,1.6214717248758193,0.0166975881261595,0.0315048553424637,0.961,12/19,19.65%,UBA52;RPS27A;MAPK1;UBC;UBB;CORO1A;KPNB1;ENO1;ATP6V1H;RAB7A;PGK1;HGS,excitatory_subtypes,Ex_L6_TLE4_MEGF11,c9ALS_vs_sALS,Reactome_2022
prerank,MyD88 Dependent Cascade Initiated On Endosome R-HSA-975155,-0.4837120557190357,-1.689104428592983,0.001,0.0317029709818122,0.774,25/95,8.37%,PPP2R1A;PPP2CB;PELI3;SKP1;DUSP7;MAPK11;LRRC14;MAPK1;JUN;TICAM1;NFKBIA;UBE2N;UBA52;DUSP3;PPP2R5D;ECSIT;HMGB1;APP;MAP2K7;NFKBIB;IKBKG;RIPK2;UBB;MAP2K3;UBC,excitatory_subtypes,Ex_L6_TLE4_CCBE1,sALS_vs_Control,Reactome_2022
prerank,Lysosome Vesicle Biogenesis R-HSA-432720,-0.4997137562937857,-1.5677369435162745,0.01890756302521,0.0318215909484054,0.989,13/32,17.96%,HGS;AP1G2;CLTB;AP1S1;CHMP2A;AP1B1;APP;DNASE2;HSPA8;AP1S2;AP1M1;CLTC;AP1S3,broad,Excitatory,sALS_vs_Control,Reactome_2022
prerank,Interferon Signaling R-HSA-913531,-0.4013351140400777,-1.611746928052356,0.001,0.0321131076060461,0.965,55/171,13.80%,HLA-A;HLA-C;HLA-B;HLA-DRA;HLA-DRB1;EIF4A2;ISG15;UBA52;EIF4E2;STAT2;RANBP2;BST2;MAPK3;PTPN6;UBE2N;B2M;KPNA3;NUP58;SOCS3;UBC;KPNB1;IRF9;KPNA4;GBP1;EGR1;IRF7;FCGR1A;HLA-E;UBB;TPR;UBE2L6;ADAR;IFI35;ICAM1;TRIM35;HLA-DPA1;IP6K2;ARIH1;UBA7;TRIM26;IFI27;EIF4E;KPNA5;EIF4G2;IRF1;PSMB8;HLA-F;NUP107;PDZD2;SUMO1;PML;HLA-DQA2;MT2A;POM121C;IRF5,glia_subtypes,Glia_Micro,sALS_vs_Control,Reactome_2022
prerank,Mitochondrial Fatty Acid Beta-Oxidation R-HSA-77289,0.5298220080738857,1.6434782407870272,0.0056818181818181,0.0329383303506033,0.931,18/34,23.81%,ACAA2;DBI;ACAD10;ACOT7;ACSF2;DECR1;HADH;NDUFAB1;HADHA;ACADS;ACADM;PCCA;MECR;ACOT13;PCTP;MMUT;ACOT2;ACSM3,glia_subtypes,Glia_Micro,c9ALS_vs_Control,Reactome_2022
prerank,Chaperone Mediated Autophagy R-HSA-9613829,-0.6343441945142028,-1.7341375900041902,0.00418410041841,0.0331632133791892,0.689,13/19,19.39%,LAMP2;HSP90AA1;RNASE1;EEF1A1;PLIN2;HDAC6;PLIN3;GFAP;HSP90AB1;IFT88;UBC;CFTR;UBA52,glia_subtypes,Glia_Micro,c9ALS_vs_Control,Reactome_2022
prerank,MyD88 Dependent Cascade Initiated On Endosome R-HSA-975155,-0.4752662467285146,-1.71055597793939,0.001,0.0343554625574935,0.741,38/95,19.24%,PPP2R1A;PELI3;MAPK11;PPP2R5D;MAP2K7;SKP1;IKBKG;LRRC14;JUN;TRAF6;DUSP3;MAPK1;UBA52;ALPK1;UBC;MAPK3;PPP2CB;NKIRAS2;NLRX1;MAP2K3;DUSP7;TMED7-TICAM2;DUSP6;UBB;HMGB1;FOS;NFKBIA;NLRC5;RPS27A;TAB1;APP;NOD2;DUSP4;MAPK7;TICAM1;MAP3K8;MAPK8;N4BP1,excitatory_subtypes,Ex_L6_TLE4_MEGF11,sALS_vs_Control,Reactome_2022
prerank,Mitochondrial Translation Termination R-HSA-5419276,-0.4555848062547434,-1.6143289983540838,0.0043668122270742,0.034561543316162,0.959,23/74,13.56%,MRPL41;MRPL4;MRPL10;AURKAIP1;MRPS2;OXA1L;GADD45GIP1;MRPL18;MRPS34;MRPL49;MRPL20;MRPL55;MRPL34;MRPL54;MRPL9;MRPL44;MRPL43;MRPS21;MRPL17;MRPS26;MRPL35;ERAL1;MRPL24,excitatory_subtypes,Ex_L5_L6_THEMIS_TMEM233,sALS_vs_Control,Reactome_2022
prerank,Mitochondrial Protein Import R-HSA-1268020,0.5110450834277162,1.7148765674527124,0.001,0.0345717463713942,0.744,17/58,10.88%,TIMM17A;CHCHD7;TOMM7;TIMM8B;TIMM10;SLC25A4;TIMM8A;COA4;TIMM9;CHCHD2;DNAJC19;VDAC1;CHCHD4;ATP5MC1;COX17;CCNI;GRPEL1,broad,Excitatory,c9ALS_vs_Control,Reactome_2022
prerank,Mitochondrial Translation Initiation R-HSA-5368286,-0.4543557916284474,-1.6119684703595851,0.0043572984749455,0.03476287104978,0.961,23/74,13.56%,MRPL41;MRPL4;MRPL10;AURKAIP1;MRPS2;OXA1L;GADD45GIP1;MRPL18;MRPS34;MRPL49;MRPL20;MRPL55;MRPL34;MRPL54;MRPL9;MRPL44;MRPL43;MRPS21;MRPL17;MRPS26;MRPL35;ERAL1;MRPL24,excitatory_subtypes,Ex_L5_L6_THEMIS_TMEM233,sALS_vs_Control,Reactome_2022
prerank,Mitochondrial Translation R-HSA-5368287,-0.4179397718708979,-1.5523028845211069,0.0021598272138228,0.0351274487492796,0.997,28/81,15.17%,MRPL41;TUFM;MRPS2;MRPL4;MRPL55;MRPL10;GADD45GIP1;OXA1L;AURKAIP1;MRPS34;ERAL1;MRPL20;MRPL18;MRPL34;MRPL44;MRPL49;MRPL43;MRPS26;MRPL54;MRPL9;MRPL17;MRPS33;MRPS21;MRPL24;MRPL11;CHCHD1;MRPL37;MRPL40,broad,Excitatory,sALS_vs_Control,Reactome_2022
prerank,DDX58/IFIH1-mediated Induction Of Interferon-Alpha/Beta R-HSA-168928,0.4495621842308753,1.562651821701032,0.0103986135181975,0.0353799704832965,0.997,20/69,10.39%,HSP90AB1;HSP90AA1;UBA52;UBC;RELA;UBB;NFKBIA;PCBP2;RPS27A;IKBKG;UBE2L6;APP;UBE2D1;FADD;SIKE1;UBE2D3;ISG15;UBE2K;DHX58;TAX1BP1,excitatory_subtypes,Ex_L5_L6_THEMIS_TMEM233,c9ALS_vs_sALS,Reactome_2022
prerank,Mitochondrial Translation Elongation R-HSA-5389840,0.5026674379302783,1.7727616655876324,0.001,0.0355818226285353,0.516,34/73,19.61%,MRPS16;MRPS36;MRPS7;MRPS10;MRPL3;MRPS22;MRPL51;MRPS9;MRPS26;MRPL16;MRPL50;MRPL49;MRPL57;MRPL36;MRPL13;MRPL19;MRPS21;MRPS35;MRPL40;MRPS25;MRPL17;MRPS18B;MRPS30;MRPL35;MRPL34;GFM1;MRPS15;MRPL48;MRPL52;MRPS23;CHCHD1;MRPL24;MRPL42;PTCD3,excitatory_subtypes,Ex_L6_TLE4_CCBE1,c9ALS_vs_Control,Reactome_2022
prerank,Mitochondrial Translation Initiation R-HSA-5368286,0.5026260840920894,1.765409576957365,0.0017211703958691,0.0358200937622086,0.54,34/73,19.61%,MRPS16;MRPS36;MRPS7;MRPS10;MRPL3;MRPS22;MRPL51;MRPS9;MRPS26;MRPL16;MRPL50;MRPL49;MRPL57;MRPL36;MRPL13;MRPL19;MRPS21;MRPS35;MRPL40;MRPS25;MRPL17;MRPS18B;MRPS30;MRPL35;MRPL34;MRPS15;MTFMT;MRPL48;MRPL52;MRPS23;CHCHD1;MRPL24;MRPL42;PTCD3,excitatory_subtypes,Ex_L6_TLE4_CCBE1,c9ALS_vs_Control,Reactome_2022
prerank,Mitochondrial Translation R-HSA-5368287,-0.4674219727926456,-1.6221820922074697,0.001,0.036150179594723,0.953,32/81,18.09%,MRPL41;MRPL4;MRPL10;MRPL18;MRPL9;ERAL1;AURKAIP1;MRPL55;TUFM;MRPS2;OXA1L;MRPL44;MRPL34;MRPL49;GADD45GIP1;MRPL43;MRPS26;MRPL32;MRPL20;MRPS15;MRPS33;MRPS21;MRPS34;MRPL54;MRPL17;MRPL37;CHCHD1;MRPL40;MRPL23;MRPL52;MRPL36;MRPL50,broad,Inhibitory,sALS_vs_Control,Reactome_2022
prerank,Mitochondrial Biogenesis R-HSA-1592230,0.4345440916404204,1.5658537556812804,0.0050251256281407,0.0369186063488293,0.991,31/86,13.88%,MEF2D;CALM1;NR1D1;TMEM11;ATP5F1E;CYCS;ESRRA;ATP5PF;ATP5F1D;SMARCD3;ATP5F1B;ATP5MC3;ATP5PD;ATP5ME;MEF2C;ATP5MC2;ATP5F1A;POLRMT;MICOS10;SIRT4;SIRT3;ATP5PB;MAPK11;CREB1;MBD4;MICOS13;ATP5MC1;HSPA9;TWNK;LIN9;TFAM,broad,Inhibitory,c9ALS_vs_sALS,Reactome_2022
prerank,MyD88 Dependent Cascade Initiated On Endosome R-HSA-975155,-0.4314535209714827,-1.5879169350363391,0.0039138943248532,0.0372908519636822,0.985,43/96,16.91%,HMGB1;UBA52;MAPK3;UBE2N;IKBKG;TICAM1;MYD88;UBC;LRRC14;IRF7;MAP2K3;MAP2K4;UBB;BTRC;FBXW11;NFKBIA;DUSP7;MAPK8;TRAF6;RIPK2;PPP2CB;NKIRAS2;NFKB1;NFKB2;RELA;DUSP6;MAPK10;TNIP2;MAP3K7;TAB3;NDUFA2;IRAK1;USP14;MAP2K7;TMED7-TICAM2;TAB1;MAPK1;APP;NLRX1;AGER;PPP2R5D;N4BP1;RPS27A,glia_subtypes,Glia_Micro,sALS_vs_Control,Reactome_2022
prerank,Response Of Mtb To Phagocytosis R-HSA-9637690,-0.5794903911301916,-1.5915911996358851,0.0328947368421052,0.0386647467334247,0.976,11/20,14.31%,HGS;MAPK3;ENO1;UBC;UBA52;MAPK1;CORO1A;PGK1;UBB;ATP6V1H;RAB7A,excitatory_subtypes,Ex_L5_L6_THEMIS_TMEM233,sALS_vs_Control,Reactome_2022
prerank,Mitochondrial Biogenesis R-HSA-1592230,-0.417762718711787,-1.531065183575704,0.0087082728592162,0.0393406947652722,1.0,34/84,18.74%,MAPK11;TMEM11;ESRRA;ATP5MC1;ATP5F1B;MBD4;ATP5F1A;ATP5PD;CYCS;MICOS13;HCFC1;SIRT5;PRKAB2;MEF2D;SAMM50;POLRMT;HSPA9;MTERF1;ATP5MC3;CRTC2;APOO;PPARA;MAPK14;PRKAA2;CALM1;NR1D1;ATP5F1D;ALAS1;ATP5MC2;SIRT3;PPARGC1A;CHD9;CARM1;GLUD1,excitatory_subtypes,Ex_L5_PCP4_NXPH2,sALS_vs_Control,Reactome_2022
prerank,Mitochondrial Translation R-HSA-5368287,0.4844848227111405,1.740614528397081,0.0016835016835016,0.0399540827161687,0.642,36/79,19.61%,MRPS16;MRPS36;MRPS7;MRPS10;MRPL3;MRPS22;MRPL51;MRPS9;MRPS26;MRPL16;MRPL50;MRPL49;MRPL57;MRPL36;MRPL13;MRPL19;MRPS21;MRPS35;MRPL40;MRPS25;MRPL17;MRPS18B;MRPS30;MRPL35;MRPL34;GFM1;MRPS15;MRRF;MTFMT;MRPL48;MRPL52;MRPS23;CHCHD1;MRPL24;MRPL42;PTCD3,excitatory_subtypes,Ex_L6_TLE4_CCBE1,c9ALS_vs_Control,Reactome_2022
prerank,DDX58/IFIH1-mediated Induction Of Interferon-Alpha/Beta R-HSA-168928,0.415361483324923,1.6002831136865472,0.0072072072072072,0.0402022254237868,0.989,25/67,16.82%,UBA7;IKBKE;ISG15;MAP3K1;IRF7;UBA52;TNFAIP3;HMGB1;HERC5;RNF135;TRAF3;RPS27A;IFIH1;NKIRAS2;HSP90AB1;UBB;NFKB2;IFNA2;TRIM25;PDZD2;DHX58;AGER;UBE2L6;UBC;FADD,broad,Glia,c9ALS_vs_sALS,Reactome_2022
prerank,Activation Of IRF3/IRF7 Mediated By TBK1/IKK Epsilon R-HSA-936964,-0.573708404965171,-1.5965387684281396,0.0245535714285714,0.0405327955484045,0.978,8/16,13.71%,IRF7;TICAM1;IKBKE;UBB;LY96;UBC;UBA52;SARM1,broad,Glia,sALS_vs_Control,Reactome_2022
prerank,Macroautophagy R-HSA-1632852,-0.3856099651843899,-1.7561549601929247,0.001,0.0405586076581747,0.586,38/106,16.77%,MFN2;BECN1;PRKAA1;ATG16L1;HDAC6;PRKAB2;WIPI2;ULK1;WDR45B;RB1CC1;DYNLL2;ATG3;PGAM5;PIK3C3;PRKAA2;MFN1;SRC;TOMM40;PIK3R4;HSF1;TOMM20;ATG12;GABARAPL1;ATG9A;RRAGC;ATG13;WIPI1;USP30;TSC2;ARL13B;ATG4D;UBC;MAP1LC3A;RRAGA;PLIN3;PLIN2;MTERF3;PRKAB1,excitatory_subtypes,Ex_L5_L6_THEMIS_NR4A2,c9ALS_vs_Control,Reactome_2022
prerank,Macroautophagy R-HSA-1632852,0.3986540975530053,1.5301354460195955,0.0020325203252032,0.0408282669545438,0.996,30/106,13.89%,PINK1;ARL13B;ATG3;LAMTOR5;RNF103-CHMP3;LAMTOR3;RHEB;MAP1LC3B;GABARAPL2;TOMM22;TSC2;DYNLL1;UBB;VDAC1;UBA52;MLST8;MAP1LC3A;TOMM70;TOMM7;RRAGA;TOMM20;VCP;GABARAPL1;NBR1;PARK7;UBE2N;UBC;LAMTOR4;FUNDC1;ATG10,glia_subtypes,Glia_Micro,c9ALS_vs_sALS,Reactome_2022
prerank,Mitochondrial Calcium Ion Transport R-HSA-8949215,0.5629146694908751,1.5413868962600017,0.0212014134275618,0.0411790984591162,0.999,8/20,9.74%,STOML2;SMDT1;PMPCA;VDAC2;VDAC1;PHB2;LETM1;PMPCB,excitatory_subtypes,Ex_L5_L6_THEMIS_TMEM233,c9ALS_vs_sALS,Reactome_2022
prerank,FCGR3A-mediated Phagocytosis R-HSA-9664422,-0.4849490969867766,-1.6788065173352174,0.003883495145631,0.0424891409349755,0.872,14/55,9.40%,MAPK3;MAPK1;WASL;CYFIP2;WIPF3;CRK;BAIAP2;ACTG1;SRC;VAV1;WASF1;GRB2;ACTR3;NCKAP1,excitatory_subtypes,Ex_L5_L6_THEMIS_NR4A2,sALS_vs_Control,Reactome_2022
prerank,MyD88 Dependent Cascade Initiated On Endosome R-HSA-975155,-0.4421292164713583,-1.687862185151923,0.001,0.0425072124901299,0.853,31/95,13.91%,MAPK3;PPP2R1A;MAPK1;DUSP7;PPP2R5D;PPP2CB;NKIRAS2;MAP2K3;RELA;JUN;TICAM1;PELI3;UBA52;TAB2;IKBKG;MAPK11;CREB1;LRRC14;NLRC5;MAP3K1;UBB;PPP2R1B;UBC;TRAF6;MAP3K7;MAPK10;UBE2N;TAB1;MAPK7;MEF2C;MAP2K7,excitatory_subtypes,Ex_L5_L6_THEMIS_NR4A2,sALS_vs_Control,Reactome_2022
prerank,Mitochondrial Translation Initiation R-HSA-5368286,-0.4867488188855355,-1.6522385541473936,0.0016949152542372,0.0426189062279987,0.887,30/73,17.12%,MRPL41;MRPS34;MRPL10;MRPL44;MRPL4;MRPL55;GADD45GIP1;OXA1L;MRPL35;MRPS23;AURKAIP1;MRPL54;MRPL18;MRPL9;MRPL34;MRPS2;ERAL1;MRPS10;MRPL49;MRPS26;MRPS33;MRPL20;MRPL24;MRPL43;MTIF3;MRPL15;MRPL40;MRPS7;MRPL32;MRPL51,excitatory_subtypes,Ex_L6_TLE4_CCBE1,sALS_vs_Control,Reactome_2022
prerank,Mitochondrial Translation R-HSA-5368287,-0.4384155262975426,-1.573676136159953,0.0110619469026548,0.0429218889987337,0.981,24/80,13.56%,MRPL41;MRPL4;MRPL10;AURKAIP1;MRPS2;TUFM;OXA1L;GADD45GIP1;MRPL18;MRPS34;MRPL49;MRPL20;MRPL55;MRPL34;MRPL54;MRPL9;MRPL44;MRPL43;MRPS21;MRPL17;MRPS26;MRPL35;ERAL1;MRPL24,excitatory_subtypes,Ex_L5_L6_THEMIS_TMEM233,sALS_vs_Control,Reactome_2022
prerank,Chaperone Mediated Autophagy R-HSA-9613829,0.6308131522191707,1.7128419345494943,0.01,0.0430941207551817,0.76,15/19,27.74%,RPS27A;HSP90AB1;ARL13B;LAMP2;HSP90AA1;PARK7;CFTR;RNASE1;EEF1A1;HSPA8;UBB;UBA52;HDAC6;PLIN2;PLIN3,excitatory_subtypes,Ex_L5_PCP4_NXPH2,c9ALS_vs_Control,Reactome_2022
prerank,Interferon Alpha/Beta Signaling R-HSA-909733,0.4556422626315144,1.5432584086072074,0.0084033613445378,0.0432470657974288,0.996,22/59,17.86%,HLA-A;HLA-B;KPNB1;ISG15;IFIT1;IRF3;IFIT5;HLA-C;IFIT3;IFNAR2;IFI35;PTPN6;IFIT2;EGR1;IFITM3;IRF8;IFI6;XAF1;IRF9;IP6K2;PSMB8;OASL,broad,Inhibitory,c9ALS_vs_sALS,Reactome_2022
prerank,Autophagy R-HSA-9612973,-0.373367391851312,-1.7329752853065676,0.001,0.0437595892141346,0.654,51/120,21.78%,MFN2;BECN1;PRKAA1;ATG16L1;HDAC6;PRKAB2;WIPI2;ULK1;UBAP1;WDR45B;RB1CC1;VPS37A;DYNLL2;ATG3;PGAM5;PIK3C3;PRKAA2;MFN1;SRC;TOMM40;PIK3R4;HSF1;TOMM20;VPS37B;ATG12;GABARAPL1;ATG9A;RRAGC;ATG13;WIPI1;USP30;TSC2;ARL13B;ATG4D;UBC;MAP1LC3A;RRAGA;PLIN3;PLIN2;MTERF3;PRKAB1;DYNC1H1;LAMTOR1;CSNK2A2;TSG101;LAMP2;VCP;CHMP7;VPS28;EEF1A1;MLST8,excitatory_subtypes,Ex_L5_L6_THEMIS_NR4A2,c9ALS_vs_Control,Reactome_2022
prerank,Mitochondrial Biogenesis R-HSA-1592230,0.4272022673504191,1.571396466894165,0.0064412238325281,0.0442898317157842,0.994,30/85,12.38%,ATP5F1B;ATP5F1E;MEF2D;PRKAB2;CALM1;ATP5ME;CYCS;SMARCD3;CARM1;ATP5PD;ATP5MC1;ATP5PF;MAPK11;LIN9;TMEM11;SIRT4;ATP5MC3;CREB1;APOO;ATP5F1A;TWNK;MEF2C;RXRA;ATP5F1D;ATP5MC2;ALAS1;HCFC1;GLUD2;NR1D1;ESRRA,excitatory_subtypes,Ex_L6_TLE4_MEGF11,c9ALS_vs_sALS,Reactome_2022
prerank,Mitochondrial Biogenesis R-HSA-1592230,0.4215257000676772,1.541161347905434,0.0097465886939571,0.0465210604877109,0.998,26/85,12.04%,CALM1;ATP5F1B;MEF2D;CYCS;ATP5F1E;ATP5PF;ATP5PB;RXRA;NR1D1;ATP5ME;ATP5MC1;MICOS13;ATP5MC3;ATP5F1A;HSPA9;SMARCD3;ATP5F1D;HCFC1;ESRRA;MICOS10;CRTC2;ATP5MC2;GABPA;PRKAB2;TFAM;TMEM11,excitatory_subtypes,Ex_L6_TLE4_CCBE1,c9ALS_vs_sALS,Reactome_2022
prerank,Autophagy R-HSA-9612973,-0.4254610264979672,-1.5748590325986742,0.0033057851239669,0.0475175670489597,0.992,45/122,13.78%,MAP1LC3A;DYNLL2;PGAM5;EEF1A1;VPS28;MLST8;HSP90AA1;MAP1LC3B;UBA52;HSP90AB1;LAMTOR4;RHEB;RRAGA;UBC;HSF1;RRAGC;TOMM40;GABARAPL1;UBB;LAMTOR5;ATG4D;SQSTM1;TOMM22;LAMTOR1;CHMP4B;TSC2;MFN2;SRC;DYNLL1;VPS37D;LAMTOR2;HDAC6;PLIN2;CHMP7;ATG101;MVB12A;CHMP2A;PRKAA1;ATG9B;TOMM20;FUNDC1;VDAC1;ULK1;RPS27A;GABARAPL2,broad,Inhibitory,sALS_vs_Control,Reactome_2022
prerank,COPII-mediated Vesicle Transport R-HSA-204005,-0.4214534661259552,-1.500267358034449,0.0150862068965517,0.0479458814796603,0.999,18/65,13.14%,CNIH2;YKT6;COL7A1;RAB1B;PREB;GORASP1;TRAPPC2L;NSF;SEC24C;NAPSA;TRAPPC5;TRAPPC2;TRAPPC3;CNIH1;TMED2;BET1;SEC22B;LMAN2,broad,Excitatory,sALS_vs_Control,Reactome_2022
prerank,Mitochondrial Translation Elongation R-HSA-5389840,-0.4845474376411395,-1.6392253628921172,0.0017211703958691,0.0481120789367852,0.919,30/73,17.12%,MRPL41;MRPS34;MRPL10;MRPL44;MRPL4;MRPL55;GADD45GIP1;OXA1L;TUFM;MRPL35;MRPS23;AURKAIP1;MRPL54;MRPL18;MRPL9;MRPL34;MRPS2;ERAL1;MRPS10;MRPL49;MRPS26;MRPS33;MRPL20;MRPL24;MRPL43;MRPL15;MRPL40;MRPS7;MRPL32;MRPL51,excitatory_subtypes,Ex_L6_TLE4_CCBE1,sALS_vs_Control,Reactome_2022
prerank,Mitochondrial Translation Termination R-HSA-5419276,0.4853047381047379,1.7141014205592389,0.0034013605442176,0.04812415035939,0.743,34/73,19.61%,MRPS16;MRPS36;MRPS7;MRPS10;MRPL3;MRPS22;MRPL51;MRPS9;MRPS26;MRPL16;MRPL50;MRPL49;MRPL57;MRPL36;MRPL13;MRPL19;MRPS21;MRPS35;MRPL40;MRPS25;MRPL17;MRPS18B;MRPS30;MRPL35;MRPL34;MRPS15;MRRF;MRPL48;MRPL52;MRPS23;CHCHD1;MRPL24;MRPL42;PTCD3,excitatory_subtypes,Ex_L6_TLE4_CCBE1,c9ALS_vs_Control,Reactome_2022
prerank,Mitochondrial Translation R-HSA-5368287,-0.4755514135778838,-1.6376322291356589,0.0016891891891891,0.0486092768727822,0.923,32/79,17.12%,MRPL41;MRPS34;MRPL10;MRPL44;MRPL4;MRPL55;GADD45GIP1;OXA1L;TUFM;MRPL35;MRPS23;AURKAIP1;MRPL54;MRPL18;MRPL9;MRPL34;MRPS2;ERAL1;MRPS10;MRPL49;GFM2;MRPS26;MRPS33;MRPL20;MRPL24;MRPL43;MTIF3;MRPL15;MRPL40;MRPS7;MRPL32;MRPL51,excitatory_subtypes,Ex_L6_TLE4_CCBE1,sALS_vs_Control,Reactome_2022
prerank,Anti-inflammatory Response Favoring Leishmania Infection R-HSA-9662851,0.3907468852106565,1.5256918457532225,0.0095238095238095,0.0486749683363776,0.998,37/141,13.50%,GPR27;GNG3;CALM1;GNB1;FURIN;PRKAR1A;GNB2;GNAS;C1QTNF1;CRH;RAMP2;GNAZ;DRD1;GPR83;CHGA;MC4R;SRC;ADM;PTHLH;DRD5;PRKAR1B;CPAMD8;FSHR;RHBDF2;ADCYAP1;PLK2;FGR;ADCY7;ADRB1;CREB1;RAMP1;ITPR3;DPEP2;GPR150;GGT5;POMC;GNG2,broad,Inhibitory,c9ALS_vs_sALS,Reactome_2022
prerank,Fcgamma Receptor (FCGR) Dependent Phagocytosis R-HSA-2029480,-0.4498788273926872,-1.556485688936436,0.0033670033670033,0.0506628712276787,0.995,35/82,16.40%,PRKCSH;MAPK3;ACTG1;HSP90AA1;VPS72;PLD3;HSP90AB1;NCKIPSD;BRK1;PKN1;PLPP5;AHCYL1;MYO10;ARPC1B;FGR;PRKCD;SRC;ITPR2;CRK;LIMK1;ITPR3;PLA2G6;ITPR1;WASL;FCGR2A;ARPC5;PIK3CA;VAV1;PLD4;MAPK1;NCKAP1L;PLD2;SYK;VAV3;MYO9B,broad,Inhibitory,sALS_vs_Control,Reactome_2022
prerank,Role Of Phospholipids In Phagocytosis R-HSA-2029485,-0.5569378339050746,-1.537893867687074,0.0211267605633802,0.0524762978755492,0.996,10/22,16.97%,PRKCSH;PLD3;AHCYL1;ITPR2;PLCG2;PIK3CA;PLPP5;PLA2G6;PLD2;PRKCD,excitatory_subtypes,Ex_L5_L6_THEMIS_TMEM233,sALS_vs_Control,Reactome_2022
prerank,Activation Of IRF3/IRF7 Mediated By TBK1/IKK Epsilon R-HSA-936964,0.5814774916891768,1.5108772966114252,0.0476190476190476,0.053976716056044,1.0,7/16,7.74%,UBA52;RPS27A;UBC;UBB;IRF3;NDUFA2;TICAM1,broad,Inhibitory,c9ALS_vs_sALS,Reactome_2022
prerank,Lysosome Vesicle Biogenesis R-HSA-432720,-0.5260820307967695,-1.5420641773134145,0.023508137432188,0.0540235908052381,0.996,12/32,15.74%,HGS;AP1G2;AP1B1;AP1S1;CLTB;DNASE2;CHMP2A;APP;CLVS2;CLTA;VAMP7;AP1M1,broad,Inhibitory,sALS_vs_Control,Reactome_2022
prerank,Role Of Phospholipids In Phagocytosis R-HSA-2029485,-0.5630924360716856,-1.531501254337528,0.0284090909090909,0.0557187121861089,0.997,14/22,16.21%,PRKCSH;PLD3;PLPP5;AHCYL1;PRKCD;ITPR2;ITPR3;PLA2G6;ITPR1;FCGR2A;PIK3CA;PLD4;PLD2;SYK,broad,Inhibitory,sALS_vs_Control,Reactome_2022
prerank,Autophagy R-HSA-9612973,-0.3949612297075089,-1.5272929909619342,0.0068337129840546,0.0565971019098779,0.999,50/121,16.15%,MAP1LC3A;MLST8;VPS28;DYNLL2;PGAM5;SQSTM1;HSF1;UBC;UBA52;RRAGA;TOMM22;MAP1LC3B;VPS37D;ATG12;HSP90AA1;CHMP4B;CHMP2A;CHMP7;EEF1A1;LAMTOR4;MFN2;UBE2N;GABARAPL1;UBAP1;ATG4B;ULK1;DYNLL1;UBB;PIK3R4;PINK1;VPS37B;ATG4D;TSC2;PRKAA1;WDR45B;LAMTOR1;PRKAB2;LAMTOR3;VDAC1;WDR45;WIPI2;RHEB;TOMM40;CHMP6;VPS37C;HSP90AB1;TOMM20;RRAGC;PRKAB1;PLIN2,excitatory_subtypes,Ex_L5_L6_THEMIS_TMEM233,sALS_vs_Control,Reactome_2022
prerank,Fcgamma Receptor (FCGR) Dependent Phagocytosis R-HSA-2029480,-0.4206396654935933,-1.699142963006136,0.001,0.0567065878231825,0.79,39/83,22.22%,PRKCSH;PLA2G6;VAV3;VAV2;ABI1;PLD2;CYFIP2;ITPR2;AHCYL1;PLPP5;FCGR1A;SRC;HSP90AA1;PLPP4;FYN;NCK1;ABI2;NCKIPSD;PIK3CA;ARPC1B;PLCG1;FGR;PLD4;MYH9;ACTG1;MYH2;WASF3;ELMO2;NCKAP1;MYO10;ARPC2;MAPK1;PKN1;PLD3;MAPK3;ACTR3;MYO9B;WIPF2;ITPR3,broad,Glia,c9ALS_vs_Control,Reactome_2022
prerank,FCGR3A-mediated Phagocytosis R-HSA-9664422,0.4163207400272334,1.537496659927166,0.0130597014925373,0.0568807949872783,0.998,14/56,5.52%,BTK;HCK;WAS;CYFIP1;MAPK3;LYN;ARPC1B;NCKAP1L;WIPF3;SYK;SRC;VAV1;GRB2;BRK1,broad,Glia,c9ALS_vs_sALS,Reactome_2022
prerank,DDX58/IFIH1-mediated Induction Of Interferon-Alpha/Beta R-HSA-168928,0.4290665375262129,1.5040827201005378,0.0058708414872798,0.0577211005550006,1.0,20/66,13.00%,HSP90AA1;HSP90AB1;NFKBIA;UBA52;RPS27A;TOMM70;TKFC;TAX1BP1;UBE2D1;UBB;UBE2D3;APP;TRIM25;UBC;OTUD5;NKIRAS1;CYLD;CASP8;FADD;MAP3K1,excitatory_subtypes,Ex_L6_TLE4_CCBE1,c9ALS_vs_sALS,Reactome_2022
prerank,Interferon Alpha/Beta Signaling R-HSA-909733,0.4339042744244657,1.4541732142909405,0.0223684210526315,0.0584681797219137,1.0,16/53,17.86%,IFIT1;IRF3;HLA-A;IFIT5;IFNAR1;PTPN11;HLA-C;HLA-F;KPNB1;IFI35;IP6K2;ADAR;HLA-B;RSAD2;STAT2;PTPN6,excitatory_subtypes,Ex_L5_PCP4_NXPH2,c9ALS_vs_sALS,Reactome_2022
prerank,Macroautophagy R-HSA-1632852,-0.4183552694978004,-1.5214166146759942,0.0082236842105263,0.0590166132543153,0.999,40/108,13.78%,MAP1LC3A;DYNLL2;PGAM5;MLST8;HSP90AA1;MAP1LC3B;UBA52;LAMTOR4;RHEB;RRAGA;UBC;HSF1;RRAGC;TOMM40;GABARAPL1;UBB;LAMTOR5;ATG4D;SQSTM1;TOMM22;LAMTOR1;CHMP4B;TSC2;MFN2;SRC;DYNLL1;LAMTOR2;HDAC6;PLIN2;CHMP7;ATG101;CHMP2A;PRKAA1;ATG9B;TOMM20;FUNDC1;VDAC1;ULK1;RPS27A;GABARAPL2,broad,Inhibitory,sALS_vs_Control,Reactome_2022
prerank,Mitochondrial Biogenesis R-HSA-1592230,0.4030234984089552,1.470023157554415,0.0097465886939571,0.0599312684734256,1.0,32/83,17.42%,ATP5MC1;ATP5MC3;MICOS13;LIN9;ATP5ME;CYCS;ATP5F1D;CRTC2;ATP5F1B;ATP5PB;ATP5PD;MTX2;CHCHD3;ATP5PF;APOO;ATP5F1E;ATP5MC2;ATP5F1A;HCFC1;SIRT4;ATP5F1C;IDH2;CALM1;GLUD1;DNAJC11;POLRMT;HDAC3;ESRRA;PPRC1;APOOL;MBD4;SAMM50,glia_subtypes,Glia_Micro,c9ALS_vs_sALS,Reactome_2022
prerank,Mitochondrial Translation Initiation R-HSA-5368286,0.4784189463315458,1.7187206495190004,0.0013280212483399,0.0601865455707296,0.751,30/73,20.64%,MRPL19;MRPL32;MRPS15;MRPL39;CHCHD1;MRPL40;MRPL36;MRPS23;MRPL44;MRPL51;MRPS10;MRPL11;MRPS22;MRPS21;MRPL41;MRPL33;AURKAIP1;MRPL13;MRPS35;MRPS16;MRPS2;GADD45GIP1;MRPL34;MRPL16;MTIF2;MRPL21;MRPL49;MRPL35;MRPL50;MRPL43,excitatory_subtypes,Ex_L5_L6_THEMIS_NR4A2,c9ALS_vs_sALS,Reactome_2022
prerank,MyD88 Dependent Cascade Initiated On Endosome R-HSA-975155,0.3964173973982735,1.4934081094464686,0.006060606060606,0.0608140143768247,1.0,28/94,13.23%,SKP1;NFKBIA;DUSP3;PPP2CB;UBA52;PPP2R1A;UBE2N;PELI3;ECSIT;RPS27A;DUSP7;NDUFA2;UBB;MAPK1;USP18;APP;LRRC14;JUN;USP14;N4BP1;UBC;NKIRAS1;DUSP6;MAP2K1;CASP8;MAP3K1;CREB1;PPP2R5D,excitatory_subtypes,Ex_L6_TLE4_CCBE1,c9ALS_vs_sALS,Reactome_2022
prerank,Mitochondrial Protein Import R-HSA-1268020,0.4478954692846079,1.54929369096529,0.0095238095238095,0.0616580044300135,0.998,32/58,31.68%,ATP5MC1;TIMM8A;TIMM22;CHCHD2;SLC25A12;SLC25A4;VDAC1;DNAJC19;TIMM17B;ATP5F1A;TOMM20;COX17;CHCHD5;ATP5F1B;TIMM10;COQ2;TIMM9;SAMM50;CHCHD3;CHCHD10;MTX2;TAFAZZIN;COA6;MTX1;TOMM7;BCS1L;PMPCA;CS;SLC25A13;TIMM13;TOMM70;TOMM40,glia_subtypes,Glia_Micro,c9ALS_vs_Control,Reactome_2022
prerank,Cross-presentation Of Soluble Exogenous Antigens (Endosomes) R-HSA-1236978,0.4769993614309462,1.5866793992639656,0.0079617834394904,0.063582224341975,0.998,19/44,20.32%,PSMD7;PSMB10;PSMC3;PSMD8;PSMC4;PSMA7;PSMA3;PSMB6;PSMA4;PSMD4;PSMC5;PSMB3;PSMB5;PSMD2;PSMC1;PSMB7;PSMD14;PSMA5;PSMF1,broad,Glia,c9ALS_vs_Control,Reactome_2022
prerank,FCGR3A-mediated Phagocytosis R-HSA-9664422,-0.4105447721279583,-1.50975588065951,0.027027027027027,0.0639327179839677,1.0,26/57,23.37%,HCK;MAPK3;ARPC1B;SRC;WAS;SYK;VAV1;BTK;LYN;NCKAP1L;ABI1;ACTG1;BRK1;VAV2;FGR;CYFIP2;MYH2;MYO10;VAV3;CYFIP1;FYN;ARPC2;RNASE1;NCK1;ABI2;GRB2,broad,Glia,sALS_vs_Control,Reactome_2022
prerank,Autophagy R-HSA-9612973,0.3755701778748538,1.4594465325117238,0.0041666666666666,0.0641452165443025,1.0,34/120,13.89%,PINK1;ARL13B;ATG3;LAMTOR5;RNF103-CHMP3;LAMTOR3;RHEB;VPS37A;MAP1LC3B;GABARAPL2;TOMM22;TSC2;GFAP;DYNLL1;VPS28;UBB;VDAC1;UBA52;MLST8;MAP1LC3A;TOMM70;TOMM7;RRAGA;TOMM20;VCP;GABARAPL1;NBR1;PARK7;UBE2N;UBC;LAMTOR4;FUNDC1;MVB12A;ATG10,glia_subtypes,Glia_Micro,c9ALS_vs_sALS,Reactome_2022
prerank,Interferon Signaling R-HSA-913531,0.3673574539323577,1.4391821194218564,0.0067796610169491,0.064385053935542,1.0,52/167,19.75%,NEDD4;IFIT1;EIF4A2;RPS27A;MAPK3;UBA52;UBB;NUP50;B2M;IRF3;HLA-A;AAAS;KPNA2;GNL3;UBC;SUMO1;EIF4G1;IFIT5;KPNA4;IFNAR1;PTPN11;HLA-DRB1;TRIM35;SEC13;EIF4G2;SEH1L;CAMK2B;HLA-C;HLA-F;KPNB1;IFI35;PTPN2;SMAD7;IP6K2;ICAM1;ADAR;HLA-B;UBE2L6;CAMK2G;RSAD2;MT2A;STAT2;PIAS1;CAMK2A;UBE2N;EIF4E;PTPN6;PDZD2;KPNA5;TRIM17;PTAFR;RANBP2,excitatory_subtypes,Ex_L5_PCP4_NXPH2,c9ALS_vs_sALS,Reactome_2022
prerank,Selective Autophagy R-HSA-9663891,-0.4539237959684145,-1.5764283445510483,0.0063025210084033,0.0645521502052551,0.995,20/54,12.28%,HDAC6;PGAM5;TOMM40;HSF1;MFN2;TOMM70;MAP1LC3A;PRKAB2;ULK1;UBA52;TOMM20;DYNLL2;USP30;SRC;TOMM22;PLIN2;UBB;UBC;SQSTM1;UBE2N,excitatory_subtypes,Ex_L5_L6_THEMIS_NR4A2,sALS_vs_Control,Reactome_2022
prerank,Interferon Signaling R-HSA-913531,0.3716100374681758,1.478417908385948,0.0046728971962616,0.0652210079297792,1.0,53/178,17.12%,EIF4A2;UBA52;HLA-DPA1;HLA-A;HLA-B;RPS27A;UBE2L6;UBC;KPNA5;EIF4G2;EIF4A3;KPNB1;PRKCD;ISG15;CAMK2B;UBB;IFIT1;MAPK3;FLNA;HLA-DRB1;IRF3;SUMO1;TRIM38;GBP1;ICAM1;IFIT5;HLA-C;HLA-DQA1;IFIT3;EIF4G1;IFNAR2;IFI35;PTPN6;IFIT2;KPNA2;TRIM8;MT2A;TRIM26;GBP7;PTAFR;B2M;HLA-DRA;EGR1;CIITA;IFITM3;IRF8;IFI6;XAF1;IRF9;IP6K2;SP100;EIF4E2;PSMB8,broad,Inhibitory,c9ALS_vs_sALS,Reactome_2022
prerank,Mitochondrial Biogenesis R-HSA-1592230,-0.3876643492546603,-1.4432801973691511,0.019650655021834,0.0660654842201057,1.0,27/86,13.21%,POLRMT;MAPK11;HCFC1;NR1D1;ATP5F1B;ESRRA;CRTC2;MAPK12;CARM1;RXRA;MEF2D;ATP5F1D;ATP5MC2;SMARCD3;ATP5F1A;TMEM11;CYCS;MICOS13;PPRC1;ATP5MC1;ATP5ME;ATP5PD;ATP5MC3;HSPA9;CALM1;PPARA;ATP5F1E,broad,Excitatory,sALS_vs_Control,Reactome_2022
prerank,COPII-mediated Vesicle Transport R-HSA-204005,0.4214734193436634,1.4743269093596854,0.0199335548172757,0.0667843993629122,1.0,18/65,13.58%,MCFD2;CNIH2;CNIH1;TMED2;NSF;RAB1B;TRAPPC4;GORASP1;TRAPPC2L;TBC1D20;TRAPPC2;TRAPPC5;TRAPPC3;AREG;NAPSA;COL7A1;LMAN1;LMAN2L,broad,Inhibitory,c9ALS_vs_sALS,Reactome_2022
prerank,Mitochondrial Protein Import R-HSA-1268020,-0.4709542660506873,-1.5778684746418687,0.0039215686274509,0.0668852559681132,0.99,26/58,18.92%,SLC25A6;CS;PMPCA;IDH3G;GFER;CHCHD10;TIMM17B;ATP5F1B;TOMM20;TOMM40;COQ2;ATP5MC1;LDHD;TIMM44;CHCHD2;TIMM22;CHCHD4;CHCHD5;TOMM22;COA6;TIMM50;VDAC1;MTX1;TIMM13;TIMM8A;COX17,excitatory_subtypes,Ex_L6_TLE4_MEGF11,sALS_vs_Control,Reactome_2022
prerank,Late Endosomal Microautophagy R-HSA-9615710,0.5077932606074187,1.5057346471004227,0.0278745644599303,0.0669013517835473,1.0,11/30,10.65%,UBA52;RPS27A;VPS28;VPS37D;CHMP2B;UBC;PARK7;CHMP2A;UBB;HSPA8;CHMP4B,excitatory_subtypes,Ex_L6_TLE4_MEGF11,c9ALS_vs_sALS,Reactome_2022
prerank,Role Of Phospholipids In Phagocytosis R-HSA-2029485,-0.5475066198477823,-1.568029195440441,0.0286885245901639,0.0673516800354296,0.996,8/21,11.33%,AHCYL1;PLD3;PIK3CA;ITPR2;PLCG1;PLA2G6;PRKCSH;PRKCD,excitatory_subtypes,Ex_L5_L6_THEMIS_NR4A2,sALS_vs_Control,Reactome_2022
prerank,Lysosome Vesicle Biogenesis R-HSA-432720,0.4997656942001088,1.501325642656736,0.0227670753064798,0.0680159365917879,1.0,16/31,19.65%,CLTB;AP1S1;CTSZ;AP1G2;CHMP2A;DNASE2;VAMP7;AP1B1;CLVS2;HSPA8;M6PR;AP1S3;AP1M2;APP;CLVS1;HGS,excitatory_subtypes,Ex_L6_TLE4_MEGF11,c9ALS_vs_sALS,Reactome_2022
prerank,Mitochondrial tRNA Aminoacylation R-HSA-379726,-0.5444178047666943,-1.589494260650046,0.0384615384615384,0.0682020014580157,0.988,8/19,16.78%,RARS2;IARS2;CARS2;FARS2;TARS2;YARS2;LARS2;PPA2,broad,Glia,c9ALS_vs_sALS,Reactome_2022
prerank,Lysosome Vesicle Biogenesis R-HSA-432720,0.4846719575400338,1.4677827737062163,0.0384615384615384,0.068563794274373,1.0,14/32,17.70%,AP1S1;AP1S2;AP1B1;CHMP2A;CLTB;AP4M1;AP1M1;HSPA8;APP;CLTC;HGS;AP1M2;CLTA;DNASE2,broad,Inhibitory,c9ALS_vs_sALS,Reactome_2022
prerank,Autophagy R-HSA-9612973,-0.3925583568890659,-1.556231053981018,0.0041493775933609,0.0689597875783878,0.998,41/120,14.45%,HDAC6;PGAM5;TOMM40;HSF1;MLST8;MFN2;ATG13;TOMM70;MAP1LC3A;RHEB;PRKAB2;ULK1;UBA52;TOMM20;DYNLL2;BECN1;USP30;EEF1A1;RRAGA;ATG9A;VPS28;SRC;UBAP1;MVB12A;TOMM22;LAMTOR1;RRAGC;VPS37A;VPS37B;PLIN2;UBB;UBC;WDR45B;SQSTM1;ATG4B;UBE2N;RB1CC1;VPS37D;ATG9B;ATG4D;NBR1,excitatory_subtypes,Ex_L5_L6_THEMIS_NR4A2,sALS_vs_Control,Reactome_2022
prerank,Mitochondrial Translation Initiation R-HSA-5368286,-0.4494155167299146,-1.560320431320919,0.0056818181818181,0.0697680943884824,0.994,29/73,15.70%,MRPL41;MRPL10;MRPL4;MRPL55;MRPL9;MRPS2;MRPS18A;AURKAIP1;MRPL34;MRPL11;GADD45GIP1;MRPL43;OXA1L;MRPL44;MRPL23;MRPS10;MRPL24;MRPS34;MRPS14;MRPS26;MRPL35;MRPS33;MRPL17;MRPL32;MRPL18;MRPL50;ERAL1;MRPL20;MRPL39,excitatory_subtypes,Ex_L6_TLE4_MEGF11,sALS_vs_Control,Reactome_2022
prerank,Role Of Phospholipids In Phagocytosis R-HSA-2029485,-0.5726955028003938,-1.556740613020514,0.032442748091603,0.0698423058666412,0.994,8/21,12.95%,PRKCSH;PLD3;PLCG2;PRKCD;AHCYL1;PIK3CA;CD247;ITPR2,excitatory_subtypes,Ex_L6_TLE4_MEGF11,sALS_vs_Control,Reactome_2022
prerank,Fcgamma Receptor (FCGR) Dependent Phagocytosis R-HSA-2029480,-0.3843022748090309,-1.4314773380790395,0.0128755364806866,0.0704290372282411,1.0,27/82,16.63%,PRKCSH;MAPK3;ACTG1;PLD3;NCKIPSD;HSP90AA1;HSP90AB1;BAIAP2;VPS72;ARPC1B;PLA2G6;BRK1;LIMK1;WASF3;CRK;AHCYL1;ITPR2;VAV2;MAPK1;PLCG2;HCK;PLPP5;SRC;WASL;PRKCD;PIK3CA;CYFIP2,broad,Excitatory,sALS_vs_Control,Reactome_2022
prerank,Mitochondrial Translation Termination R-HSA-5419276,-0.4488141582369505,-1.561206633330331,0.003731343283582,0.0706827801202979,0.994,29/73,15.70%,MRPL41;MRPL10;MRPL4;MRPL55;MRPL9;MRPS2;MRPS18A;AURKAIP1;MRPL34;MRPL11;GADD45GIP1;MRPL43;OXA1L;MRPL44;MRPL23;MRPS10;MRPL24;MRPS34;MRPS14;MRPS26;MRPL35;MRPS33;MRPL17;MRPL32;MRPL18;MRPL50;ERAL1;MRPL20;MRPL39,excitatory_subtypes,Ex_L6_TLE4_MEGF11,sALS_vs_Control,Reactome_2022
prerank,ADORA2B Mediated Anti-Inflammatory Cytokine Production R-HSA-9660821,0.354506023336012,1.4930078702476743,0.0052910052910052,0.0716013186695499,1.0,43/118,21.04%,HTR7;GNB2;GNG2;CALCRL;ADCY7;GNB4;SCT;HRH2;GNB3;GNG11;ADCYAP1;LHB;GNGT2;RAMP1;GPR84;MC5R;DRD5;IL6;NLRP3;ADRB2;POMC;GHRH;ADRB1;GNG3;PTHLH;GPR83;GPR176;PTGDR;PTH1R;ADCYAP1R1;ADCY8;SCTR;GNAS;TSHR;PTGIR;GNAI2;RAMP2;ADCY4;VIPR2;HTR6;RLN2;CHGA;DRD1,broad,Glia,c9ALS_vs_sALS,Reactome_2022
prerank,Autophagy R-HSA-9612973,-0.4131475973466479,-1.550804632002539,0.0036697247706422,0.0717627220352275,0.995,53/122,18.96%,MAP1LC3A;MLST8;VPS28;RRAGC;DYNLL2;EEF1A1;HSF1;ATG4D;MFN2;MAP1LC3B;TSC2;VPS37D;CHMP2B;CHMP4B;LAMTOR2;GABARAPL1;ATG4B;ULK1;CHMP7;CHMP2A;UBA52;LAMTOR1;UBC;TOMM20;PRKAB2;PLIN2;LAMTOR4;TOMM40;DYNLL1;SRC;HSP90AB1;RRAGA;UBB;RHEB;NBR1;GABARAPL2;SQSTM1;ATG12;VPS37B;ATG9B;RPS27A;PRKAA1;PEX5;PINK1;TOMM22;HDAC6;VDAC1;FUNDC1;LAMTOR3;ARL13B;LAMTOR5;ATG4A;MTMR14,excitatory_subtypes,Ex_L6_TLE4_MEGF11,sALS_vs_Control,Reactome_2022
prerank,Mitochondrial Translation Elongation R-HSA-5389840,-0.4443475326057118,-1.5508887278011545,0.0073937153419593,0.0720454258926261,0.995,30/73,15.70%,MRPL41;MRPL10;MRPL4;MRPL55;MRPL9;MRPS2;MRPS18A;AURKAIP1;MRPL34;TUFM;MRPL11;GADD45GIP1;MRPL43;OXA1L;MRPL44;MRPL23;MRPS10;MRPL24;MRPS34;MRPS14;MRPS26;MRPL35;MRPS33;MRPL17;MRPL32;MRPL18;MRPL50;ERAL1;MRPL20;MRPL39,excitatory_subtypes,Ex_L6_TLE4_MEGF11,sALS_vs_Control,Reactome_2022
prerank,Lysosome Vesicle Biogenesis R-HSA-432720,0.496924947988137,1.4532397556693473,0.0506993006993006,0.0728330171255969,1.0,14/31,16.72%,CLTB;AP1S1;CHMP2A;HSPA8;APP;CLTA;M6PR;HGS;DNASE2;AP1G2;AP1M2;AP1S2;AP1B1;AP4M1,excitatory_subtypes,Ex_L5_L6_THEMIS_TMEM233,c9ALS_vs_sALS,Reactome_2022
prerank,Synthesis Of PIPs At Early Endosome Membrane R-HSA-1660516,-0.6513535063914617,-1.7542875731235208,0.0066666666666666,0.0732542189708205,0.58,11/16,18.99%,MTM1;MTMR10;PIK3C2A;PIK3R4;PIK3C3;VAC14;MTMR12;INPP4A;PIKFYVE;PI4K2B;FIG4,broad,Inhibitory,c9ALS_vs_sALS,Reactome_2022
prerank,Chaperone Mediated Autophagy R-HSA-9613829,-0.5048615166159416,-1.4217781992708691,0.0822784810126582,0.0737530667225997,1.0,10/20,15.11%,UBC;UBA52;EEF1A1;HSP90AA1;UBB;HSP90AB1;PLIN2;HSPA8;HDAC6;PARK7,broad,Excitatory,sALS_vs_Control,Reactome_2022
prerank,trans-Golgi Network Vesicle Budding R-HSA-199992,0.421686285342975,1.4586522383523706,0.018796992481203,0.0740594258099989,1.0,21/66,13.03%,AP1S1;BLOC1S4;YIPF6;TGOLN2;SNAPIN;FTL;CHMP2A;CLTB;TPD52L1;PTGES2;APP;CLVS2;SNX5;PUM1;CLTA;HSPA8;TFRC;HGS;TBC1D8B;M6PR;AP1B1,excitatory_subtypes,Ex_L6_TLE4_CCBE1,c9ALS_vs_sALS,Reactome_2022
prerank,COPII-mediated Vesicle Transport R-HSA-204005,0.4279415757737922,1.455621453090924,0.0235756385068762,0.0752839828610635,1.0,21/63,15.03%,TMED2;CNIH2;MCFD2;NSF;TBC1D20;GORASP1;CNIH1;LMAN2;RAB1B;YKT6;TRAPPC3;RAB1A;TRAPPC2;GOLGA2;SEC24C;SEC22C;STX5;TRAPPC2L;NAPG;LMAN2L;TRAPPC4,excitatory_subtypes,Ex_L6_TLE4_CCBE1,c9ALS_vs_sALS,Reactome_2022
prerank,Anti-inflammatory Response Favoring Leishmania Infection R-HSA-9662851,-0.4089399154546573,-1.5357392625760091,0.001,0.0758505819662501,0.997,32/127,13.55%,GNB2;GNAI2;GPR27;DRD1;GNB3;PRKAR1B;GPR150;PLCG2;FURIN;PLK2;CHGA;AHCYL1;GNG3;POMC;PRKAR2A;C1QTNF1;ADRB1;RHBDF2;SCTR;GNAZ;GPR39;GNG8;SRC;GNG2;ADCY6;GNAI3;CALM1;NLRP3;MC4R;CD247;ITPR2;GNB1,excitatory_subtypes,Ex_L6_TLE4_MEGF11,sALS_vs_Control,Reactome_2022
prerank,SARS-CoV-2 Activates/Modulates Innate And Adaptive Immune Responses R-HSA-9705671,0.3839948675058885,1.4118348959809617,0.0236907730673316,0.076837896558532,1.0,36/101,20.35%,CNBP;BECN1;SAR1B;NUP50;B2M;IRF3;HLA-A;AAAS;TOMM70;HSP90AA1;TKFC;KPNA2;HSP90AB1;G3BP2;IL17RA;IFNAR1;PTPN11;SEC13;RIPK2;SEH1L;HLA-C;HLA-F;SEC24D;IKBKG;IRAK1;HLA-B;SEC24B;IKBKB;TLR1;STAT2;UBE2N;PTPN6;TLR2;SIKE1;RANBP2;NOD1,excitatory_subtypes,Ex_L5_PCP4_NXPH2,c9ALS_vs_sALS,Reactome_2022
prerank,trans-Golgi Network Vesicle Budding R-HSA-199992,-0.4205675535468156,-1.461744602533866,0.0161943319838056,0.0769464906088914,1.0,37/66,25.34%,AP1G2;SNAP23;STX4;HGS;YIPF6;CLTC;FTL;CTSZ;AP1M1;FTH1;AP3S1;AP1G1;TGOLN2;M6PR;PTGES2;PIK3C2A;TBC1D8B;NAPSA;CLVS1;APP;GNS;AP1S1;SNX5;OCRL;CLTB;VAMP8;TPD52;SH3GL2;PUM1;VAMP7;SH3D19;SNX2;HSPA8;GOLGB1;TPD52L1;HIP1R;HOMER2,glia_subtypes,Glia_Micro,sALS_vs_Control,Reactome_2022
prerank,Selective Autophagy R-HSA-9663891,0.4159783745575189,1.4291272529319,0.0263157894736842,0.0770757564650412,1.0,19/55,14.96%,PINK1;ARL13B;MAP1LC3B;TOMM22;DYNLL1;UBB;VDAC1;UBA52;MAP1LC3A;TOMM70;TOMM7;TOMM20;VCP;NBR1;PARK7;UBE2N;UBC;FUNDC1;ATG12,glia_subtypes,Glia_Micro,c9ALS_vs_sALS,Reactome_2022
prerank,Transcriptional Activation Of Mitochondrial Biogenesis R-HSA-2151201,0.3968607433264927,1.4078928941088007,0.0304659498207885,0.0783262936054861,1.0,20/52,17.28%,NR1D1;CALM1;MEF2D;ATP5F1B;POLRMT;CYCS;HCFC1;TFAM;CARM1;ESRRA;HELZ2;CREB1;ALAS1;MBD4;LIN9;TFB2M;CRTC2;SMARCD3;TWNK;SIRT3,broad,Excitatory,c9ALS_vs_sALS,Reactome_2022
prerank,Selective Autophagy R-HSA-9663891,-0.455383726977677,-1.4676356041974137,0.017825311942959,0.078840825811625,1.0,24/55,15.74%,MAP1LC3A;DYNLL2;PGAM5;HSP90AA1;MAP1LC3B;UBA52;UBC;HSF1;TOMM40;UBB;SQSTM1;TOMM22;MFN2;SRC;DYNLL1;HDAC6;PLIN2;TOMM20;FUNDC1;VDAC1;ULK1;RPS27A;VCP;PRKAB1,broad,Inhibitory,sALS_vs_Control,Reactome_2022
prerank,MyD88 Dependent Cascade Initiated On Endosome R-HSA-975155,-0.3928237290475411,-1.6461810223968854,0.001,0.0790053220159677,0.903,42/97,23.44%,FOS;IRAK2;MAPKAPK2;ALPK1;TICAM1;LY96;TANK;MYD88;IKBKG;AGER;MAP3K8;MAP2K7;DUSP6;RPS6KA2;DUSP4;MAPK11;KCNH8;MAPKAPK3;NKIRAS2;MAPK7;HMGB1;RPS6KA3;TP53;PPP2R1B;NLRC5;DUSP7;PELI1;TNIP2;PPP2R5D;DUSP3;TLR7;MAPK8;MAPK10;MAP2K4;PPP2R1A;TRAF6;MAP2K3;LRRC14;UBC;RELA;APP;MAPK3,broad,Excitatory,c9ALS_vs_Control,Reactome_2022
prerank,Activation Of IRF3/IRF7 Mediated By TBK1/IKK Epsilon R-HSA-936964,0.5476088594293151,1.4067015062934776,0.0758513931888544,0.0792960912970266,1.0,7/15,8.43%,RPS27A;UBA52;UBB;NDUFA2;IRF3;UBC;PTPN11,excitatory_subtypes,Ex_L5_PCP4_NXPH2,c9ALS_vs_sALS,Reactome_2022
prerank,Response Of Mtb To Phagocytosis R-HSA-9637690,-0.5712853549610156,-1.5237569939389186,0.0188679245283018,0.0793647242800579,0.998,11/20,17.03%,HGS;CORO1A;MAPK1;UBA52;UBC;MAPK3;RAB7A;UBB;ATP6V1H;RPS27A;ENO1,excitatory_subtypes,Ex_L6_TLE4_MEGF11,sALS_vs_Control,Reactome_2022
prerank,Lysosome Vesicle Biogenesis R-HSA-432720,-0.4791493895030292,-1.4597402713066203,0.0566037735849056,0.0801976387823581,1.0,7/31,6.73%,HGS;AP1G2;CLTB;AP1S1;CHMP2A;AP1B1;APP,excitatory_subtypes,Ex_L5_L6_THEMIS_TMEM233,sALS_vs_Control,Reactome_2022
prerank,Activation Of IRF3/IRF7 Mediated By TBK1/IKK Epsilon R-HSA-936964,-0.5759544157166552,-1.4590136923462071,0.0604166666666666,0.0803908911792662,1.0,8/15,13.25%,TICAM1;UBC;UBA52;IRF3;UBB;TRAF3;TMED7-TICAM2;SARM1,excitatory_subtypes,Ex_L5_L6_THEMIS_TMEM233,sALS_vs_Control,Reactome_2022
prerank,Macroautophagy R-HSA-1632852,-0.4123516863225145,-1.521665129859921,0.0074487895716946,0.08054131855765,0.998,48/108,18.96%,MAP1LC3A;MLST8;RRAGC;DYNLL2;HSF1;ATG4D;MFN2;MAP1LC3B;TSC2;CHMP2B;CHMP4B;LAMTOR2;GABARAPL1;ATG4B;ULK1;CHMP7;CHMP2A;UBA52;LAMTOR1;UBC;TOMM20;PRKAB2;PLIN2;LAMTOR4;TOMM40;DYNLL1;SRC;RRAGA;UBB;RHEB;NBR1;GABARAPL2;SQSTM1;ATG12;ATG9B;RPS27A;PRKAA1;PEX5;PINK1;TOMM22;HDAC6;VDAC1;FUNDC1;LAMTOR3;ARL13B;LAMTOR5;ATG4A;MTMR14,excitatory_subtypes,Ex_L6_TLE4_MEGF11,sALS_vs_Control,Reactome_2022
prerank,Mitochondrial Translation Termination R-HSA-5419276,0.4652484272554283,1.6792367246110176,0.0013280212483399,0.0808182893701873,0.888,30/73,20.64%,MRPL19;MRPL32;MRPS15;MRPL39;CHCHD1;MRPL40;MRPL36;MRPS23;MRPL44;MRPL51;MRPS10;MRPL11;MRPS22;MTRF1L;MRPS21;MRPL41;MRPL33;AURKAIP1;MRPL13;MRPS35;MRPS16;MRPS2;GADD45GIP1;MRPL34;MRPL16;MRPL21;MRPL49;MRPL35;MRPL50;MRPL43,excitatory_subtypes,Ex_L5_L6_THEMIS_NR4A2,c9ALS_vs_sALS,Reactome_2022
prerank,Phase 4 - Resting Membrane Potential R-HSA-5576886,-0.5574793355198673,-1.4622186568403606,0.0710382513661202,0.0810159890135324,1.0,10/18,22.12%,KCNJ4;KCNJ12;KCNJ14;KCNK7;KCNK17;KCNK1;KCNK6;KCNK12;KCNK3;KCNK18,broad,Inhibitory,sALS_vs_Control,Reactome_2022
prerank,Mitochondrial Translation Elongation R-HSA-5389840,0.4638904348181507,1.668194183900801,0.0013297872340425,0.082281221198197,0.909,30/73,20.64%,MRPL19;MRPL32;MRPS15;MRPL39;CHCHD1;MRPL40;MRPL36;MRPS23;MRPL44;MRPL51;MRPS10;MRPL11;MRPS22;MRPS21;MRPL41;MRPL33;AURKAIP1;MRPL13;MRPS35;MRPS16;TUFM;MRPS2;GADD45GIP1;MRPL34;MRPL16;MRPL21;MRPL49;MRPL35;MRPL50;MRPL43,excitatory_subtypes,Ex_L5_L6_THEMIS_NR4A2,c9ALS_vs_sALS,Reactome_2022
prerank,ADORA2B Mediated Anti-Inflammatory Cytokine Production R-HSA-9660821,0.3774573846919168,1.4313280008071796,0.0164203612479474,0.0832495127873409,1.0,28/112,13.50%,GPR27;GNG3;GNB1;PRKAR1A;GNB2;GNAS;C1QTNF1;CRH;RAMP2;GNAZ;DRD1;GPR83;CHGA;MC4R;ADM;PTHLH;DRD5;PRKAR1B;CPAMD8;FSHR;ADCYAP1;ADCY7;ADRB1;CREB1;RAMP1;GPR150;POMC;GNG2,broad,Inhibitory,c9ALS_vs_sALS,Reactome_2022
prerank,Mitochondrial Translation R-HSA-5368287,-0.425753362290986,-1.5089012879704748,0.0073260073260073,0.0840092891354959,0.999,30/79,15.70%,MRPL41;MRPL10;MRPL4;MRPL55;MRPL9;MRPS2;MRPS18A;AURKAIP1;MRPL34;TUFM;MRPL11;GADD45GIP1;MRPL43;OXA1L;MRPL44;MRPL23;MRPS10;MRPL24;MRPS34;MRPS14;MRPS26;MRPL35;MRPS33;MRPL17;MRPL32;MRPL18;MRPL50;ERAL1;MRPL20;MRPL39,excitatory_subtypes,Ex_L6_TLE4_MEGF11,sALS_vs_Control,Reactome_2022
prerank,Anti-inflammatory Response Favoring Leishmania Infection R-HSA-9662851,-0.3854482510786772,-1.452596164347458,0.0082236842105263,0.0848008923198331,1.0,47/141,18.66%,GNB2;FURIN;PRKAR1A;GNG3;GNAS;ADM;DRD1;GPR27;GNB3;GPR83;PRKAR1B;CHGA;ADCY6;AHCYL1;GNG8;C1QTNF1;FGR;ADRB1;SCT;FSHR;SRC;RHBDF2;DRD5;ITPR2;PTGIR;POMC;GNGT2;ITPR3;GNG4;ITPR1;RXFP2;FCGR2A;CALM1;PRKACB;PLK2;RAMP2;PTHLH;GPR84;ADCY7;MC5R;TSHR;SYK;ADCY8;GLP2R;PTGER4;CRH;PLCG2,broad,Inhibitory,sALS_vs_Control,Reactome_2022
prerank,trans-Golgi Network Vesicle Budding R-HSA-199992,-0.412657059823966,-1.5033833122410218,0.009784735812133,0.0848360487642634,1.0,23/65,21.65%,AP1G2;HGS;BLOC1S4;PTGES2;HIP1R;SNAPIN;AP1S3;TGOLN2;PUM1;YIPF6;TFRC;FTL;SNX5;OCRL;AP1S1;TPD52L1;AP1B1;PICALM;TBC1D8B;CTSZ;CHMP2A;AP3S1;FTH1,excitatory_subtypes,Ex_L5_L6_THEMIS_NR4A2,sALS_vs_Control,Reactome_2022
prerank,COPII-mediated Vesicle Transport R-HSA-204005,0.4202380643153215,1.460300632445945,0.0225694444444444,0.0853857829477024,1.0,22/62,17.64%,CNIH2;CNIH1;TRAPPC2L;NSF;SCFD1;TMED2;TRAPPC2;CTSZ;YKT6;GORASP1;COL7A1;MCFD2;TRAPPC3;GOLGA2;TRAPPC4;SEC22B;RAB1B;GRIA1;CTSC;SEC24A;SEC24C;TRAPPC5,excitatory_subtypes,Ex_L6_TLE4_MEGF11,c9ALS_vs_sALS,Reactome_2022
prerank,Interferon Gamma Signaling R-HSA-877300,0.3943127136974785,1.425497176827007,0.0165289256198347,0.0859882178028808,1.0,26/82,17.86%,HLA-DPA1;HLA-A;HLA-B;PRKCD;CAMK2B;HLA-DRB1;IRF3;SUMO1;TRIM38;GBP1;ICAM1;HLA-C;HLA-DQA1;PTPN6;TRIM8;MT2A;TRIM26;GBP7;PTAFR;B2M;HLA-DRA;CIITA;IRF8;IRF9;SP100;OASL,broad,Inhibitory,c9ALS_vs_sALS,Reactome_2022
prerank,Selective Autophagy R-HSA-9663891,-0.4248192254334307,-1.443015788512667,0.0174672489082969,0.0873101742631613,1.0,19/55,11.22%,MAP1LC3A;DYNLL2;PGAM5;SQSTM1;HSF1;UBC;UBA52;TOMM22;MAP1LC3B;ATG12;HSP90AA1;MFN2;UBE2N;ULK1;DYNLL1;UBB;PINK1;PRKAB2;VDAC1,excitatory_subtypes,Ex_L5_L6_THEMIS_TMEM233,sALS_vs_Control,Reactome_2022
prerank,Macroautophagy R-HSA-1632852,-0.3832553763018201,-1.4450033697253664,0.0166270783847981,0.0873374436920979,1.0,39/107,13.66%,MAP1LC3A;MLST8;DYNLL2;PGAM5;SQSTM1;HSF1;UBC;UBA52;RRAGA;TOMM22;MAP1LC3B;ATG12;HSP90AA1;CHMP4B;CHMP2A;CHMP7;LAMTOR4;MFN2;UBE2N;GABARAPL1;ATG4B;ULK1;DYNLL1;UBB;PIK3R4;PINK1;ATG4D;TSC2;PRKAA1;WDR45B;LAMTOR1;PRKAB2;LAMTOR3;VDAC1;WDR45;WIPI2;RHEB;TOMM40;CHMP6,excitatory_subtypes,Ex_L5_L6_THEMIS_TMEM233,sALS_vs_Control,Reactome_2022
prerank,Golgi Associated Vesicle Biogenesis R-HSA-432722,0.3978287917176209,1.3864611620325702,0.060931899641577,0.0878111151749015,1.0,16/52,11.36%,AP1S1;TGOLN2;YIPF6;FTL;SNAPIN;BLOC1S4;CLTA;HSPA8;AP1M2;FTH1;CLTC;SNX2;PUM1;AP1M1;NAPSA;OCRL,broad,Excitatory,c9ALS_vs_sALS,Reactome_2022
prerank,Mitochondrial Translation Elongation R-HSA-5389840,0.4581004440470984,1.6421396266835293,0.0015873015873015,0.0879280441382206,0.946,31/74,20.87%,MRPL51;MRPS7;MRPS16;MRPS36;MRPS18C;MRPS18A;MRPL57;MRPS10;MRPS18B;MRPS23;GFM1;MRPS35;MRPL19;MRPL16;MRPL42;MRPL35;MRPL33;MRPL3;MRPS31;MRPL20;MRPL47;MRPL58;MRPL15;PTCD3;MRPS14;MRPS30;MRPL50;MRPL24;MRPL49;MRPL14;MRPS34,broad,Inhibitory,c9ALS_vs_Control,Reactome_2022
prerank,Activation Of IRF3/IRF7 Mediated By TBK1/IKK Epsilon R-HSA-936964,-0.5583911956965961,-1.4366217374005108,0.0701402805611222,0.0880424533296906,1.0,10/16,20.30%,UBA52;TICAM1;UBC;IRF7;UBB;NDUFA2;TMED7-TICAM2;RPS27A;TRAF3;IRF3,glia_subtypes,Glia_Micro,sALS_vs_Control,Reactome_2022
prerank,Mitochondrial Protein Import R-HSA-1268020,-0.4700708169649599,-1.5245403271976457,0.0053003533568904,0.0889244048049445,0.999,29/58,21.34%,PMPCA;SLC25A6;TOMM20;TIMM17B;ATP5F1B;CS;HSPD1;IDH3G;GRPEL2;TIMM50;BCS1L;GFER;TIMM22;VDAC1;TOMM70;TIMM13;CHCHD10;COX17;TOMM22;TIMM44;TOMM40;CHCHD2;HSPA9;TIMM10;CCNI;ATP5F1A;MTX2;ATP5MC1;SLC25A4,excitatory_subtypes,Ex_L6_TLE4_CCBE1,sALS_vs_Control,Reactome_2022
prerank,Chaperone Mediated Autophagy R-HSA-9613829,0.5370538754127048,1.4259936016223629,0.0665280665280665,0.0895268566735684,1.0,10/19,10.32%,HSP90AA1;HSP90AB1;UBA52;CFTR;PARK7;EEF1A1;RPS27A;UBB;HSPA8;UBC,excitatory_subtypes,Ex_L6_TLE4_CCBE1,c9ALS_vs_sALS,Reactome_2022
prerank,Macroautophagy R-HSA-1632852,-0.3833010779024742,-1.4875080382007868,0.0041493775933609,0.0905249847419195,1.0,34/106,14.45%,HDAC6;PGAM5;TOMM40;HSF1;MLST8;MFN2;ATG13;TOMM70;MAP1LC3A;RHEB;PRKAB2;ULK1;UBA52;TOMM20;DYNLL2;BECN1;USP30;RRAGA;ATG9A;SRC;TOMM22;LAMTOR1;RRAGC;PLIN2;UBB;UBC;WDR45B;SQSTM1;ATG4B;UBE2N;RB1CC1;ATG9B;ATG4D;NBR1,excitatory_subtypes,Ex_L5_L6_THEMIS_NR4A2,sALS_vs_Control,Reactome_2022
prerank,Mitochondrial Calcium Ion Transport R-HSA-8949215,-0.512243978127949,-1.3930697398589922,0.0693240901213171,0.0915016773163952,1.0,13/20,21.34%,STOML2;PMPCA;PHB2;MCUB;MICU2;MICU3;VDAC1;SLC8B1;PMPCB;LETM1;VDAC2;AKAP1;YME1L1,excitatory_subtypes,Ex_L5_PCP4_NXPH2,sALS_vs_Control,Reactome_2022
prerank,ADORA2B Mediated Anti-Inflammatory Cytokine Production R-HSA-9660821,-0.3461276843650229,-1.437353867696707,0.0165876777251184,0.0920592845290304,1.0,41/118,19.55%,GNB2;ADRB1;HRH2;PTH1R;GNB3;RAMP1;GPR84;PTGER4;HTR7;ADCY7;GNGT1;SCT;CALCRL;GNB4;GNG12;ADRB2;ADCY4;ADCY2;GNG8;ADCY8;PTGIR;ADORA2B;ADCYAP1R1;GPR27;RXFP2;ADCY6;GNG2;GNGT2;VIPR2;GNG4;FSHR;GPR176;PTGER2;PRKCA;NLRP3;ADCY9;IAPP;GHRH;POMC;RAMP2;INSL3,broad,Glia,sALS_vs_Control,Reactome_2022
prerank,Mitochondrial Biogenesis R-HSA-1592230,-0.3477808883917288,-1.5337692224971902,0.0121212121212121,0.0924211304056265,0.978,23/83,12.17%,PPARGC1A;MEF2D;NR1D1;ESRRA;CARM1;CRTC1;TBL1X;POLRMT;PRKAB2;HCFC1;APOOL;CRTC2;GABPA;GLUD1;PRKAA2;MAPK12;ATP5F1B;PPRC1;MTERF1;TFB2M;IDH2;MTX1;MAPK11,excitatory_subtypes,Ex_L5_L6_THEMIS_NR4A2,c9ALS_vs_Control,Reactome_2022
prerank,FCGR3A-mediated Phagocytosis R-HSA-9664422,-0.4005487076816692,-1.3905397778063755,0.0509868421052631,0.0927329859455055,1.0,20/56,22.39%,CYFIP2;NCKIPSD;MAPK3;WASL;ABI1;MAPK1;BRK1;ACTG1;NCKAP1;ACTR2;ARPC2;VAV1;BAIAP2;WIPF1;MYO9B;DOCK1;MYO10;WASF2;ELMO1;ARPC5,excitatory_subtypes,Ex_L5_PCP4_NXPH2,sALS_vs_Control,Reactome_2022
prerank,ADORA2B Mediated Anti-Inflammatory Cytokine Production R-HSA-9660821,-0.4091822427617063,-1.4804067951562876,0.0088495575221238,0.0947185131264405,1.0,34/99,21.82%,GNB2;GNAI2;GPR27;DRD1;GNB3;PRKAR1B;GPR150;CHGA;GNG3;POMC;PRKAR2A;C1QTNF1;ADRB1;SCTR;GNAZ;GPR39;GNG8;GNG2;ADCY6;GNAI3;NLRP3;MC4R;GNB1;GNB4;GHRHR;GIPR;ADM;HTR4;PRKAR1A;GNAS;GPR84;GPR83;GNAI1;ADCYAP1R1,excitatory_subtypes,Ex_L6_TLE4_MEGF11,sALS_vs_Control,Reactome_2022
prerank,Mitochondrial Protein Import R-HSA-1268020,0.4899538195598244,1.5798822108049233,0.0040650406504065,0.0958060173047315,0.99,29/58,21.15%,TOMM7;COA4;COX17;TIMM17A;SLC25A4;CHCHD7;TIMM8B;ATP5MC1;CHCHD4;CCNI;TIMM10;HSCB;SLC25A12;DNAJC19;SLC25A13;TOMM22;GRPEL1;CHCHD2;MTX2;VDAC1;SAMM50;TIMM9;TOMM20;TIMM13;TIMM23;TIMM8A;MTX1;PITRM1;ATP5F1A,excitatory_subtypes,Ex_L5_L6_THEMIS_TMEM233,c9ALS_vs_Control,Reactome_2022
prerank,MyD88 Dependent Cascade Initiated On Endosome R-HSA-975155,0.3839670800874358,1.437880803661603,0.0119250425894378,0.0962807103606673,1.0,32/96,18.43%,SKP1;UBA52;RPS27A;DUSP3;PPP2R1A;MAPK1;PELI3;PPP2R5D;HMGB1;PPP2CB;UBC;MAPK11;NDUFA2;UBB;MAP3K1;UBE2N;DUSP7;RIPK2;CREB1;MEF2C;TMED7-TICAM2;IKBIP;IKBKG;TAB3;MAPK9;APP;MAP2K1;RPS6KA3;TICAM1;TRAF6;USP18;ALPK1,excitatory_subtypes,Ex_L6_TLE4_MEGF11,c9ALS_vs_sALS,Reactome_2022
prerank,Interferon Gamma Signaling R-HSA-877300,-0.3872879775734462,-1.5448376351189193,0.0102389078498293,0.0968206247455512,0.993,29/84,19.82%,IRF9;SOCS1;PTPN6;TRIM26;HLA-DRB1;MID1;ICAM1;IRF7;HLA-B;TRIM8;FCGR1A;HLA-E;TRIM68;HLA-A;IRF2;HLA-DQA1;SMAD7;HLA-DQA2;CAMK2D;GBP1;HLA-DRA;SOCS3;PIAS1;CD44;CAMK2G;OAS1;HLA-C;IRF4;CAMK2A,broad,Glia,c9ALS_vs_Control,Reactome_2022
prerank,DDX58/IFIH1-mediated Induction Of Interferon-Alpha/Beta R-HSA-168928,-0.4072073885998344,-1.417515552769275,0.0182555780933062,0.0976560560949928,1.0,21/66,16.04%,PCBP2;IKBKG;RELA;NFKBIA;UBC;UBA52;UBE2D1;ATG12;HSP90AA1;HMGB1;SIKE1;APP;IRF3;AGER;UBB;TRAF3;NFKBIB;HSP90AB1;UBE2D3;NFKB1;NKIRAS2,excitatory_subtypes,Ex_L5_L6_THEMIS_TMEM233,sALS_vs_Control,Reactome_2022
prerank,Cell Recruitment (Pro-Inflammatory Response) R-HSA-9664424,-0.5319385042002038,-1.525399280994831,0.0313152400835073,0.0979017122242153,0.998,10/24,12.41%,HMOX1;CASP1;RELA;TXNIP;NFKB2;NFKB1;SUGT1;C3AR1;HSP90AB1;IL1A,glia_subtypes,Glia_Micro,c9ALS_vs_Control,Reactome_2022
prerank,Selective Autophagy R-HSA-9663891,-0.3839363426225956,-1.5158793041161935,0.014018691588785,0.0980402210466006,0.988,23/54,18.97%,MFN2;HDAC6;PRKAB2;ULK1;DYNLL2;PGAM5;PRKAA2;MFN1;SRC;TOMM40;HSF1;TOMM20;ATG12;USP30;ARL13B;UBC;MAP1LC3A;PLIN3;PLIN2;MTERF3;PRKAB1;DYNC1H1;CSNK2A2,excitatory_subtypes,Ex_L5_L6_THEMIS_NR4A2,c9ALS_vs_Control,Reactome_2022
prerank,Interferon Signaling R-HSA-913531,0.3139932492232614,1.3659492085674192,0.0207006369426751,0.0988204209517207,1.0,36/189,11.15%,UBA52;EIF4A2;UBB;EIF4G2;SUMO1;IFIT1;UBC;MAPK3;MT2A;RPS27A;ISG15;UBE2L6;KPNA2;BST2;FLNA;UBE2N;IRF9;IFIT5;IFITM3;TRIM8;CAMK2B;HLA-DPA1;TRIM68;EIF4G1;IP6K2;GNL3;KPNB1;IRF3;ICAM1;KPNA5;SEH1L;EIF4E;PTAFR;HLA-DRB5;EIF4A3;EIF2AK2,broad,Excitatory,c9ALS_vs_sALS,Reactome_2022
prerank,Late Endosomal Microautophagy R-HSA-9615710,-0.5041989364626007,-1.5151672650757784,0.0260303687635574,0.0988664894948367,0.998,14/29,19.97%,RNASE1;VPS37B;UBAP1;PLIN2;MVB12B;HDAC6;PLIN3;CHMP2B;IFT88;UBC;CFTR;UBA52;CHMP6;MVB12A,glia_subtypes,Glia_Micro,c9ALS_vs_Control,Reactome_2022
prerank,Anti-inflammatory Response Favoring Leishmania Infection R-HSA-9662851,-0.3687188969060923,-1.460535067401411,0.0101214574898785,0.0995882207015282,1.0,30/118,16.21%,GNAI2;GNB2;PRKAR1A;GPR27;AHCYL1;FURIN;GNGT1;GNAI3;GNG3;DRD1;ITPR2;PLCG1;PRKAR2A;SRC;PRKAR2B;CREB1;GNB3;PRKACB;GPR150;GNG4;GNAS;GNAZ;CHGA;ADCY7;IAPP;PRKAR1B;HTR6;RXFP1;GNG12;ITPR3,excitatory_subtypes,Ex_L5_L6_THEMIS_NR4A2,sALS_vs_Control,Reactome_2022
prerank,Mitochondrial Translation R-HSA-5368287,0.4490186529888746,1.6267918280307054,0.0031397174254317,0.099604897841253,0.964,33/80,20.87%,MRPL51;MRPS7;MRPS16;MRPS36;MRPS18C;MRPS18A;MRPL57;MRPS10;MRPS18B;MRPS23;GFM1;MRPS35;MRPL19;MRPL16;MRPL42;MRPL35;MRPL33;MRPL3;MRPS31;MTRF1L;MRPL20;MRPL47;MRPL58;MTIF3;MRPL15;PTCD3;MRPS14;MRPS30;MRPL50;MRPL24;MRPL49;MRPL14;MRPS34,broad,Inhibitory,c9ALS_vs_Control,Reactome_2022
prerank,Transcriptional Activation Of Mitochondrial Biogenesis R-HSA-2151201,-0.4300546747659303,-1.455628866406841,0.0288659793814433,0.1011659297056049,1.0,22/51,17.24%,CRTC2;POLRMT;NR1D1;MEF2D;HCFC1;CRTC1;CREB1;GABPA;CARM1;PPARGC1A;PPRC1;LIN9;ESRRA;SIRT3;SMARCD3;GLUD1;PPARA;MEF2C;MBD4;ATP5F1B;IDH2;NCOA1,excitatory_subtypes,Ex_L5_L6_THEMIS_NR4A2,sALS_vs_Control,Reactome_2022
prerank,Cell Recruitment (Pro-Inflammatory Response) R-HSA-9664424,-0.4898607563264471,-1.5268233853304998,0.0350877192982456,0.1011680486648947,0.996,10/24,19.28%,HMOX1;PSTPIP1;TXNIP;NFKB2;NT5E;CASP1;SUGT1;MEFV;RELA;IL1A,broad,Glia,c9ALS_vs_Control,Reactome_2022
prerank,Mitochondrial Protein Import R-HSA-1268020,-0.418463114362408,-1.4565728635555009,0.0354906054279749,0.1013654109120048,1.0,28/58,20.79%,TIMM50;TOMM40;LDHD;TOMM70;TOMM20;TIMM44;GRPEL2;TOMM22;HSCB;TIMM17B;PMPCA;GFER;CHCHD2;SLC25A6;HSPA9;CCNI;TIMM10;TAFAZZIN;ATP5F1B;ATP5F1A;CHCHD7;IDH3G;CS;COX19;CMC2;GRPEL1;SLC25A13;COX17,excitatory_subtypes,Ex_L5_L6_THEMIS_NR4A2,sALS_vs_Control,Reactome_2022
prerank,MyD88 Dependent Cascade Initiated On Endosome R-HSA-975155,0.3800508776895696,1.3932569418235592,0.0281456953642384,0.1017686497924724,1.0,31/96,14.57%,UBA52;PELI3;RPS27A;PPP2R1A;UBC;NFKBIA;JUN;UBB;SKP1;LRRC14;MAPK3;PPP2CB;APP;PPP2R5D;MEF2C;NFKBIB;MAPK1;NDUFA2;IRAK1;TICAM1;HMGB1;ECSIT;MAPK11;RELA;NKIRAS1;CREB1;NKIRAS2;MAPK7;DUSP3;DUSP7;TMED7-TICAM2,broad,Inhibitory,c9ALS_vs_sALS,Reactome_2022
prerank,MyD88 Dependent Cascade Initiated On Endosome R-HSA-975155,-0.3349148504758266,-1.4921261331500126,0.0070921985815602,0.1028003048205068,0.993,36/92,20.45%,MAPK3;MAP2K3;PPP2R1A;NKIRAS2;PPP2R5D;RPS6KA1;MAPK8;PELI3;MAPK1;MAP2K7;DUSP7;RELA;IRAK4;AGER;ECSIT;TICAM1;NOD1;MAPK11;IRAK2;NFKBIB;IRAK1;TAB1;DUSP3;MAP3K7;UBC;MAP2K1;KCNH8;TRAF6;MAPKAPK2;MAP3K8;PPP2CB;MAPK10;TAB3;ALPK1;RPS6KA5;FBXW11,excitatory_subtypes,Ex_L5_L6_THEMIS_NR4A2,c9ALS_vs_Control,Reactome_2022
prerank,Late Endosomal Microautophagy R-HSA-9615710,-0.4551678686367603,-1.3678366120845562,0.0868113522537562,0.1045429844633482,1.0,12/29,15.09%,CHMP4B;CHMP2B;UBB;UBC;CHMP2A;HSPA8;UBA52;MVB12A;CHMP7;VPS28;PLIN3;VPS37D,excitatory_subtypes,Ex_L5_PCP4_NXPH2,sALS_vs_Control,Reactome_2022
prerank,DDX58/IFIH1-mediated Induction Of Interferon-Alpha/Beta R-HSA-168928,-0.4158318980396141,-1.4137678391003512,0.031523642732049,0.104757179952028,1.0,30/68,20.42%,PCBP2;HSP90AA1;UBE2L6;ISG15;UBA52;HSP90AB1;NKIRAS2;UBC;FADD;AGER;RELA;UBB;SIKE1;OTUD5;UBE2D1;RNF135;IRF3;NFKBIB;APP;IKBKG;HMGB1;RPS27A;TKFC;TNFAIP3;NFKBIA;UBA7;NLRC5;UBE2D3;TRAF6;S100A12,broad,Inhibitory,sALS_vs_Control,Reactome_2022
prerank,trans-Golgi Network Vesicle Budding R-HSA-199992,-0.3968796895381338,-1.3945995478911228,0.0415754923413566,0.1089194407570338,1.0,28/65,22.37%,HGS;AP1G2;CLTB;AP1S1;OCRL;HIP1R;CHMP2A;PTGES2;AP1B1;FTL;APP;TBC1D8B;SNX5;TPD52L1;BLOC1S4;DNASE2;TFRC;ACBD3;PUM1;STX4;FTH1;AP4S1;DNAJC6;CLVS1;HSPA8;TGOLN2;CLTA;CLTC,excitatory_subtypes,Ex_L5_L6_THEMIS_TMEM233,sALS_vs_Control,Reactome_2022
prerank,Transcriptional Activation Of Mitochondrial Biogenesis R-HSA-2151201,-0.3929899561876153,-1.3451383254644294,0.0683760683760683,0.1091766258458865,1.0,11/52,7.32%,POLRMT;HCFC1;NR1D1;ATP5F1B;ESRRA;CRTC2;CARM1;RXRA;MEF2D;SMARCD3;CYCS,broad,Excitatory,sALS_vs_Control,Reactome_2022
prerank,Mitochondrial Translation Termination R-HSA-5419276,0.4500853598693836,1.6110108086072927,0.0031496062992125,0.1098554222254717,0.978,31/74,20.87%,MRPL51;MRPS7;MRPS16;MRPS36;MRPS18C;MRPS18A;MRPL57;MRPS10;MRPS18B;MRPS23;MRPS35;MRPL19;MRPL16;MRPL42;MRPL35;MRPL33;MRPL3;MRPS31;MTRF1L;MRPL20;MRPL47;MRPL58;MRPL15;PTCD3;MRPS14;MRPS30;MRPL50;MRPL24;MRPL49;MRPL14;MRPS34,broad,Inhibitory,c9ALS_vs_Control,Reactome_2022
prerank,Mitochondrial Translation R-HSA-5368287,0.4479873749255675,1.6338276848596414,0.0013192612137203,0.1112345972871464,0.965,32/79,20.64%,MRPL19;MRPL32;MRPS15;MRPL39;CHCHD1;MRPL40;MRPL36;MRPS23;MRPL44;MRPL51;MRPS10;MRPL11;MRPS22;MTRF1L;MRPS21;MRPL41;MRPL33;AURKAIP1;MRPL13;MRPS35;MRPS16;TUFM;MRPS2;GADD45GIP1;MRPL34;MRPL16;MTIF2;MRPL21;MRPL49;MRPL35;MRPL50;MRPL43,excitatory_subtypes,Ex_L5_L6_THEMIS_NR4A2,c9ALS_vs_sALS,Reactome_2022
prerank,Late Endosomal Microautophagy R-HSA-9615710,-0.492177212520479,-1.439704621041124,0.0500894454382826,0.1115732184349422,1.0,14/30,18.76%,VPS28;VPS37D;CHMP2B;CHMP4B;CHMP7;CHMP2A;UBA52;UBC;PLIN2;UBB;VPS37B;RPS27A;HDAC6;ARL13B,excitatory_subtypes,Ex_L6_TLE4_MEGF11,sALS_vs_Control,Reactome_2022
prerank,Fcgamma Receptor (FCGR) Dependent Phagocytosis R-HSA-2029480,-0.4493854125607474,-1.7387082370189313,0.001,0.111723920709483,0.678,27/81,17.67%,ELMO1;VAV3;MYO9B;WIPF1;MYO10;DOCK1;MAPK3;PTK2;ITPR2;FCGR2A;ITPR1;PLD2;PIK3CA;HCK;AHCYL1;ARPC1B;NCKIPSD;PLD4;PLD3;VPS72;PRKCSH;NCKAP1L;MYH9;NCK1;SYK;CRK;BAIAP2,broad,Inhibitory,c9ALS_vs_Control,Reactome_2022
prerank,Role Of Phospholipids In Phagocytosis R-HSA-2029485,0.5002943756857985,1.411670864207413,0.071301247771836,0.1120930347281494,1.0,9/21,15.49%,PRKCSH;PLD3;PLPP4;AHCYL1;CD247;PRKCD;PIK3R1;ITPR2;PLCG2,excitatory_subtypes,Ex_L6_TLE4_MEGF11,c9ALS_vs_sALS,Reactome_2022
prerank,Cell Recruitment (Pro-Inflammatory Response) R-HSA-9664424,-0.4557121004138992,-1.338325298259929,0.0896860986547085,0.1130338424709834,1.0,13/24,23.08%,PSTPIP1;HMOX1;HSP90AB1;TXN2;RELA;GSDMD;SUGT1;C3;TXNIP;IL1B;IL1A;PYCARD;CASP1,broad,Excitatory,sALS_vs_Control,Reactome_2022
prerank,Mitochondrial Fatty Acid Beta-Oxidation R-HSA-77289,0.4381953831595767,1.3449104231954625,0.0913043478260869,0.1137952527891953,1.0,14/34,17.54%,DECR1;DBI;ECI1;NDUFAB1;MCAT;ACADS;THEM4;ACOT1;ACOT7;MMUT;HADHA;ACOT13;ECHS1;HADHB,excitatory_subtypes,Ex_L5_PCP4_NXPH2,c9ALS_vs_sALS,Reactome_2022
prerank,ADORA2B Mediated Anti-Inflammatory Cytokine Production R-HSA-9660821,-0.3803872615321494,-1.424393337396897,0.0202020202020202,0.1147825561934699,1.0,24/90,15.52%,GNAI2;GNB2;PRKAR1A;GPR27;GNGT1;GNAI3;GNG3;DRD1;PRKAR2A;PRKAR2B;CREB1;GNB3;PRKACB;GPR150;GNG4;GNAS;GNAZ;CHGA;ADCY7;IAPP;PRKAR1B;HTR6;RXFP1;GNG12,excitatory_subtypes,Ex_L5_L6_THEMIS_NR4A2,sALS_vs_Control,Reactome_2022
prerank,ADORA2B Mediated Anti-Inflammatory Cytokine Production R-HSA-9660821,0.3739791680467401,1.4014860678221386,0.0154109589041095,0.1165317829550553,1.0,22/95,10.28%,GNAZ;GNG2;PRKAR1A;ADCYAP1R1;GNB1;GPR150;GNAI2;GPR27;NPSR1;GNAS;GNG3;GNB2;DRD1;CPAMD8;CREB1;RXFP2;TSHR;CRHR2;POMC;CHGA;ADORA2B;GNB4,excitatory_subtypes,Ex_L6_TLE4_MEGF11,c9ALS_vs_sALS,Reactome_2022
prerank,DDX58/IFIH1-mediated Induction Of Interferon-Alpha/Beta R-HSA-168928,-0.379549200979234,-1.3472088801474926,0.0595238095238095,0.1168608612400166,1.0,30/64,26.22%,PCBP2;OTUD5;RELA;UBB;NKIRAS2;HMGB1;UBC;CYLD;UBE2L6;UBA52;DHX58;NFKBIA;SIKE1;NLRC5;APP;UBE2D2;NFKB1;HSP90AB1;TRAF6;ATG12;PDZD2;IKBKG;HSP90AA1;TAX1BP1;TOMM70;UBE2K;RPS27A;IRF3;RIPK1;TKFC,excitatory_subtypes,Ex_L5_PCP4_NXPH2,sALS_vs_Control,Reactome_2022
prerank,Interferon Gamma Signaling R-HSA-877300,-0.3588279053612508,-1.3306986473264748,0.0720338983050847,0.1174317078537922,1.0,27/85,16.90%,IRF9;HLA-B;TRIM26;PML;TRIM68;CAMK2B;HLA-DPA1;TRIM8;ICAM1;OAS1;MID1;HLA-C;PTPN6;MT2A;TRIM3;HLA-F;SUMO1;SMAD7;IRF3;B2M;BCL11B;HLA-A;SOCS1;IRF7;PRKCD;CAMK2G;SP100,broad,Excitatory,sALS_vs_Control,Reactome_2022
prerank,Fcgamma Receptor (FCGR) Dependent Phagocytosis R-HSA-2029480,-0.3628358974200663,-1.5139211237128316,0.0127659574468085,0.1182802932317906,0.996,21/82,15.76%,VAV2;WIPF1;ITPR2;PLCG2;DOCK1;ELMO1;PRKCE;LIMK1;POTEF;ARPC1B;WASF3;WIPF3;MYO1E;CRK;PLA2G6;PIK3CA;MYO9B;PRKCSH;MYO10;VPS72;PLD3,broad,Excitatory,c9ALS_vs_Control,Reactome_2022
prerank,Late Endosomal Microautophagy R-HSA-9615710,0.4623113795740586,1.3624889659399224,0.0880733944954128,0.1183200735356539,1.0,14/30,16.92%,UBA52;RPS27A;UBC;PARK7;UBB;VPS28;CHMP2A;HSPA8;CHMP7;CHMP6;CHMP4B;VPS37D;PLIN2;CHMP4C,broad,Inhibitory,c9ALS_vs_sALS,Reactome_2022
prerank,Mitochondrial Translation Initiation R-HSA-5368286,0.4468534665379671,1.5967929673661927,0.0031347962382445,0.1189795055853415,0.988,31/74,20.87%,MRPL51;MRPS7;MRPS16;MRPS36;MRPS18C;MRPS18A;MRPL57;MRPS10;MRPS18B;MRPS23;MRPS35;MRPL19;MRPL16;MRPL42;MRPL35;MRPL33;MRPL3;MRPS31;MRPL20;MRPL47;MRPL58;MTIF3;MRPL15;PTCD3;MRPS14;MRPS30;MRPL50;MRPL24;MRPL49;MRPL14;MRPS34,broad,Inhibitory,c9ALS_vs_Control,Reactome_2022
prerank,trans-Golgi Network Vesicle Budding R-HSA-199992,-0.4389628768806055,-1.455938918605194,0.0158730158730158,0.1204148272967628,1.0,20/67,11.46%,AP1G2;SNAPIN;AP1S1;HGS;CHMP2A;CLTB;PTGES2;TGOLN2;TBC1D8B;OCRL;APP;FTL;YIPF6;NAPSA;SNX5;PUM1;SNAP23;AP1M1;TPD52L1;BLOC1S4,excitatory_subtypes,Ex_L6_TLE4_CCBE1,sALS_vs_Control,Reactome_2022
prerank,Phase 4 - Resting Membrane Potential R-HSA-5576886,0.5135052755176817,1.3325896239265715,0.1192250372578241,0.1208466708244507,1.0,5/16,9.95%,KCNK13;KCNJ2;KCNK1;KCNJ4;KCNK9,excitatory_subtypes,Ex_L5_PCP4_NXPH2,c9ALS_vs_sALS,Reactome_2022
prerank,trans-Golgi Network Vesicle Budding R-HSA-199992,-0.3600517867461071,-1.4329824513663398,0.0358744394618834,0.1215305062975551,1.0,16/68,7.43%,PIK3C2A;TPD52;PICALM;SORT1;GOLGB1;ARRB1;SNX9;DNAJC6;AP4S1;AP1G1;HOMER2;AP1S2;CLINT1;DNM2;AP3B1;ACBD3,broad,Glia,c9ALS_vs_sALS,Reactome_2022
prerank,Anti-inflammatory Response Favoring Leishmania Infection R-HSA-9662851,0.3148551516317648,1.3272512170163289,0.0320945945945945,0.1220636695377012,1.0,44/148,18.33%,GNG3;GNAZ;CALM1;GPR27;GPR83;PRKAR1A;GNB2;CHGA;FURIN;GNAS;PLK2;DRD1;ADORA2B;ADRB1;GNG11;GNB1;POMC;GNG13;PRKAR1B;GNG8;PTGIR;AHCYL1;PTH1R;CREB1;SRC;RAMP1;DPEP2;GNB3;HCK;NPSR1;ADCYAP1;GPR150;GNAI2;C1QTNF1;PRKACB;SCT;ADCY7;MC5R;TSHR;GPR20;DRD5;FSHR;DPEP1;FGR,broad,Excitatory,c9ALS_vs_sALS,Reactome_2022
prerank,Response Of Mtb To Phagocytosis R-HSA-9637690,-0.479690149874733,-1.3641944860915274,0.0969162995594713,0.1248733964158998,1.0,8/20,12.95%,CORO1A;MAPK3;UBB;HGS;ENO1;UBC;UBA52;NANOS2,broad,Glia,sALS_vs_Control,Reactome_2022
prerank,Transcriptional Activation Of Mitochondrial Biogenesis R-HSA-2151201,-0.4060717031896977,-1.3655124358690784,0.0630434782608695,0.1251449562169824,1.0,12/51,5.20%,CARM1;CRTC2;ATP5F1B;POLRMT;NR1D1;HCFC1;ESRRA;RXRA;PPRC1;MBD4;MEF2D;CRTC1,excitatory_subtypes,Ex_L5_L6_THEMIS_TMEM233,sALS_vs_Control,Reactome_2022
prerank,Fcgamma Receptor (FCGR) Dependent Phagocytosis R-HSA-2029480,-0.372632827675122,-1.3644255941778145,0.0365296803652968,0.1257488406833167,1.0,25/82,16.97%,PRKCSH;NCKIPSD;MAPK3;PLD3;AHCYL1;ACTG1;BAIAP2;HSP90AA1;ITPR2;MAPK1;VPS72;HCK;PLCG2;PIK3CA;PLPP5;LIMK1;WASL;BRK1;CYFIP2;CRK;ARPC5;HSP90AB1;PLA2G6;PLD2;PRKCD,excitatory_subtypes,Ex_L5_L6_THEMIS_TMEM233,sALS_vs_Control,Reactome_2022
prerank,Mitochondrial Protein Import R-HSA-1268020,0.425648408720178,1.468334349472307,0.0285285285285285,0.1277935030165714,1.0,25/58,24.77%,TOMM7;SLC25A4;TOMM20;ATP5MC1;TOMM70;DNAJC19;GRPEL1;COQ2;SAMM50;TIMM8B;TIMM10;TIMM8A;TIMM17A;PITRM1;COX17;COA6;VDAC1;CHCHD7;TOMM40;IDH3G;TOMM22;CHCHD2;SLC25A6;TIMM17B;SLC25A13,broad,Glia,c9ALS_vs_Control,Reactome_2022
prerank,Transcriptional Activation Of Mitochondrial Biogenesis R-HSA-2151201,-0.4274704456459524,-1.408277678194744,0.0532544378698224,0.1283970130895405,1.0,20/52,12.72%,CRTC2;CARM1;RXRA;POLRMT;ESRRA;MEF2D;HCFC1;NR1D1;MBD4;CRTC1;ATP5F1B;SMARCD3;SIRT4;CYCS;TWNK;PPRC1;CALM1;LIN9;TFAM;SIRT3,excitatory_subtypes,Ex_L6_TLE4_MEGF11,sALS_vs_Control,Reactome_2022
prerank,Cross-presentation Of Soluble Exogenous Antigens (Endosomes) R-HSA-1236978,-0.4372764672421406,-1.3542114743242957,0.072072072072072,0.1327996851196381,1.0,16/43,17.94%,PSMD3;PSMB4;PSME3;PSME2;PSMD10;PSMB8;PSMC5;PSMC3;PSMC2;PSMA4;PSMD2;PSME1;PSMC4;PSMD4;MRC2;PSMD8,broad,Inhibitory,sALS_vs_Control,Reactome_2022
prerank,Lysosome Vesicle Biogenesis R-HSA-432720,-0.447679553344285,-1.3842654933175276,0.06640625,0.1335140683919371,1.0,3/31,2.52%,AP1G2;HGS;AP1S3,excitatory_subtypes,Ex_L5_L6_THEMIS_NR4A2,sALS_vs_Control,Reactome_2022
prerank,FCGR3A-mediated Phagocytosis R-HSA-9664422,-0.4559669659036699,-1.6443199318754438,0.0026881720430107,0.1341370541289252,0.912,18/55,18.90%,ELMO1;VAV3;MYO9B;WIPF1;MYO10;DOCK1;MAPK3;PTK2;HCK;ARPC1B;NCKIPSD;NCKAP1L;MYH9;NCK1;SYK;CRK;BAIAP2;WASL,broad,Inhibitory,c9ALS_vs_Control,Reactome_2022
prerank,Fcgamma Receptor (FCGR) Dependent Phagocytosis R-HSA-2029480,-0.3987334675215596,-1.3940779243920147,0.0337477797513321,0.1352806613318946,1.0,22/80,12.95%,PRKCSH;PLD3;BAIAP2;ACTG1;PLCG2;LIMK1;NCKIPSD;PRKCD;AHCYL1;BRK1;MAPK1;MAPK3;PIK3CA;ARPC5;SRC;PKN1;HSP90AB1;MYO9B;CD247;CRK;VPS72;ITPR2,excitatory_subtypes,Ex_L6_TLE4_MEGF11,sALS_vs_Control,Reactome_2022
prerank,Transcriptional Activation Of Mitochondrial Biogenesis R-HSA-2151201,-0.3702845502867423,-1.4036415669650235,0.0427927927927927,0.1365075157241636,1.0,12/52,6.33%,GLUD2;CRTC3;SSBP1;GDNF;NCOR1;TBL1X;NCOA6;GLUD1;MTERF1;ACSS2;PPARA;MEF2D,broad,Glia,c9ALS_vs_sALS,Reactome_2022
prerank,Anti-inflammatory Response Favoring Leishmania Infection R-HSA-9662851,0.3505275046569327,1.3644902313193432,0.026711185308848,0.1367641912907205,1.0,39/123,19.72%,GNAZ;GNG2;PRKAR1A;CALM1;ADCYAP1R1;GNB1;GPR150;GNAI2;GPR27;NPSR1;GNAS;GNG3;AHCYL1;CD247;GNB2;DRD1;CPAMD8;CREB1;RXFP2;TSHR;CRHR2;POMC;CHGA;ADORA2B;GNB4;PLK2;IAPP;ADRB1;RHBDF2;ITPR2;PRKACB;FURIN;PLCG2;GNG8;GNG12;SRC;PRKAR1B;PTHLH;FGR,excitatory_subtypes,Ex_L6_TLE4_MEGF11,c9ALS_vs_sALS,Reactome_2022
prerank,DDX58/IFIH1-mediated Induction Of Interferon-Alpha/Beta R-HSA-168928,0.3838826580180172,1.3612824784047353,0.0463576158940397,0.1384155940714122,1.0,14/67,10.04%,HSP90AB1;HSP90AA1;UBA52;RPS27A;UBE2K;HMGB1;UBC;UBB;MAP3K1;CYLD;TAX1BP1;PCBP2;OTUD5;UBE2D3,excitatory_subtypes,Ex_L6_TLE4_MEGF11,c9ALS_vs_sALS,Reactome_2022
prerank,Mitochondrial Calcium Ion Transport R-HSA-8949215,-0.4551977976535932,-1.2998874579035724,0.1392931392931393,0.1386232152641247,1.0,9/21,15.52%,PMPCA;PHB2;STOML2;LETM1;MCU;VDAC2;SMDT1;VDAC1;SLC8B1,broad,Excitatory,sALS_vs_Control,Reactome_2022
prerank,Selective Autophagy R-HSA-9663891,-0.4171362469771643,-1.382502908032435,0.0449438202247191,0.140066478119455,1.0,26/55,18.76%,MAP1LC3A;DYNLL2;HSF1;MFN2;MAP1LC3B;ULK1;UBA52;UBC;TOMM20;PRKAB2;PLIN2;TOMM40;DYNLL1;SRC;UBB;NBR1;SQSTM1;ATG12;RPS27A;PEX5;PINK1;TOMM22;HDAC6;VDAC1;FUNDC1;ARL13B,excitatory_subtypes,Ex_L6_TLE4_MEGF11,sALS_vs_Control,Reactome_2022
prerank,trans-Golgi Network Vesicle Budding R-HSA-199992,-0.4072910297419816,-1.421848248949113,0.0207900207900207,0.141649218704644,1.0,28/65,21.35%,DNAJC6;SH3D19;HIP1R;APP;TPD52;SNAP23;AP4S1;SNX9;PIK3C2A;CLVS1;SORT1;CTSZ;AP1G2;AP3S1;VAMP8;TFRC;GOLGB1;TGOLN2;FTH1;DNM2;M6PR;CLTC;HGS;AP1B1;TPD52L1;DNASE2;AP1M1;STX4,glia_subtypes,Glia_Micro,c9ALS_vs_Control,Reactome_2022
prerank,ADORA2B Mediated Anti-Inflammatory Cytokine Production R-HSA-9660821,-0.3347875835084041,-1.4735673684508466,0.001,0.1420941556466208,0.999,49/119,24.07%,RXFP2;GNGT2;ADCY8;GNG7;GNB4;RXFP1;C1QTNF1;GNB3;HTR7;GPHB5;INSL3;ADM;ADCY7;PRKX;GPR176;GNAI2;GPR39;GPBAR1;GHRHR;GNAI3;GPR84;PTHLH;GNG12;MC4R;NLRP3;CALCB;GPR20;ADCY2;CALCR;PRKAR2A;CALCA;HTR6;ADCY5;GNB2;CHGA;PRKAR1B;GNGT1;GNAS;RLN3;MC1R;DRD1;GHRH;CYSLTR2;PRKCA;GNG2;ADCY6;RAMP3;CRH;RLN2,broad,Excitatory,c9ALS_vs_Control,Reactome_2022
prerank,ADORA2B Mediated Anti-Inflammatory Cytokine Production R-HSA-9660821,-0.3492279428134152,-1.3328128233402132,0.0395604395604395,0.1431358130879039,1.0,23/108,13.27%,GNB2;CHGA;GPR27;GNG3;PRKAR1B;GNAS;GNB3;PRKAR1A;GNG2;ADRB1;DRD1;CALCB;GPR83;GNAI2;GPR150;PTGIR;GPR20;ADCYAP1;GNAI3;PTGDR;GNAZ;ADCY7;SCT,excitatory_subtypes,Ex_L5_L6_THEMIS_TMEM233,sALS_vs_Control,Reactome_2022
prerank,MyD88 Dependent Cascade Initiated On Endosome R-HSA-975155,-0.3472438913449933,-1.4294473547213389,0.0070921985815602,0.144558205670798,1.0,44/96,27.12%,AGER;JUN;TANK;FOS;IKBKG;TICAM1;TAB3;MAPK10;NFKB2;TLR7;IRF7;TAB2;RPS6KA2;RPS6KA5;RIPK2;S100B;S100A12;MAP2K4;MAPKAPK2;MYD88;DUSP7;MAPK8;PPP2CB;MAP3K7;TP53;RELA;TRAF6;PPP2R1B;MAPK11;MAPK1;UBC;MAPK3;UBB;PELI1;RPS6KA3;MAP2K3;NKIRAS2;MAPK14;DUSP6;PPP2R1A;UBE2N;GDNF;TAB1;MAP2K7,broad,Glia,c9ALS_vs_Control,Reactome_2022
prerank,SARS-CoV-2 Activates/Modulates Innate And Adaptive Immune Responses R-HSA-9705671,-0.3664230196245377,-1.415502807218728,0.013215859030837,0.14609018312309,1.0,33/101,15.98%,HSP90AA1;TLR7;HLA-E;RIPK2;PTPN6;TAB3;RANBP2;IRF7;HLA-A;HLA-B;BECN1;STAT2;SEC24D;TLR8;SEC24C;MAP3K7;G3BP1;NUP58;NUP98;HSP90AB1;SEC24B;IRAK2;NOD2;IFNAR1;IKBKG;MASP2;B2M;SAR1B;TRAF6;SIKE1;TRIM4;HLA-C;SFTPD,glia_subtypes,Glia_Micro,c9ALS_vs_Control,Reactome_2022
prerank,Cross-presentation Of Soluble Exogenous Antigens (Endosomes) R-HSA-1236978,0.4857704266734222,1.4998900828352737,0.0217096336499321,0.1463069591269713,1.0,20/46,20.89%,PSMD7;PSMA3;PSMA7;PSMD12;PSMC5;PSMB5;PSMC6;PSMB1;PSMD14;PSMD4;PSMC3;PSME1;PSMA5;PSMA8;PSMD8;PSMB6;PSMB7;PSMD2;PSMB3;PSMC1,excitatory_subtypes,Ex_L5_L6_THEMIS_TMEM233,c9ALS_vs_Control,Reactome_2022
prerank,Response Of Mtb To Phagocytosis R-HSA-9637690,-0.5152595805793496,-1.4122865518400889,0.0776053215077605,0.148062949793197,1.0,12/19,26.12%,DUSP16;MAPK3;RAB7A;CORO1A;UBC;HGS;UBA52;PGK1;TRIM27;RPS27A;ATP6V1H;MAPK1,glia_subtypes,Glia_Micro,c9ALS_vs_Control,Reactome_2022
prerank,Interferon Alpha/Beta Signaling R-HSA-909733,-0.3548928815928558,-1.285944008762415,0.0857740585774058,0.1483193538260633,1.0,30/66,24.56%,IRF9;HLA-B;EGR1;IP6K2;IFIT5;OAS1;STAT2;HLA-C;PTPN6;HLA-F;IFIT1;IFI35;IRF3;HLA-A;SOCS1;IRF7;IFI6;XAF1;USP18;TYK2;IFITM2;PSMB8;HLA-E;ADAR;IFNA6;OAS3;OAS2;IRF4;SOCS3;ISG15,broad,Excitatory,sALS_vs_Control,Reactome_2022
prerank,Interferon Alpha/Beta Signaling R-HSA-909733,-0.4032929925739614,-1.406151537856951,0.0363247863247863,0.150092486337633,1.0,19/57,16.43%,IFIT3;SOCS3;HLA-E;EGR1;PTPN6;IRF7;HLA-A;HLA-B;STAT2;IFITM3;IRF9;BST2;ABCE1;IFNAR1;SOCS1;IRF4;HLA-C;ADAR;IFI35,glia_subtypes,Glia_Micro,c9ALS_vs_Control,Reactome_2022
prerank,Cross-presentation Of Soluble Exogenous Antigens (Endosomes) R-HSA-1236978,-0.4335187936670603,-1.361816124139027,0.0670498084291187,0.1517291414453659,1.0,18/43,21.96%,PSMD3;MRC2;PSMD10;PSMB4;PSMC3;PSMB5;PSME2;PSME3;PSMD13;PSMC5;PSMB2;MRC1;PSMA7;PSMA4;PSMD4;PSMD2;PSMA1;PSMC6,excitatory_subtypes,Ex_L6_TLE4_MEGF11,sALS_vs_Control,Reactome_2022
prerank,Anti-inflammatory Response Favoring Leishmania Infection R-HSA-9662851,-0.3353716934353999,-1.3185355938445895,0.050438596491228,0.1522587347744465,1.0,29/138,13.27%,GNB2;CHGA;GPR27;AHCYL1;GNG3;PRKAR1B;GNAS;GNB3;PRKAR1A;GNG2;ADRB1;ITPR2;DRD1;CALCB;GPR83;FURIN;HCK;GNAI2;GPR150;PLCG2;PTGIR;GPR20;ADCYAP1;GNAI3;PLK2;PTGDR;GNAZ;ADCY7;SCT,excitatory_subtypes,Ex_L5_L6_THEMIS_TMEM233,sALS_vs_Control,Reactome_2022
prerank,Response Of Mtb To Phagocytosis R-HSA-9637690,0.4962923017674446,1.3209534952465818,0.1309297912713472,0.1523434817373473,1.0,9/18,10.76%,UBA52;RPS27A;UBB;MAPK1;PGK1;ENO1;KPNB1;UBC;HGS,excitatory_subtypes,Ex_L6_TLE4_CCBE1,c9ALS_vs_sALS,Reactome_2022
prerank,SARS-CoV-2 Activates/Modulates Innate And Adaptive Immune Responses R-HSA-9705671,-0.3218561288470846,-1.3187347847565942,0.0427135678391959,0.1539188243147844,1.0,31/106,12.91%,PTPN6;IRF7;HLA-B;HLA-A;HLA-E;IKBKG;TLR7;ISG15;TAB2;HLA-C;STING1;SEC24D;AAAS;IL17RA;TLR8;IRAK1;IKBKE;HSP90AA1;HLA-F;IFNAR2;TRIM25;RNF135;NLRP12;TYK2;TLR2;HSP90AB1;TLR1;RIPK2;IL17F;TAB3;NOD1,broad,Glia,sALS_vs_Control,Reactome_2022
prerank,Anti-inflammatory Response Favoring Leishmania Infection R-HSA-9662851,-0.3022432774166582,-1.3828277972342322,0.001,0.1539688670571971,1.0,29/116,15.18%,CHGA;GNB2;AHCYL1;GNAI2;NLRP3;GNAI1;ADRB1;GNAI3;GNG12;ITPR1;ITPR2;PRKAR1B;GPR150;FURIN;PRKAR1A;IAPP;RXFP1;PRKAR2A;SRC;PLK2;ADCY1;GPR83;GNG7;GNG3;ADCY7;GIPR;MYH9;GPR176;GPR39,excitatory_subtypes,Ex_L5_L6_THEMIS_NR4A2,c9ALS_vs_Control,Reactome_2022
prerank,Activation Of IRF3/IRF7 Mediated By TBK1/IKK Epsilon R-HSA-936964,-0.5340631143272145,-1.3217082979264547,0.147940074906367,0.1544616743140822,1.0,7/16,13.53%,UBA52;UBC;UBB;TICAM1;NDUFA2;IRF3;RPS27A,broad,Inhibitory,sALS_vs_Control,Reactome_2022
prerank,Mitochondrial Calcium Ion Transport R-HSA-8949215,0.4829667559018744,1.3325342483734826,0.1214285714285714,0.1564245196820793,1.0,7/20,7.85%,SMDT1;VDAC2;LETM1;VDAC1;PHB2;STOML2;PMPCB,excitatory_subtypes,Ex_L6_TLE4_MEGF11,c9ALS_vs_sALS,Reactome_2022
prerank,Mitochondrial Biogenesis R-HSA-1592230,-0.353415235203391,-1.3102955493315258,0.0451612903225806,0.1567105940649041,1.0,30/85,16.53%,MAPK11;CARM1;CRTC2;ATP5F1B;POLRMT;NR1D1;MAPK12;HCFC1;ATP5F1D;ESRRA;RXRA;PPRC1;ATP5MC2;MBD4;MEF2D;CRTC1;APOOL;MICOS13;TFB2M;PRKAB2;CYCS;SIRT3;ATP5F1A;ATP5MC1;PPARGC1A;ALAS1;TBL1XR1;PRKAB1;ATP5MC3;ATP5PD,excitatory_subtypes,Ex_L5_L6_THEMIS_TMEM233,sALS_vs_Control,Reactome_2022
prerank,Activation Of IRF3/IRF7 Mediated By TBK1/IKK Epsilon R-HSA-936964,0.5130853651947697,1.3144075335861911,0.1416837782340862,0.1569082121886734,1.0,7/15,16.16%,UBA52;RPS27A;NDUFA2;UBB;UBC;TICAM1;IRF3,excitatory_subtypes,Ex_L6_TLE4_CCBE1,c9ALS_vs_sALS,Reactome_2022
prerank,Mitochondrial Biogenesis R-HSA-1592230,-0.3632524910464168,-1.3430642381739843,0.044,0.1569607449067545,1.0,30/83,17.42%,CRTC2;APOOL;POLRMT;NR1D1;MEF2D;HCFC1;CRTC1;PRKAB2;MAPK11;CREB1;GABPA;CARM1;PPARGC1A;PPRC1;LIN9;ESRRA;ATP5F1D;SIRT3;SMARCD3;MICOS10;GLUD1;MAPK12;PPARA;MEF2C;MBD4;HSPA9;ATP5F1B;IDH2;NCOA1;ATP5F1A,excitatory_subtypes,Ex_L5_L6_THEMIS_NR4A2,sALS_vs_Control,Reactome_2022
prerank,Synthesis Of PIPs At Early Endosome Membrane R-HSA-1660516,-0.461526820920486,-1.3748825586624362,0.1274509803921568,0.157110836553189,1.0,9/16,21.98%,MTMR10;PI4K2A;INPP5F;PIK3C3;PIK3R4;PIKFYVE;FIG4;PIK3C2A;MTMR2,excitatory_subtypes,Ex_L5_L6_THEMIS_NR4A2,c9ALS_vs_Control,Reactome_2022
prerank,ADORA2B Mediated Anti-Inflammatory Cytokine Production R-HSA-9660821,0.3122865697010236,1.2753063812991008,0.0710659898477157,0.1577837391240692,1.0,35/118,17.92%,GNG3;GNAZ;GPR27;GPR83;PRKAR1A;GNB2;CHGA;GNAS;DRD1;ADORA2B;ADRB1;GNG11;GNB1;POMC;GNG13;PRKAR1B;GNG8;PTGIR;PTH1R;CREB1;RAMP1;GNB3;NPSR1;ADCYAP1;GPR150;GNAI2;C1QTNF1;PRKACB;SCT;ADCY7;MC5R;TSHR;GPR20;DRD5;FSHR,broad,Excitatory,c9ALS_vs_sALS,Reactome_2022
prerank,Interferon Signaling R-HSA-913531,0.3225096047049609,1.302803397515444,0.0334928229665071,0.158708938422736,1.0,55/178,20.62%,UBA52;EIF4A2;EIF4G2;UBC;HLA-B;UBB;SUMO1;IFIT1;HLA-C;MT2A;MAPK3;KPNA2;IP6K2;RPS27A;KPNA5;B2M;UBE2L6;PRKCD;CAMK2B;TRIM8;EIF4A3;ISG15;UBE2N;IFIT5;GBP1;AAAS;EIF4G1;PDE12;IRF9;SEH1L;NEDD4;HLA-A;PTAFR;HLA-DRB1;GNL3;CD44;EIF2AK2;ABCE1;TRIM68;EIF4E2;IFIT3;TRIM29;SAMHD1;KPNB1;OAS3;MX1;OAS1;IRF3;IFNGR2;ISG20;RANBP2;IFI35;NUP43;FLNA;TRIM26,excitatory_subtypes,Ex_L5_L6_THEMIS_TMEM233,c9ALS_vs_sALS,Reactome_2022
prerank,Lysosome Vesicle Biogenesis R-HSA-432720,-0.480897715190722,-1.3812256583191695,0.0783242258652094,0.158804178658555,1.0,12/31,18.49%,AP1G2;AP1S1;HGS;CHMP2A;CLTB;APP;AP1M1;CLVS2;DNASE2;AP1S3;AP1M2;CLTA,excitatory_subtypes,Ex_L6_TLE4_CCBE1,sALS_vs_Control,Reactome_2022
prerank,Mitochondrial Calcium Ion Transport R-HSA-8949215,0.4882244857152988,1.297038134004615,0.1476868327402135,0.1610216184129989,1.0,7/20,10.59%,SMDT1;PHB2;STOML2;VDAC2;VDAC1;LETM1;PMPCA,broad,Inhibitory,c9ALS_vs_sALS,Reactome_2022
prerank,ADORA2B Mediated Anti-Inflammatory Cytokine Production R-HSA-9660821,-0.306599226958224,-1.3633803904057418,0.0178571428571428,0.162064680549529,1.0,24/89,16.63%,CHGA;GNB2;GNAI2;NLRP3;GNAI1;ADRB1;GNAI3;GNG12;PRKAR1B;GPR150;PRKAR1A;IAPP;RXFP1;PRKAR2A;ADCY1;GPR83;GNG7;GNG3;ADCY7;GIPR;GPR176;GPR39;RXFP2;DRD5,excitatory_subtypes,Ex_L5_L6_THEMIS_NR4A2,c9ALS_vs_Control,Reactome_2022
prerank,Synthesis Of PIPs At Early Endosome Membrane R-HSA-1660516,0.5865450434276257,1.5341701592550898,0.03862660944206,0.1624384953708352,0.995,10/16,17.96%,MTM1;MTMR12;VAC14;INPP4B;PIK3C2A;INPP4A;FIG4;MTMR2;PIKFYVE;MTMR10,broad,Inhibitory,sALS_vs_Control,Reactome_2022
prerank,Anti-inflammatory Response Favoring Leishmania Infection R-HSA-9662851,-0.3183345475580774,-1.4403207497576314,0.001,0.1625904156112675,1.0,46/149,18.66%,RXFP2;GNGT2;ADCY8;GNG7;GNB4;ITPR2;RXFP1;C1QTNF1;PLCG2;GNB3;HTR7;GPHB5;INSL3;ADM;ADCY7;PRKX;GPR176;GNAI2;RHBDF2;GPR39;GPBAR1;GHRHR;GNAI3;GPR84;PTHLH;GNG12;MC4R;NLRP3;CALCB;GPR20;ADCY2;CALCR;PRKAR2A;CD163;CALCA;CYSLTR1;HTR6;FURIN;ADCY5;IL10;GNB2;CHGA;PRKAR1B;GNGT1;GNAS;RLN3,broad,Excitatory,c9ALS_vs_Control,Reactome_2022
prerank,ADORA2B Mediated Anti-Inflammatory Cytokine Production R-HSA-9660821,-0.3586355867093711,-1.309354212236428,0.0557432432432432,0.163964907232502,1.0,33/111,17.64%,GNB2;PRKAR1A;GNG3;GNAS;ADM;DRD1;GPR27;GNB3;GPR83;PRKAR1B;CHGA;ADCY6;GNG8;C1QTNF1;ADRB1;SCT;FSHR;DRD5;PTGIR;POMC;GNGT2;GNG4;RXFP2;PRKACB;RAMP2;PTHLH;GPR84;ADCY7;MC5R;TSHR;ADCY8;GLP2R;PTGER4,broad,Inhibitory,sALS_vs_Control,Reactome_2022
prerank,Synthesis Of PIPs At Early Endosome Membrane R-HSA-1660516,-0.5041202568303192,-1.3238145179086085,0.1147186147186147,0.1649517145511178,1.0,5/16,14.78%,PI4K2A;MTMR10;INPP5F;PI4K2B;INPP4B,excitatory_subtypes,Ex_L5_L6_THEMIS_NR4A2,sALS_vs_Control,Reactome_2022
prerank,COPII-mediated Vesicle Transport R-HSA-204005,-0.3874719292868069,-1.3820731973845228,0.0313152400835073,0.1654586849335842,1.0,25/64,18.51%,YKT6;TMED2;LMAN1;SEC22B;SEC24D;SEC24C;STX5;CTSZ;USO1;COL7A1;TFG;SEC24B;ANKRD28;PPP6C;TRAPPC6B;PPP6R3;TRAPPC4;SAR1B;BET1;FOLR2;TGFA;SEC23IP;CSNK1D;CNIH1;SEC22C,glia_subtypes,Glia_Micro,c9ALS_vs_Control,Reactome_2022
prerank,Interferon Gamma Signaling R-HSA-877300,-0.3420063092194139,-1.4339578426525883,0.0176991150442477,0.1659294387290697,1.0,25/84,17.55%,MID1;BCL11B;SP100;CAMK2D;IRF9;SOCS3;PTPN6;TRIM21;HLA-F;PML;HLA-B;SOCS1;TRIM26;OAS2;TRIM3;HLA-A;HLA-C;OAS3;SMAD7;IRF2;OAS1;TRIM14;HLA-E;TRIM68;JAK2,broad,Excitatory,c9ALS_vs_Control,Reactome_2022
prerank,MyD88 Dependent Cascade Initiated On Endosome R-HSA-975155,-0.3713474821875767,-1.5048200095071629,0.010126582278481,0.1662295633713479,0.999,28/95,14.97%,MAP2K7;MAPK11;MAPK3;LRRC14;PPP2R1A;NFKBIB;MAPK8;FOS;MAP2K3;MAPK7;NLRC5;NKIRAS2;DUSP4;IKBKG;JUN;IRAK2;MAPKAPK2;NLRX1;PELI3;KCNH8;MEF2A;PPP2R5D;TRAF6;DUSP6;N4BP1;NOD1;ALPK1;NOD2,excitatory_subtypes,Ex_L6_TLE4_MEGF11,c9ALS_vs_Control,Reactome_2022
prerank,trans-Golgi Network Vesicle Budding R-HSA-199992,0.37564661040899,1.2885192085177026,0.0837606837606837,0.1699123690953344,1.0,26/65,17.48%,FTL;CLTB;AP1S1;CHMP2A;HSPA8;DTNBP1;PTGES2;FTH1;APP;CLTA;M6PR;BLOC1S4;STX4;HGS;TGOLN2;DNASE2;AP1G2;TBC1D8B;AP1M2;OCRL;AP1S2;AP3S1;AP1B1;AP4M1;SNAPIN;YIPF6,excitatory_subtypes,Ex_L5_L6_THEMIS_TMEM233,c9ALS_vs_sALS,Reactome_2022
prerank,Interferon Signaling R-HSA-913531,-0.3135329393022101,-1.2746087381089606,0.0591471801925722,0.1703797105516636,1.0,63/164,25.68%,EIF4A2;HLA-F;KPNA4;MAPK3;EIF4G1;HLA-C;HLA-A;AAAS;IFIT5;ARIH1;IP6K2;IFIT1;SMAD7;UBB;NEDD4;TRIM26;SUMO1;CAMK2B;UBC;POM121C;RNASEL;PTPN11;KPNA2;SGIP1;PML;EIF4G2;SAMHD1;PIAS1;UBE2L6;UBA52;IFI35;ADAR;USP18;NUP50;RANBP2;CAMK2G;B2M;NUP205;HLA-DRB1;EIF4A3;HLA-B;TRIM35;PDZD2;SEC13;CAMK2A;EIF4E;NUP54;NUP42;ICAM1;SP100;TYK2;NUP98;STAT2;GNL3;SEH1L;TRIM3;RPS27A;OAS2;MX1;IRF3;PLCG1;NUP188;EGR1,excitatory_subtypes,Ex_L5_PCP4_NXPH2,sALS_vs_Control,Reactome_2022
prerank,Mitochondrial Biogenesis R-HSA-1592230,-0.3715424994292469,-1.32786477016173,0.0495238095238095,0.1709250225548875,1.0,28/85,12.72%,MAPK11;CRTC2;CARM1;RXRA;POLRMT;ESRRA;MEF2D;HCFC1;NR1D1;MBD4;ATP5F1D;CRTC1;ATP5F1B;PRKAB2;MAPK12;SMARCD3;ATP5PD;SIRT4;CYCS;TWNK;PPRC1;CALM1;TMEM11;ATP5MC1;LIN9;ATP5MC2;TFAM;SIRT3,excitatory_subtypes,Ex_L6_TLE4_MEGF11,sALS_vs_Control,Reactome_2022
prerank,Chaperone Mediated Autophagy R-HSA-9613829,0.4548896329656547,1.3068126085287666,0.1268382352941176,0.1716682059534308,1.0,9/19,16.15%,GFAP;UBA52;EEF1A1;PARK7;RPS27A;HSP90AB1;UBB;RNASE1;UBC,broad,Glia,c9ALS_vs_sALS,Reactome_2022
prerank,Cross-presentation Of Soluble Exogenous Antigens (Endosomes) R-HSA-1236978,0.4451782123599327,1.4378224441652607,0.0298245614035087,0.1716756876843796,1.0,20/42,20.48%,PSMA7;PSMD7;PSMC1;PSMD2;PSMD11;PSMC4;PSMA3;PSMC6;PSMB7;PSMD12;PSME3;PSMA5;PSMD14;PSMB6;MRC1;PSMA4;PSMB2;PSMB1;PSMD4;PSMC3,excitatory_subtypes,Ex_L6_TLE4_CCBE1,c9ALS_vs_Control,Reactome_2022
prerank,Late Endosomal Microautophagy R-HSA-9615710,-0.4076158555464102,-1.293010058329532,0.1285403050108932,0.1724465484108176,1.0,11/30,15.96%,MVB12A;VPS28;VPS37D;UBAP1;UBB;CHMP2A;UBC;UBA52;CHMP6;PLIN2;HSPA8,broad,Glia,sALS_vs_Control,Reactome_2022
prerank,Synthesis Of PIPs At Early Endosome Membrane R-HSA-1660516,-0.6035457988852685,-1.5569523138147032,0.0288461538461538,0.1743245111278883,0.989,9/16,17.19%,PIK3C3;INPP4B;MTMR2;VAC14;INPP4A;PIKFYVE;MTMR10;FIG4;PIK3C2A,excitatory_subtypes,Ex_L6_TLE4_CCBE1,c9ALS_vs_sALS,Reactome_2022
prerank,SARS-CoV-2 Activates/Modulates Innate And Adaptive Immune Responses R-HSA-9705671,0.3141598936939666,1.2991244701593927,0.0608695652173913,0.1744418895053955,1.0,29/105,11.93%,IKBKE;IL17RA;ISG15;IRAK1;HLA-A;IRF7;STING1;PTPN6;HLA-B;TLR2;HLA-E;HLA-C;RNF135;B2M;TRAF3;TAB2;IFIH1;NLRP3;NOD1;TYK2;IFNAR2;TLR1;HSP90AB1;HLA-F;IFNA2;TLR7;MASP1;TRIM25;AAAS,broad,Glia,c9ALS_vs_sALS,Reactome_2022
prerank,Role Of Phospholipids In Phagocytosis R-HSA-2029485,-0.4496621536013793,-1.416588459557646,0.0997067448680351,0.1778821947461883,1.0,9/22,22.94%,ITPR2;PLCG2;PRKCE;PLA2G6;PIK3CA;PRKCSH;PLD3;PLPP4;SYK,broad,Excitatory,c9ALS_vs_Control,Reactome_2022
prerank,Lysosome Vesicle Biogenesis R-HSA-432720,-0.4413003794921488,-1.3130875512765328,0.1193181818181818,0.1783153683662618,1.0,8/31,6.79%,AP1G2;HGS;CLTB;AP1S1;AP1B1;CHMP2A;CTSZ;VAMP8,excitatory_subtypes,Ex_L6_TLE4_MEGF11,sALS_vs_Control,Reactome_2022
prerank,DDX58/IFIH1-mediated Induction Of Interferon-Alpha/Beta R-HSA-168928,-0.4100823055377036,-1.345817630961304,0.046875,0.1795802049265395,1.0,26/68,16.62%,PCBP2;NFKBIA;HSP90AB1;UBA52;OTUD5;CYLD;HMGB1;APP;NFKBIB;IKBKG;UBB;UBC;TOMM70;UBE2D3;FADD;UBE2L6;IRF3;TRIM25;HSP90AA1;RNF135;UBE2D1;ATG12;RELA;ISG15;NKIRAS2;TRAF6,excitatory_subtypes,Ex_L6_TLE4_CCBE1,sALS_vs_Control,Reactome_2022
prerank,Synthesis Of PIPs At Early Endosome Membrane R-HSA-1660516,-0.4838048239990184,-1.3619042632103155,0.1209068010075566,0.1804346952390979,1.0,9/16,19.06%,INPP5F;INPP4B;MTMR12;PI4K2B;PIK3C2A;PI4K2A;MTMR10;MTM1;INPP4A,broad,Glia,c9ALS_vs_Control,Reactome_2022
prerank,Anti-inflammatory Response Favoring Leishmania Infection R-HSA-9662851,-0.3254482534334874,-1.2611369166687227,0.0912981455064194,0.1826510147992694,1.0,34/124,17.45%,GNG3;GNB2;PRKAR1B;MC4R;ADCYAP1R1;ITPR2;DRD1;HTR4;PRKACB;ADCY5;GNAI2;RAMP1;PLK2;ADCY8;NLRP3;PRKAR1A;PRKX;FURIN;CHGA;RHBDF2;AHCYL1;ADCY1;CPAMD8;GNB3;GNGT2;MAPK14;CALM1;GNAS;RAMP3;SCTR;ADCY7;PRKAR2A;GNAZ;PRKCA,excitatory_subtypes,Ex_L5_PCP4_NXPH2,sALS_vs_Control,Reactome_2022
prerank,MyD88 Dependent Cascade Initiated On Endosome R-HSA-975155,-0.3569459007456723,-1.4500523854006642,0.0053191489361702,0.184013054897435,0.999,40/95,21.75%,FOS;DUSP6;MAPK11;MAP2K7;IRAK2;PPP2R5D;TNIP2;RPS6KA3;MAPK3;TLR7;DUSP7;KCNH8;PPP2CB;N4BP1;HMGB1;MAPK7;DUSP4;MAPKAPK2;NFKBIB;PPP2R1A;PELI1;LY96;IKBKG;MAPKAPK3;MAP2K3;TRAF6;RPS6KA2;DUSP3;TICAM1;TANK;RIPK2;AGER;APP;JUN;MAPK8;MAPK10;UBC;NFKB1;CHUK;TAB3,excitatory_subtypes,Ex_L5_L6_THEMIS_TMEM233,c9ALS_vs_Control,Reactome_2022
prerank,Interferon Alpha/Beta Signaling R-HSA-909733,-0.364969306817529,-1.2576007665405005,0.1283255086071987,0.186263554878352,1.0,21/55,28.05%,HLA-F;HLA-C;HLA-A;IFIT5;IP6K2;IFIT1;RNASEL;PTPN11;SAMHD1;IFI35;ADAR;USP18;HLA-B;TYK2;STAT2;OAS2;MX1;IRF3;EGR1;IFIT3;ABCE1,excitatory_subtypes,Ex_L5_PCP4_NXPH2,sALS_vs_Control,Reactome_2022
prerank,trans-Golgi Network Vesicle Budding R-HSA-199992,0.3700817272012787,1.288404377412817,0.0975609756097561,0.1895918120885789,1.0,27/65,17.25%,CLTB;AP1S1;YIPF6;TGOLN2;FTL;CTSZ;AP1G2;PTGES2;CHMP2A;DNASE2;SNAPIN;VAMP7;AP1B1;PUM1;CLVS2;HSPA8;OCRL;TBC1D8B;M6PR;DTNBP1;TPD52L1;AP1S3;STX4;SNAP23;AP1M2;APP;BLOC1S4,excitatory_subtypes,Ex_L6_TLE4_MEGF11,c9ALS_vs_sALS,Reactome_2022
prerank,Fcgamma Receptor (FCGR) Dependent Phagocytosis R-HSA-2029480,0.3212205210663075,1.234823019375175,0.1095652173913043,0.1905211062706119,1.0,21/82,13.19%,HSP90AA1;HSP90AB1;ACTG1;MAPK3;BRK1;PRKCSH;PLD3;NCKIPSD;BAIAP2;VPS72;PKN1;PIK3R1;ARPC5;ARPC1B;AHCYL1;MAPK1;SRC;CYFIP2;WASL;PLA2G6;HCK,broad,Excitatory,c9ALS_vs_sALS,Reactome_2022
prerank,SARS-CoV-2 Activates/Modulates Innate And Adaptive Immune Responses R-HSA-9705671,-0.2885521138370337,-1.309206033291333,0.0273972602739726,0.1916566958675388,1.0,31/100,17.59%,NLRP3;BECN1;NUP188;STING1;NUP43;TKFC;NUP58;SEH1L;SEC24B;SIKE1;PTPN11;POM121C;PIK3C3;NUP210;PIK3R4;HLA-C;HLA-F;AAAS;SEC24C;NUP54;NOD1;IRAK2;IRAK1;TAB1;MAP3K7;NUP50;STAT2;G3BP1;TRAF6;TPR;SAR1B,excitatory_subtypes,Ex_L5_L6_THEMIS_NR4A2,c9ALS_vs_Control,Reactome_2022
prerank,Chaperone Mediated Autophagy R-HSA-9613829,-0.4523083376986305,-1.2499999751016713,0.1728395061728395,0.1921556502821275,1.0,12/19,26.49%,UBB;GFAP;UBC;HSPA8;UBA52;PLIN3;EEF1A1;HSP90AB1;PARK7;HSP90AA1;RPS27A;LAMP2,excitatory_subtypes,Ex_L5_PCP4_NXPH2,sALS_vs_Control,Reactome_2022
prerank,Golgi Associated Vesicle Biogenesis R-HSA-432722,0.3850137743975855,1.2655400342994485,0.1219047619047619,0.1929766807139597,1.0,13/50,11.00%,AP1S1;BLOC1S4;YIPF6;TGOLN2;SNAPIN;FTL;TPD52L1;SNX5;PUM1;CLTA;HSPA8;TFRC;TBC1D8B,excitatory_subtypes,Ex_L6_TLE4_CCBE1,c9ALS_vs_sALS,Reactome_2022
prerank,COPII-mediated Vesicle Transport R-HSA-204005,0.3676107596021636,1.2620963505812215,0.1109271523178807,0.1931449480110886,1.0,22/65,16.34%,CNIH2;NSF;CNIH1;TMED2;GORASP1;MCFD2;TRAPPC2;TRAPPC3;BET1;LMAN2;LMAN1;COL7A1;YKT6;TRAPPC4;RAB1B;NAPG;SEC22B;PREB;PPP6C;CSNK1D;GOLGA2;RAB1A,excitatory_subtypes,Ex_L5_L6_THEMIS_TMEM233,c9ALS_vs_sALS,Reactome_2022
prerank,Phase 4 - Resting Membrane Potential R-HSA-5576886,-0.4525844842941237,-1.2321087611827142,0.1969026548672566,0.1940728004009204,1.0,6/19,13.47%,KCNJ4;KCNK6;KCNJ14;KCNK7;KCNK12;KCNJ12,broad,Excitatory,sALS_vs_Control,Reactome_2022
prerank,Golgi Associated Vesicle Biogenesis R-HSA-432722,-0.3668859110808152,-1.2789689677418647,0.1073558648111332,0.1946655300592473,1.0,16/49,18.76%,BLOC1S4;HIP1R;SNAPIN;AP1S3;TGOLN2;PUM1;YIPF6;TFRC;FTL;SNX5;OCRL;AP1S1;TPD52L1;AP1B1;PICALM;TBC1D8B,excitatory_subtypes,Ex_L5_L6_THEMIS_NR4A2,sALS_vs_Control,Reactome_2022
prerank,Golgi Associated Vesicle Biogenesis R-HSA-432722,-0.4002356498000351,-1.3442023335032474,0.0745967741935483,0.1947279450840638,1.0,17/49,19.45%,DNAJC6;SH3D19;HIP1R;TPD52;SNX9;PIK3C2A;SORT1;AP3S1;VAMP8;TFRC;GOLGB1;TGOLN2;FTH1;DNM2;CLTC;AP1B1;TPD52L1,glia_subtypes,Glia_Micro,c9ALS_vs_Control,Reactome_2022
prerank,Mitochondrial Calcium Ion Transport R-HSA-8949215,0.4681609717005492,1.2619050717049738,0.155688622754491,0.1949961272159869,1.0,9/20,15.62%,VDAC1;AKAP1;PMPCA;STOML2;PHB2;LETM1;SMDT1;VDAC2;YME1L1,excitatory_subtypes,Ex_L6_TLE4_CCBE1,c9ALS_vs_sALS,Reactome_2022
prerank,Mitochondrial Biogenesis R-HSA-1592230,-0.3601819268810504,-1.2667486493556686,0.0939044481054365,0.1950315218488212,1.0,31/86,19.11%,NR1D1;CRTC2;ESRRA;POLRMT;SMARCD3;MEF2D;ATP5F1B;CARM1;MAPK11;ATP5MC2;ATP5PD;TMEM11;CYCS;ATP5F1D;HCFC1;MAPK12;MBD4;TWNK;ATP5F1A;ATP5F1E;CALM1;ATP5MC3;SIRT4;ATP5MC1;MICOS13;PRKAB1;PPARGC1A;SIRT3;PRKAB2;ATP5ME;ALAS1,broad,Inhibitory,sALS_vs_Control,Reactome_2022
prerank,Interferon Signaling R-HSA-913531,-0.2955711286137849,-1.2295644500122256,0.0741525423728813,0.1955111087447779,1.0,55/187,19.08%,FLNA;MAPK3;IRF9;EIF4A2;UBC;UBA52;HLA-B;EGR1;UBB;EIF4G2;TRIM26;IP6K2;AAAS;PML;TRIM68;IFIT5;CAMK2B;SEH1L;HLA-DPA1;TRIM8;ICAM1;UBE2N;OAS1;STAT2;MID1;UBA7;HLA-C;PTPN6;MT2A;TRIM3;HLA-F;NEDD4;SUMO1;IFIT1;IFI35;SMAD7;IRF3;KPNA2;B2M;BCL11B;HLA-A;SOCS1;IRF7;PRKCD;IFI6;XAF1;CAMK2G;SP100;EIF2AK2;USP18;TYK2;RPS27A;IFITM2;EIF4G1;PSMB8,broad,Excitatory,sALS_vs_Control,Reactome_2022
prerank,Synthesis Of PIPs At Early Endosome Membrane R-HSA-1660516,-0.5707767474312417,-1.5424950971766485,0.0374220374220374,0.195525611105293,0.99,8/16,15.91%,PIK3C3;MTMR10;MTM1;PIKFYVE;PIK3C2A;INPP4B;INPP4A;PIK3R4,excitatory_subtypes,Ex_L6_TLE4_MEGF11,c9ALS_vs_sALS,Reactome_2022
prerank,MyD88 Dependent Cascade Initiated On Endosome R-HSA-975155,-0.3653749019842623,-1.4709919160670868,0.003012048192771,0.1964733176705332,1.0,34/96,19.79%,FOS;AGER;KCNH8;RPS6KA1;DUSP6;MAP3K8;MAPKAPK2;MAP2K7;MAPK3;DUSP7;MAPK11;MAP2K3;NKIRAS2;PPP2R1B;TRAF6;NLRC5;MAPK10;PPP2R1A;TANK;MAPK7;IKBKG;TNIP2;MAPK8;DUSP4;TP53;TAB3;RELA;PELI1;TICAM1;LRRC14;MAP2K4;RPS6KA3;TAB2;JUN,broad,Inhibitory,c9ALS_vs_Control,Reactome_2022
prerank,Response Of Mtb To Phagocytosis R-HSA-9637690,0.4266081372709727,1.2634304484103749,0.1611721611721611,0.2002555955285071,1.0,6/20,9.73%,CORO1A;MAPK3;UBA52;RPS27A;NANOS2;UBB,broad,Glia,c9ALS_vs_sALS,Reactome_2022
prerank,Cell Recruitment (Pro-Inflammatory Response) R-HSA-9664424,0.440117104286727,1.2516119390152147,0.159392789373814,0.2004370561248406,1.0,4/23,4.37%,HSP90AB1;RELA;SUGT1;TXN2,excitatory_subtypes,Ex_L5_L6_THEMIS_TMEM233,c9ALS_vs_sALS,Reactome_2022
prerank,Role Of Phospholipids In Phagocytosis R-HSA-2029485,-0.4432718838251431,-1.2649803614147963,0.1531190926275992,0.2008430694050693,1.0,11/23,14.95%,PRKCSH;PLD4;PLD3;FCGR1A;CD247;ITPR1;PLPP4;PLA2G6;PIK3R1;PLPP5;PIK3CA,glia_subtypes,Glia_Micro,sALS_vs_Control,Reactome_2022
prerank,Role Of Phospholipids In Phagocytosis R-HSA-2029485,0.4585970175175672,1.250824407952632,0.181985294117647,0.2011378915063247,1.0,8/22,14.22%,AHCYL1;PRKCSH;ITPR2;PRKCD;PLA2G6;PLD3;PIK3R1;CD247,excitatory_subtypes,Ex_L5_L6_THEMIS_TMEM233,c9ALS_vs_sALS,Reactome_2022
prerank,Chaperone Mediated Autophagy R-HSA-9613829,-0.4997023667721804,-1.2589782163906935,0.1733333333333333,0.2014958494083207,1.0,8/19,8.77%,EEF1A1;HSP90AA1;UBA52;HSP90AB1;UBC;UBB;HDAC6;PLIN2,broad,Inhibitory,sALS_vs_Control,Reactome_2022
prerank,Synthesis Of PIPs At Early Endosome Membrane R-HSA-1660516,-0.5237967209552115,-1.3941334415667788,0.0958605664488017,0.201648376150843,1.0,5/16,6.25%,PIK3C3;MTMR10;VAC14;INPP4A;MTMR12,excitatory_subtypes,Ex_L5_L6_THEMIS_TMEM233,c9ALS_vs_sALS,Reactome_2022
prerank,Mitochondrial Protein Import R-HSA-1268020,0.4094480178249592,1.3964039741520875,0.033271719038817,0.2025327410046445,1.0,29/58,25.71%,CHCHD5;TIMM17A;TIMM8B;VDAC1;TOMM7;SLC25A12;DNAJC19;SAMM50;ATP5MC1;COA4;COA6;CHCHD3;PITRM1;SLC25A4;TIMM8A;TIMM10;CCNI;PMPCB;CHCHD2;CHCHD4;TIMM9;ACO2;LDHD;GRPEL2;TIMM50;TOMM70;TIMM21;TOMM40;HSPA9,excitatory_subtypes,Ex_L6_TLE4_CCBE1,c9ALS_vs_Control,Reactome_2022
prerank,Cell Recruitment (Pro-Inflammatory Response) R-HSA-9664424,-0.4534859431677875,-1.255698452960282,0.1548042704626334,0.2039247612140663,1.0,6/24,9.63%,TXN2;HSP90AB1;HMOX1;RELA;SUGT1;C3AR1,broad,Inhibitory,sALS_vs_Control,Reactome_2022
prerank,Transcriptional Activation Of Mitochondrial Biogenesis R-HSA-2151201,-0.3979193139005944,-1.4478138276276202,0.0292682926829268,0.2040094009470186,1.0,13/51,9.98%,CRTC2;POLRMT;CARM1;PPRC1;CRTC1;RXRA;MBD4;PPARGC1A;MTERF1;SIRT3;TBL1X;ESRRA;HCFC1,excitatory_subtypes,Ex_L6_TLE4_MEGF11,c9ALS_vs_Control,Reactome_2022
prerank,Interferon Gamma Signaling R-HSA-877300,-0.3883833880053761,-1.310631852569845,0.0603015075376884,0.2049582290745006,1.0,25/77,17.17%,CAMK2B;TRIM26;PRKCD;TRIM8;MT2A;PTAFR;IRF9;SUMO1;SMAD7;TRIM35;PML;HLA-DRB1;OAS3;OAS1;IRF3;TRIM25;HLA-A;HLA-C;TRIM68;HLA-DPA1;SP100;ICAM1;HLA-B;OAS2;TRIM29,excitatory_subtypes,Ex_L6_TLE4_CCBE1,sALS_vs_Control,Reactome_2022
prerank,Activation Of IRF3/IRF7 Mediated By TBK1/IKK Epsilon R-HSA-936964,-0.5198290418428956,-1.3079355817994769,0.1347905282331511,0.205444287482953,1.0,6/16,14.24%,TICAM1;UBA52;UBB;UBC;IRF3;NDUFA2,excitatory_subtypes,Ex_L6_TLE4_CCBE1,sALS_vs_Control,Reactome_2022
prerank,trans-Golgi Network Vesicle Budding R-HSA-199992,0.3546459227411161,1.242908333341793,0.1166134185303514,0.2062541109016012,1.0,27/67,16.25%,YIPF6;AP1S1;AP1S2;SNAPIN;AP1B1;TGOLN2;CHMP2A;CLTB;PTGES2;FTL;AP4M1;AP1M1;HSPA8;APP;BLOC1S4;PUM1;FTH1;CLTC;HGS;SNX5;NAPSA;ACBD3;STX4;AP1M2;SNX2;OCRL;CLTA,broad,Inhibitory,c9ALS_vs_sALS,Reactome_2022
prerank,Role Of Phospholipids In Phagocytosis R-HSA-2029485,-0.4790481538446835,-1.4437769762311092,0.0803571428571428,0.2062946230686423,1.0,10/22,16.89%,ITPR2;FCGR2A;ITPR1;PLD2;PIK3CA;AHCYL1;PLD4;PLD3;PRKCSH;SYK,broad,Inhibitory,c9ALS_vs_Control,Reactome_2022
prerank,Interferon Alpha/Beta Signaling R-HSA-909733,-0.3813673746385109,-1.2519751121310367,0.1147826086956521,0.2074466036045642,1.0,16/60,12.17%,HLA-A;HLA-B;IRF9;ISG15;IP6K2;EGR1;IFI35;PSMB8;IFIT5;IFNAR2;HLA-C;IRF3;SOCS1;IFITM2;IFIT1;IRF5,broad,Inhibitory,sALS_vs_Control,Reactome_2022
prerank,Interferon Gamma Signaling R-HSA-877300,-0.3489181595996635,-1.2570490754365329,0.098,0.2077407387558429,1.0,24/79,13.80%,HLA-A;HLA-C;HLA-B;HLA-DRA;HLA-DRB1;PTPN6;B2M;SOCS3;IRF9;GBP1;IRF7;FCGR1A;HLA-E;ICAM1;TRIM35;HLA-DPA1;TRIM26;IRF1;HLA-F;SUMO1;PML;HLA-DQA2;MT2A;IRF5,glia_subtypes,Glia_Micro,sALS_vs_Control,Reactome_2022
prerank,Response Of Mtb To Phagocytosis R-HSA-9637690,0.4644482687712259,1.25042311484382,0.185546875,0.2089094969307729,1.0,6/19,13.22%,KPNB1;CORO1A;UBB;UBA52;UBC;HGS,glia_subtypes,Glia_Micro,c9ALS_vs_sALS,Reactome_2022
prerank,Mitochondrial Fatty Acid Beta-Oxidation R-HSA-77289,0.3643344872998844,1.2125692912346304,0.1888489208633093,0.2110984784024672,1.0,9/36,9.31%,ACADS;DBI;NDUFAB1;ECI1;ECHS1;ACBD7;ACOT7;MCAT;ACADVL,broad,Excitatory,c9ALS_vs_sALS,Reactome_2022
prerank,FCGR3A-mediated Phagocytosis R-HSA-9664422,-0.3507827773112496,-1.3637316111076958,0.0477941176470588,0.2113890737908248,1.0,12/56,14.18%,VAV2;WIPF1;DOCK1;ELMO1;POTEF;ARPC1B;WASF3;WIPF3;MYO1E;CRK;MYO9B;MYO10,broad,Excitatory,c9ALS_vs_Control,Reactome_2022
prerank,Interferon Alpha/Beta Signaling R-HSA-909733,-0.3490604534027955,-1.316038204558536,0.0657534246575342,0.214390452452438,1.0,14/58,11.77%,IRF9;SOCS1;IFI35;PTPN6;SAMHD1;IRF7;EGR1;XAF1;HLA-B;HLA-E;RNASEL;HLA-A;STAT2;IRF2,broad,Glia,c9ALS_vs_Control,Reactome_2022
prerank,Lysosome Vesicle Biogenesis R-HSA-432720,0.4183937733573361,1.2400020373046043,0.1532567049808429,0.2146050998237612,1.0,10/31,13.03%,AP1S1;CHMP2A;CLTB;APP;CLVS2;CLTA;HSPA8;HGS;M6PR;AP1B1,excitatory_subtypes,Ex_L6_TLE4_CCBE1,c9ALS_vs_sALS,Reactome_2022
prerank,Interferon Gamma Signaling R-HSA-877300,-0.3587151201540753,-1.323238589276045,0.0483193277310924,0.2150345644383438,1.0,36/80,24.01%,NCAM1;ICAM1;FCGR1A;CD44;SOCS3;HLA-E;PTPN6;HLA-DRB1;IRF7;HLA-A;HLA-B;IRF9;HLA-DRA;HLA-DQA1;TRIM8;PML;MT2A;SOCS1;B2M;TRIM35;IRF4;HLA-C;TRIM26;IFNGR2;IRF1;HLA-DQA2;TRIM46;GBP5;TRIM62;GBP2;HLA-DPA1;SMAD7;PIAS1;MID1;SP100;PTPN11,glia_subtypes,Glia_Micro,c9ALS_vs_Control,Reactome_2022
prerank,COPII-mediated Vesicle Transport R-HSA-204005,-0.370313492740381,-1.2398970068067858,0.1117021276595744,0.2157119901451636,1.0,16/65,11.94%,CNIH2;RAB1B;TRAPPC2L;PREB;YKT6;GORASP1;SEC24C;CTSC;COL7A1;CNIH1;TRAPPC5;TRAPPC2;TRAPPC3;NSF;F8;TMED2,broad,Inhibitory,sALS_vs_Control,Reactome_2022
prerank,Transcriptional Activation Of Mitochondrial Biogenesis R-HSA-2151201,-0.3624056872673563,-1.3099424142641078,0.0852272727272727,0.2192534041481822,1.0,15/52,14.12%,CRTC2;CARM1;RXRA;ESRRA;MEF2D;CHD9;NR1D1;POLRMT;NCOA1;CAMK4;GLUD1;TBL1XR1;PPARGC1A;CRTC1;NCOA2,broad,Glia,c9ALS_vs_Control,Reactome_2022
prerank,Late Endosomal Microautophagy R-HSA-9615710,-0.4099243629324753,-1.2298046058646637,0.1464435146443514,0.2194357057728121,1.0,10/30,9.66%,VPS28;UBC;UBA52;VPS37D;CHMP4B;CHMP2A;CHMP7;UBAP1;UBB;VPS37B,excitatory_subtypes,Ex_L5_L6_THEMIS_TMEM233,sALS_vs_Control,Reactome_2022
prerank,Transcriptional Activation Of Mitochondrial Biogenesis R-HSA-2151201,0.3732383978054683,1.2295119129324663,0.1458333333333333,0.2210232043238683,1.0,19/51,16.05%,CYCS;ATP5F1B;CALM1;TFAM;POLRMT;NR1D1;HCFC1;LIN9;ALAS1;MEF2D;ESRRA;CARM1;GABPA;RXRA;CREB1;TFB2M;MBD4;SIRT4;PPRC1,excitatory_subtypes,Ex_L5_L6_THEMIS_TMEM233,c9ALS_vs_sALS,Reactome_2022
prerank,Interferon Gamma Signaling R-HSA-877300,-0.3765112811564441,-1.4430567683430886,0.0095923261390887,0.2239154383910032,1.0,13/74,7.10%,JAK2;PTPN1;PTPN11;TRIM22;PIAS1;IRF2;ICAM1;JAK1;CAMK2D;CAMK2G;CAMK2A;TRIM5;SP100,excitatory_subtypes,Ex_L6_TLE4_MEGF11,c9ALS_vs_sALS,Reactome_2022
prerank,Transcriptional Activation Of Mitochondrial Biogenesis R-HSA-2151201,-0.3600191196688801,-1.2138410787359564,0.1625766871165644,0.2273758691012377,1.0,19/51,18.74%,ESRRA;ATP5F1B;MBD4;CYCS;HCFC1;SIRT5;MEF2D;POLRMT;MTERF1;CRTC2;PPARA;CALM1;NR1D1;ALAS1;SIRT3;PPARGC1A;CHD9;CARM1;GLUD1,excitatory_subtypes,Ex_L5_PCP4_NXPH2,sALS_vs_Control,Reactome_2022
prerank,Fcgamma Receptor (FCGR) Dependent Phagocytosis R-HSA-2029480,0.3406146214802533,1.22257351312782,0.1265164644714038,0.2276730614621064,1.0,24/82,14.22%,HSP90AB1;HSP90AA1;AHCYL1;ACTG1;NCKIPSD;BRK1;MAPK3;PRKCSH;VPS72;ARPC5;CYFIP2;ITPR2;PRKCD;BAIAP2;VAV1;PKN1;LIMK1;MAPK1;PLA2G6;PLD3;PIK3R1;ARPC2;ACTR2;CD247,excitatory_subtypes,Ex_L5_L6_THEMIS_TMEM233,c9ALS_vs_sALS,Reactome_2022
prerank,Role Of Phospholipids In Phagocytosis R-HSA-2029485,-0.4302859943288633,-1.212510952137717,0.2039473684210526,0.2285766394177115,1.0,9/21,26.77%,PRKCSH;ITPR2;PLD3;AHCYL1;PLA2G6;PRKCE;PLCG1;ITPR1;PLCG2,excitatory_subtypes,Ex_L5_PCP4_NXPH2,sALS_vs_Control,Reactome_2022
prerank,Interferon Signaling R-HSA-913531,-0.2968833089640816,-1.2292999732154044,0.0619834710743801,0.2294672391725147,1.0,42/162,19.25%,MAPK3;B2M;EIF4A2;FLNA;CAMK2B;POM121C;HLA-C;EIF4A3;NUP188;POM121;PLCG1;TRIM3;UBA52;TRIM68;SGIP1;TRIM46;UBB;KPNA4;IP6K2;IFIT5;UBC;PML;KPNA5;PRKCD;UBE2N;SEH1L;HLA-B;KPNA2;NUP43;HLA-F;RANBP2;TRIM35;CAMK2D;MID1;ABCE1;ARIH1;EIF4E;NUP54;NUP58;STAT2;IRF9;HLA-A,excitatory_subtypes,Ex_L5_L6_THEMIS_NR4A2,sALS_vs_Control,Reactome_2022
prerank,Cell Recruitment (Pro-Inflammatory Response) R-HSA-9664424,-0.4725657824249409,-1.2475201686789936,0.1821561338289963,0.2295753262665448,1.0,9/20,19.58%,PSTPIP1;TXN2;HSP90AB1;NLRP3;TXNIP;SUGT1;C3;GSDMD;P2RX4,excitatory_subtypes,Ex_L6_TLE4_MEGF11,sALS_vs_Control,Reactome_2022
prerank,Synthesis Of PIPs At Early Endosome Membrane R-HSA-1660516,-0.4898336039611743,-1.3036086697731906,0.1323529411764706,0.2304191391330338,1.0,7/16,14.27%,PI4K2A;MTMR12;MTMR2;PIK3C2A;INPP4B;PIKFYVE;MTMR10,glia_subtypes,Glia_Micro,c9ALS_vs_Control,Reactome_2022
prerank,Cell Recruitment (Pro-Inflammatory Response) R-HSA-9664424,0.4437059473782648,1.2106575233296493,0.2064220183486238,0.2319828849948408,1.0,8/19,18.32%,SUGT1;HSP90AB1;TXN2;PSTPIP1;RELA;C3;P2RX4;ENTPD5,excitatory_subtypes,Ex_L5_PCP4_NXPH2,c9ALS_vs_sALS,Reactome_2022
prerank,Transcriptional Activation Of Mitochondrial Biogenesis R-HSA-2151201,0.3701695061318912,1.241278551839837,0.1391304347826087,0.2333172270064349,1.0,17/52,12.38%,ATP5F1B;MEF2D;CALM1;CYCS;SMARCD3;CARM1;LIN9;SIRT4;CREB1;TWNK;MEF2C;RXRA;ALAS1;HCFC1;GLUD2;NR1D1;ESRRA,excitatory_subtypes,Ex_L6_TLE4_MEGF11,c9ALS_vs_sALS,Reactome_2022
prerank,Interferon Signaling R-HSA-913531,-0.3121835715965965,-1.2987521563505573,0.0301724137931034,0.2338230761505118,1.0,66/172,24.05%,NCAM1;PDZD2;ICAM1;SGIP1;FLNB;IFIT3;FCGR1A;CD44;KPNA4;SOCS3;HLA-E;EGR1;PTPN6;RANBP2;MAPK3;HLA-DRB1;IRF7;ARIH1;HLA-A;HLA-B;EIF4E;STAT2;IFITM3;IRF9;BST2;HLA-DRA;NUP58;HLA-DQA1;TRIM8;NUP98;ABCE1;PML;IFNAR1;MT2A;SOCS1;B2M;TRIM35;IRF4;HLA-C;ADAR;UBC;TRIM26;IFI35;IFNGR2;IRF1;NUP214;IFI27;HLA-DQA2;TRIM46;UBA52;GBP5;TRIM62;EIF4G1;SEH1L;AAAS;GBP2;HLA-DPA1;SMAD7;NUP42;PIAS1;MID1;KPNA5;RPS27A;SP100;PTPN11;IFIT2,glia_subtypes,Glia_Micro,c9ALS_vs_Control,Reactome_2022
prerank,Golgi Associated Vesicle Biogenesis R-HSA-432722,-0.3503329005231914,-1.1894746163515355,0.1932059447983015,0.2344420125087593,1.0,19/52,18.33%,AP1S1;FTL;BLOC1S4;SNAPIN;NAPSA;AP1B1;OCRL;YIPF6;HSPA8;TBC1D8B;AP1S2;FTH1;AP1M1;HIP1R;CLTC;TGOLN2;AP1S3;TFRC;SNX5,broad,Excitatory,sALS_vs_Control,Reactome_2022
prerank,ADORA2B Mediated Anti-Inflammatory Cytokine Production R-HSA-9660821,-0.3250625340092652,-1.340675210461309,0.001,0.2346468111197063,1.0,32/107,16.28%,RXFP2;GNG7;GNB2;DRD1;GNAI3;GNB3;PTGIR;ADCY8;GPHB5;GNAI1;SCT;PRKAR1B;GNG2;VIPR1;MC4R;CYSLTR2;PTGDR;PRKCA;NLRP3;RXFP1;PRKAR2A;GNB4;GPR39;GNAI2;GPR176;ADRB1;GNGT2;CALCR;HTR6;ADCY2;GHRHR;CALCB,excitatory_subtypes,Ex_L5_L6_THEMIS_TMEM233,c9ALS_vs_Control,Reactome_2022
prerank,COPII-mediated Vesicle Transport R-HSA-204005,-0.3471749677555257,-1.2230958635816085,0.1306122448979592,0.2349334121934336,1.0,23/62,20.10%,CNIH2;STX5;SEC22B;NSF;GORASP1;RAB1B;CSNK1D;GOLGA2;CNIH1;TRAPPC3;MCFD2;SEC23IP;SEC24B;SEC16A;TRAPPC4;SEC24C;YKT6;TMED2;BET1;SEC31A;COL7A1;TRAPPC5;CTSZ,excitatory_subtypes,Ex_L5_L6_THEMIS_NR4A2,sALS_vs_Control,Reactome_2022
prerank,Selective Autophagy R-HSA-9663891,-0.3894998544300512,-1.2619907112399804,0.0966183574879227,0.2385051473951857,1.0,21/55,12.88%,MAP1LC3A;DYNLL2;TOMM20;DYNLL1;UBE2N;PGAM5;UBA52;SQSTM1;MAP1LC3B;FUNDC1;UBB;VDAC1;UBC;TOMM70;SRC;TOMM22;HSP90AA1;ULK1;MFN2;ATG12;HSF1,excitatory_subtypes,Ex_L6_TLE4_CCBE1,sALS_vs_Control,Reactome_2022
prerank,ADORA2B Mediated Anti-Inflammatory Cytokine Production R-HSA-9660821,-0.361637613768448,-1.259830906353652,0.0916808149405772,0.2390081425407089,1.0,25/100,14.75%,GNB2;PRKAR1B;CHGA;GPR27;CPAMD8;C1QTNF1;GNG3;GNB3;PRKAR1A;GNGT1;GNAZ;GNAI2;FSHR;ADCY7;DRD1;MC4R;GPR150;PTGIR;PTHLH;PRKAR2B;GNAS;ADRB1;NLRP3;PRKACB;GPR83,excitatory_subtypes,Ex_L6_TLE4_CCBE1,sALS_vs_Control,Reactome_2022
prerank,Transcriptional Activation Of Mitochondrial Biogenesis R-HSA-2151201,0.3642475741847433,1.209418388170217,0.1382765531062124,0.2415328481896318,1.0,14/52,14.45%,CALM1;ATP5F1B;MEF2D;CYCS;RXRA;NR1D1;SMARCD3;HCFC1;ESRRA;CRTC2;GABPA;TFAM;CREB1;PPRC1,excitatory_subtypes,Ex_L6_TLE4_CCBE1,c9ALS_vs_sALS,Reactome_2022
prerank,Transcriptional Activation Of Mitochondrial Biogenesis R-HSA-2151201,-0.3754222590300149,-1.2123411275990443,0.1703958691910499,0.2423741376817433,1.0,10/52,6.48%,NR1D1;CRTC2;ESRRA;POLRMT;SMARCD3;MEF2D;ATP5F1B;CARM1;CYCS;HCFC1,broad,Inhibitory,sALS_vs_Control,Reactome_2022
prerank,Macroautophagy R-HSA-1632852,-0.2853601225891681,-1.2402171771165955,0.085995085995086,0.2459317715094811,1.0,41/109,21.08%,PCNT;RPTOR;USP30;ATG16L1;TSC1;MFN1;UVRAG;DYNC1H1;IFT88;PEX5;DYNC1I1;DYNC1LI2;ATG13;RRAGB;ATG9A;DYNC1LI1;ATG4A;ATG5;DYNC1I2;AMBRA1;WDR45B;MTERF3;CHMP2B;ATM;MTOR;PIK3C3;PIK3R4;MTMR14;RB1CC1;TSC2;CSNK2A2;ATG4C;PRKN;PRKAA1;HDAC6;MFN2;ATG7;ATG4B;PLIN2;ATG14;PRKAB2,broad,Glia,c9ALS_vs_sALS,Reactome_2022
prerank,Chaperone Mediated Autophagy R-HSA-9613829,-0.4198604854647225,-1.205230562533607,0.2224622030237581,0.2462470486427654,1.0,9/19,15.96%,GFAP;EEF1A1;UBB;HSP90AA1;UBC;HSP90AB1;UBA52;PLIN2;HSPA8,broad,Glia,sALS_vs_Control,Reactome_2022
prerank,Mitochondrial Fatty Acid Beta-Oxidation R-HSA-77289,0.4778581408151673,1.411327045870046,0.056786703601108,0.2464649261023563,1.0,15/36,17.26%,DBI;MCEE;ACSM6;ACADM;ACSM3;NDUFAB1;HADHA;THEM5;ACOT13;DECR1;PCCB;HADHB;ACOT2;ECI1;ACAD10,excitatory_subtypes,Ex_L5_L6_THEMIS_TMEM233,c9ALS_vs_Control,Reactome_2022
prerank,Phase 4 - Resting Membrane Potential R-HSA-5576886,-0.570756330506847,-1.4767836745804064,0.0449678800856531,0.2464780362905221,1.0,6/16,14.64%,KCNJ14;KCNK3;KCNJ2;KCNK13;KCNJ4;KCNK12,excitatory_subtypes,Ex_L6_TLE4_CCBE1,c9ALS_vs_Control,Reactome_2022
prerank,Mitochondrial Protein Import R-HSA-1268020,0.4230725195996057,1.4749994809875504,0.0183615819209039,0.2504806452069978,1.0,22/58,21.74%,TIMM44;CHCHD7;TOMM70;COX19;TOMM7;TIMM50;TIMM10;TIMM22;COA4;HSCB;CHCHD2;TOMM22;TOMM40;TAFAZZIN;TIMM17A;COX17;TIMM8B;TIMM17B;SLC25A13;DNAJC19;GRPEL1;CHCHD4,excitatory_subtypes,Ex_L5_L6_THEMIS_NR4A2,c9ALS_vs_sALS,Reactome_2022
prerank,Late Endosomal Microautophagy R-HSA-9615710,-0.4208807671939598,-1.2041378133126774,0.1936685288640595,0.2513627564337516,1.0,12/30,13.53%,VPS28;UBA52;UBC;UBB;CHMP4B;VPS37D;HDAC6;PLIN2;CHMP7;MVB12A;CHMP2A;RPS27A,broad,Inhibitory,sALS_vs_Control,Reactome_2022
prerank,Macroautophagy R-HSA-1632852,0.3500099778165475,1.3901321614818845,0.0264084507042253,0.2517681561031498,1.0,40/109,20.03%,PCNT;RRAGB;TSC1;DYNC1LI1;MFN1;ATG14;MTOR;RPTOR;DYNC1H1;ATG16L1;DYNC1LI2;WIPI1;ATG13;DYNC1I2;ATM;IFT88;ATG5;PINK1;DYNC1I1;UVRAG;ATG4C;CFTR;MTMR14;TOMM20;AMBRA1;ATG4B;PIK3C3;PIK3R4;TOMM70;ATG7;SLC38A9;WIPI2;PRKN;MTERF3;GABARAPL1;ATG9A;WDR45B;USP30;ATG3;TOMM40,broad,Glia,sALS_vs_Control,Reactome_2022
prerank,Response Of Mtb To Phagocytosis R-HSA-9637690,-0.402915928850504,-1.2319053903114234,0.1969111969111969,0.252450918243459,1.0,9/20,18.55%,MAPK3;TRIM27;MAPK1;ENO1;UBC;KPNB1;HGS;CORO1A;KPNA1,excitatory_subtypes,Ex_L5_L6_THEMIS_NR4A2,c9ALS_vs_Control,Reactome_2022
prerank,FCGR3A-mediated Phagocytosis R-HSA-9664422,-0.3372249843719505,-1.2598292675599148,0.1067073170731707,0.2542105781486076,1.0,24/57,22.12%,VAV3;VAV2;ABI1;CYFIP2;SRC;FYN;NCK1;ABI2;NCKIPSD;ARPC1B;FGR;MYH9;ACTG1;MYH2;WASF3;ELMO2;NCKAP1;MYO10;ARPC2;MAPK1;MAPK3;ACTR3;MYO9B;WIPF2,broad,Glia,c9ALS_vs_Control,Reactome_2022
prerank,Activation Of IRF3/IRF7 Mediated By TBK1/IKK Epsilon R-HSA-936964,0.4718330394496729,1.2165034397428576,0.2030456852791878,0.2561789309441091,1.0,6/16,10.22%,UBA52;RPS27A;UBC;NDUFA2;UBB;TMED7-TICAM2,excitatory_subtypes,Ex_L6_TLE4_MEGF11,c9ALS_vs_sALS,Reactome_2022
prerank,Transcriptional Activation Of Mitochondrial Biogenesis R-HSA-2151201,-0.3939670354594374,-1.2400720661689677,0.1402027027027027,0.2566494035086911,1.0,20/52,15.16%,NR1D1;RXRA;MEF2D;CARM1;POLRMT;ATP5F1B;HCFC1;SMARCD3;CRTC2;TFB2M;ESRRA;CRTC1;CALM1;PPARGC1A;SIRT3;MBD4;PPARA;LIN9;HELZ2;PPRC1,excitatory_subtypes,Ex_L6_TLE4_CCBE1,sALS_vs_Control,Reactome_2022
prerank,SARS-CoV-2 Activates/Modulates Innate And Adaptive Immune Responses R-HSA-9705671,-0.3097774816622591,-1.181905284246443,0.1659324522760646,0.2617590562289751,1.0,43/101,26.22%,SEC24C;HLA-F;CNBP;G3BP1;IL17RA;HLA-C;TAB3;HLA-A;AAAS;BECN1;NLRP3;SAR1B;POM121C;PTPN11;KPNA2;RIPK2;IRAK1;SIKE1;NUP50;RANBP2;G3BP2;B2M;NUP205;SEC24B;HSP90AB1;HLA-B;TRAF6;SEC13;IKBKG;NUP54;NUP42;HSP90AA1;TYK2;TOMM70;NUP98;STAT2;SEH1L;NOD1;IRF3;SEC24D;NUP188;MASP2;TKFC,excitatory_subtypes,Ex_L5_PCP4_NXPH2,sALS_vs_Control,Reactome_2022
prerank,Autophagy R-HSA-9612973,-0.340495509603167,-1.2307472720269428,0.0913461538461538,0.2622026837573264,1.0,39/121,12.93%,MAP1LC3A;MLST8;DYNLL2;TOMM20;CHMP4B;CHMP2A;DYNLL1;EEF1A1;UBE2N;HSP90AB1;PGAM5;LAMTOR4;RRAGA;UBA52;VPS28;GABARAPL1;SQSTM1;MAP1LC3B;LAMTOR3;FUNDC1;LAMTOR1;WDR45;VPS37D;UBB;LAMTOR5;VDAC1;UBC;TOMM70;SRC;PRKAA1;ATG4D;TOMM22;HSP90AA1;ULK1;MFN2;ATG12;UBAP1;HSF1;ATG101,excitatory_subtypes,Ex_L6_TLE4_CCBE1,sALS_vs_Control,Reactome_2022
prerank,Transcriptional Activation Of Mitochondrial Biogenesis R-HSA-2151201,0.3505625641630068,1.1836123516877586,0.2031872509960159,0.2643345375887277,1.0,22/52,27.36%,NR1D1;HCFC1;ESRRA;SIRT3;CYCS;CALM1;ATP5F1B;MBD4;ALAS1;SIRT5;MEF2D;ACSS2;SIRT4;SSBP1;TFAM;CHD9;IDH2;GLUD1;CRTC2;POLRMT;MEF2C;TBL1X,excitatory_subtypes,Ex_L5_PCP4_NXPH2,c9ALS_vs_sALS,Reactome_2022
prerank,Fcgamma Receptor (FCGR) Dependent Phagocytosis R-HSA-2029480,0.3333929908593346,1.2059070335915802,0.1594454072790294,0.265301823253006,1.0,18/80,9.86%,HSP90AB1;HSP90AA1;ACTG1;BAIAP2;PRKCSH;MAPK1;PLD3;BRK1;NCKIPSD;PLPP4;PKN1;AHCYL1;CD247;PRKCD;PIK3R1;ARPC5;ARPC3;CYFIP2,excitatory_subtypes,Ex_L6_TLE4_MEGF11,c9ALS_vs_sALS,Reactome_2022
prerank,COPII-mediated Vesicle Transport R-HSA-204005,0.3394798900011376,1.1963680031977548,0.1761252446183953,0.265962089135962,1.0,25/64,23.09%,TRAPPC2;AREG;TRAPPC3;TBC1D20;RAB1B;GORASP1;SEC16A;CNIH2;CD59;NSF;SEC22A;MCFD2;TGFA;STX17;SCFD1;SEC22B;TRAPPC2L;NAPSA;YKT6;SERPINA1;SAR1B;PPP6C;SEC16B;PREB;TRAPPC9,glia_subtypes,Glia_Micro,c9ALS_vs_sALS,Reactome_2022
prerank,Cell Recruitment (Pro-Inflammatory Response) R-HSA-9664424,0.4335257767259767,1.2037346479002218,0.1967509025270758,0.2663786906716254,1.0,8/20,22.49%,HSP90AB1;SUGT1;C3;PSTPIP1;TXN2;MEFV;NFKB2;HMOX1,excitatory_subtypes,Ex_L6_TLE4_MEGF11,c9ALS_vs_sALS,Reactome_2022
prerank,Anti-inflammatory Response Favoring Leishmania Infection R-HSA-9662851,-0.3022125815777626,-1.2966618583309648,0.0068965517241379,0.2667563330944877,1.0,41/137,16.28%,RXFP2;GNG7;GNB2;DRD1;GNAI3;GNB3;PTGIR;ADCY8;GPHB5;PLCG2;GNAI1;SCT;PRKAR1B;GNG2;CD163;VIPR1;SRC;MC4R;CYSLTR2;PTGDR;PRKCA;GGT5;NLRP3;RXFP1;FYN;PRKAR2A;GNB4;GPR39;HCK;PLK2;GNAI2;GPR176;DPEP1;ADRB1;GNGT2;CALCR;HTR6;YES1;ADCY2;GHRHR;CALCB,excitatory_subtypes,Ex_L5_L6_THEMIS_TMEM233,c9ALS_vs_Control,Reactome_2022
prerank,Interferon Signaling R-HSA-913531,-0.3259207115123026,-1.2218786868238884,0.0699523052464228,0.2686105606883082,1.0,53/172,18.01%,EIF4A2;FLNA;NEDD4;CAMK2B;TRIM26;PRKCD;UBE2N;SEH1L;EGR1;IP6K2;UBA52;STAT2;EIF4G2;TRIM8;EIF4G1;MT2A;PTAFR;IFIT5;IRF9;SUMO1;SMAD7;IFIT1;UBB;UBC;TRIM35;PDE12;UBE2L6;PML;HLA-DRB1;OAS3;OAS1;IRF3;TRIM25;HLA-A;HLA-C;RNASEL;TRIM68;HLA-DPA1;SP100;ISG15;ICAM1;NUP188;IFI6;KPNA4;HLA-B;EIF4E;KPNA2;OAS2;TRIM29;MX1;KPNA5;EIF2AK2;AAAS,excitatory_subtypes,Ex_L6_TLE4_CCBE1,sALS_vs_Control,Reactome_2022
prerank,Activation Of IRF3/IRF7 Mediated By TBK1/IKK Epsilon R-HSA-936964,-0.4721561693875235,-1.256315289707274,0.1784232365145228,0.2713870153248566,1.0,8/16,26.43%,TICAM1;IRF7;TMED7-TICAM2;UBC;UBA52;RPS27A;PTPN11;TRAF3,glia_subtypes,Glia_Micro,c9ALS_vs_Control,Reactome_2022
prerank,Mitochondrial Biogenesis R-HSA-1592230,0.2917794749914107,1.1877615295919342,0.1587030716723549,0.2721193815802355,1.0,24/86,12.62%,MAPK11;ATP5ME;ATP5F1E;POLRMT;ATP5F1D;MICOS13;TMEM11;SIRT4;ATP5MC3;MEF2C;HELZ2;CYCS;PPARGC1B;ATP5PF;SMARCD3;ESRRA;CALM1;HCFC1;ATP5MC1;ATP5MC2;ATP5PD;CRTC2;RXRA;NR1D1,broad,Glia,c9ALS_vs_sALS,Reactome_2022
prerank,ADORA2B Mediated Anti-Inflammatory Cytokine Production R-HSA-9660821,-0.3162891588526411,-1.1729073217209498,0.1756756756756756,0.2721548560268689,1.0,27/97,17.45%,GNG3;GNB2;PRKAR1B;MC4R;ADCYAP1R1;DRD1;HTR4;PRKACB;ADCY5;GNAI2;RAMP1;ADCY8;NLRP3;PRKAR1A;PRKX;CHGA;ADCY1;CPAMD8;GNB3;GNGT2;GNAS;RAMP3;SCTR;ADCY7;PRKAR2A;GNAZ;PRKCA,excitatory_subtypes,Ex_L5_PCP4_NXPH2,sALS_vs_Control,Reactome_2022
prerank,Golgi Associated Vesicle Biogenesis R-HSA-432722,0.3906130105604045,1.3645643167483357,0.0468468468468468,0.2745301702038229,1.0,23/52,22.72%,CLINT1;GOLGB1;ARRB1;CLTA;SORT1;AP1S2;AP3B1;SH3GL2;TPD52;SNX9;DNAJC6;PICALM;GAK;PIK3C2A;AP1G1;CLTC;ACBD3;TGOLN2;TBC1D8B;AP4E1;DNM2;DTNBP1;VAMP7,broad,Glia,sALS_vs_Control,Reactome_2022
prerank,SARS-CoV-2 Activates/Modulates Innate And Adaptive Immune Responses R-HSA-9705671,-0.3310178928367923,-1.2970752335723077,0.0585365853658536,0.275634344712574,1.0,25/104,8.46%,MAVS;IRAK2;IKBKB;NUP35;NUP93;PIK3C3;CHUK;NLRP3;TBK1;NUP160;JAK1;SEC24D;LARP1;NUP37;TRIM4;NUP42;PTPN11;NUP155;NUP214;NUP133;NUP210;NUP98;ATG14;CREBBP;TLR1,excitatory_subtypes,Ex_L5_L6_THEMIS_TMEM233,c9ALS_vs_sALS,Reactome_2022
prerank,SARS-CoV-2 Activates/Modulates Innate And Adaptive Immune Responses R-HSA-9705671,-0.3437574279002421,-1.3722936487438713,0.0198019801980198,0.2758606401479737,1.0,40/102,19.58%,TPR;NUP93;PTPN11;IRAK2;PIK3C3;NUP160;NOD1;JAK1;NUP85;IKBKB;MASP1;NUP88;IFNAR1;TBK1;NUP214;NUP54;CREBBP;NUP58;NUP37;NUP98;IRAK1;NUP42;NUP210;SEC24D;NUP43;SFTPD;IFIH1;SAR1B;NUP188;IKBKE;HLA-E;NUP205;PIK3R4;TRAF3;SEC13;NLRP3;NUP153;ATG14;NUP155;TRIM4,excitatory_subtypes,Ex_L6_TLE4_MEGF11,c9ALS_vs_sALS,Reactome_2022
prerank,Mitochondrial Translation Initiation R-HSA-5368286,-0.3210231776572568,-1.177303813150968,0.1810699588477366,0.2794015183780295,1.0,27/73,21.98%,MRPL41;MRPL10;MRPS2;MRPS18A;MRPL19;MRPL50;MRPL49;GADD45GIP1;MRPL36;MTIF2;MRPL54;MTFMT;ERAL1;MRPS23;MRPL44;MRPL52;MRPL16;MRPL18;OXA1L;MRPS21;MRPL34;MRPL43;MRPL32;MRPS9;MRPL4;MRPS10;MRPL40,excitatory_subtypes,Ex_L5_L6_THEMIS_NR4A2,sALS_vs_Control,Reactome_2022
prerank,Role Of Phospholipids In Phagocytosis R-HSA-2029485,0.4183611781791797,1.1706542077130264,0.2328519855595668,0.2802282744462649,1.0,8/22,19.15%,PRKCSH;PRKCD;PLPP5;PLD3;ITPR3;PLA2G6;AHCYL1;PIK3R1,broad,Inhibitory,c9ALS_vs_sALS,Reactome_2022
prerank,FCGR3A-mediated Phagocytosis R-HSA-9664422,-0.3758472684597246,-1.3511064738773872,0.0568181818181818,0.280688788326761,1.0,21/56,18.61%,ELMO1;MYO1E;DOCK1;PTK2;WIPF1;FYN;ELMO2;VAV2;VAV3;WASF2;MYO9B;MYO5A;CDC42;WIPF3;NCK1;MYH9;HCK;ABI1;ABL1;CYFIP1;ARPC3,broad,Inhibitory,c9ALS_vs_sALS,Reactome_2022
prerank,Golgi Associated Vesicle Biogenesis R-HSA-432722,-0.3098952158002408,-1.1980301476210156,0.1722689075630252,0.2820300472571687,1.0,13/48,15.88%,GAK;SH3D19;SORT1;VAMP8;HIP1R;SNX5;AP1G1;TPD52L1;TFRC;OCRL;CLTC;AP4B1;TGOLN2,excitatory_subtypes,Ex_L5_L6_THEMIS_NR4A2,c9ALS_vs_Control,Reactome_2022
prerank,Lysosome Vesicle Biogenesis R-HSA-432720,-0.3984522614860876,-1.1854672240748023,0.2150101419878296,0.2833538653445941,1.0,16/31,24.39%,AP1G2;HGS;CLTC;CTSZ;AP1M1;AP1G1;M6PR;CLVS1;APP;GNS;AP1S1;CLTB;VAMP8;SH3GL2;VAMP7;HSPA8,glia_subtypes,Glia_Micro,sALS_vs_Control,Reactome_2022
prerank,Response Of Mtb To Phagocytosis R-HSA-9637690,0.5207886468374885,1.4479923103469892,0.046925566343042,0.2833927620472037,1.0,6/20,9.61%,MAPK3;UBA52;HGS;RAB7A;RPS27A;UBB,excitatory_subtypes,Ex_L5_L6_THEMIS_NR4A2,c9ALS_vs_sALS,Reactome_2022
prerank,Synthesis Of PIPs At Early Endosome Membrane R-HSA-1660516,0.5077575324712472,1.342106506394577,0.1235955056179775,0.2841520629539345,1.0,9/16,21.76%,VAC14;MTMR2;PIK3C3;PIK3R4;PIK3C2A;MTMR10;FIG4;MTMR4;PIKFYVE,broad,Glia,sALS_vs_Control,Reactome_2022
prerank,ADORA2B Mediated Anti-Inflammatory Cytokine Production R-HSA-9660821,0.3173000524894506,1.1677225859934024,0.2024539877300613,0.2842929842670278,1.0,29/97,20.73%,GNG3;ADCY8;RAMP1;GNB5;GNAI2;PRKAR1A;DRD1;PRKX;CRH;PRKCA;GNG2;ADCYAP1R1;ADCY5;CHGA;GNB2;GNAS;PRKACB;PTH2R;GNB4;CPAMD8;MC4R;ADCY7;GNAI1;GNG7;ADCY1;GNB3;PRKAR1B;GNAZ;ADCY6,excitatory_subtypes,Ex_L5_PCP4_NXPH2,c9ALS_vs_sALS,Reactome_2022
prerank,FCGR3A-mediated Phagocytosis R-HSA-9664422,-0.3421804763164368,-1.2766633427026215,0.0780911062906724,0.2845090530349426,1.0,17/56,12.52%,DOCK1;ELMO1;MYO1E;CDC42;WIPF1;CYFIP1;FYN;VAV2;ELMO2;ABL1;PTK2;POTEF;NCKAP1L;MYH2;WIPF3;MYO9B;MYO5A,broad,Excitatory,c9ALS_vs_sALS,Reactome_2022
prerank,Late Endosomal Microautophagy R-HSA-9615710,-0.3833973880016139,-1.1724336791531265,0.2468879668049792,0.2846085539888481,1.0,10/29,10.44%,HDAC6;UBA52;VPS28;UBAP1;MVB12A;VPS37A;VPS37B;PLIN2;UBB;UBC,excitatory_subtypes,Ex_L5_L6_THEMIS_NR4A2,sALS_vs_Control,Reactome_2022
prerank,Anti-inflammatory Response Favoring Leishmania Infection R-HSA-9662851,-0.3310201721778315,-1.2068182910386485,0.1024,0.2856481178650276,1.0,27/128,11.86%,GNB2;PRKAR1B;CHGA;GPR27;CPAMD8;FURIN;C1QTNF1;GNG3;GNB3;PRKAR1A;GNGT1;GNAZ;GNAI2;FSHR;ADCY7;PLK2;CALM1;DRD1;ITPR2;MC4R;GPR150;PTGIR;PTHLH;SRC;PRKAR2B;GNAS;ADRB1,excitatory_subtypes,Ex_L6_TLE4_CCBE1,sALS_vs_Control,Reactome_2022
prerank,ADORA2B Mediated Anti-Inflammatory Cytokine Production R-HSA-9660821,-0.3297588549873382,-1.3407964767318994,0.0410557184750733,0.2875761633590785,1.0,26/101,14.64%,MC4R;GNB2;PTH2R;GPR39;GNAI2;C1QTNF1;NLRP3;PRKCA;SCTR;GNG4;GNB3;GNG7;PRKAR2A;HTR4;HTR7;PRKAR1B;GHRHR;ADCY6;CALCRL;GNAI3;GNG3;CHGA;ADM;GNG8;ADCY8;DRD1,excitatory_subtypes,Ex_L6_TLE4_MEGF11,c9ALS_vs_Control,Reactome_2022
prerank,Macroautophagy R-HSA-1632852,-0.3391740498742709,-1.2027456906922365,0.1138613861386138,0.2883628293864209,1.0,41/107,17.29%,MAP1LC3A;MLST8;DYNLL2;TOMM20;CHMP4B;CHMP2A;DYNLL1;UBE2N;PGAM5;LAMTOR4;RRAGA;UBA52;GABARAPL1;SQSTM1;MAP1LC3B;LAMTOR3;FUNDC1;LAMTOR1;WDR45;UBB;LAMTOR5;VDAC1;UBC;TOMM70;SRC;PRKAA1;ATG4D;TOMM22;HSP90AA1;ULK1;MFN2;ATG12;HSF1;ATG101;RRAGC;WIPI2;CHMP6;TSC2;TOMM40;WDR45B;GABARAPL2,excitatory_subtypes,Ex_L6_TLE4_CCBE1,sALS_vs_Control,Reactome_2022
prerank,Mitochondrial Calcium Ion Transport R-HSA-8949215,-0.440477712804694,-1.1669792296419363,0.25,0.2918850278969162,1.0,6/20,5.38%,PMPCA;PHB2;STOML2;MCU;VDAC2;LETM1,broad,Inhibitory,sALS_vs_Control,Reactome_2022
prerank,Interferon Signaling R-HSA-913531,-0.26576644428257,-1.216805680023473,0.047808764940239,0.2940252043085102,1.0,55/179,21.59%,IRF9;SOCS1;IFI35;PTPN6;TRIM26;HLA-DRB1;SAMHD1;MID1;ICAM1;IRF7;EGR1;XAF1;AAAS;RANBP2;HLA-B;TRIM8;FCGR1A;HLA-E;RNASEL;NUP58;TRIM68;HLA-A;STAT2;IRF2;ARIH1;PLCG1;FLNA;UBE2L6;HLA-DQA1;SMAD7;HLA-DQA2;CAMK2D;GBP1;NUP188;HLA-DRA;SOCS3;PIAS1;CD44;CAMK2G;UBA7;OAS1;NUP85;NUP210;ABCE1;HLA-C;UBC;IRF4;CAMK2A;KPNA5;NUP98;FLNB;POM121;MAPK3;UBB;NUP153,broad,Glia,c9ALS_vs_Control,Reactome_2022
prerank,Fcgamma Receptor (FCGR) Dependent Phagocytosis R-HSA-2029480,-0.3530094601010734,-1.192442963329306,0.1438474870017331,0.2963998926544,1.0,22/80,12.95%,PLD3;BAIAP2;CYFIP2;MAPK1;ACTG1;PRKCSH;PRKCD;HSP90AB1;NCKIPSD;VPS72;BRK1;PKN1;WASL;LIMK1;ITPR2;ARPC5;SRC;HSP90AA1;CRK;PIK3R1;WASF1;PLA2G6,excitatory_subtypes,Ex_L6_TLE4_CCBE1,sALS_vs_Control,Reactome_2022
prerank,Response Of Mtb To Phagocytosis R-HSA-9637690,-0.4592653936842246,-1.189847295639984,0.218809980806142,0.2968778967831618,1.0,7/20,9.11%,HGS;MAPK1;UBA52;ENO1;UBB;UBC;PGK1,excitatory_subtypes,Ex_L6_TLE4_CCBE1,sALS_vs_Control,Reactome_2022
prerank,Role Of Phospholipids In Phagocytosis R-HSA-2029485,0.4099821785526849,1.1572086951311336,0.2602739726027397,0.2970019629292699,1.0,9/21,24.11%,PRKCSH;PLD3;PIK3R1;AHCYL1;PLCG2;PRKCE;ITPR2;ITPR1;PLCG1,excitatory_subtypes,Ex_L5_PCP4_NXPH2,c9ALS_vs_sALS,Reactome_2022
prerank,Anti-inflammatory Response Favoring Leishmania Infection R-HSA-9662851,0.304807224125106,1.1564245195484208,0.2096584216725559,0.2974459939900046,1.0,35/124,21.48%,GNG3;PLK2;ADCY8;RAMP1;GNB5;GNAI2;CALM1;PRKAR1A;DRD1;PRKX;CRH;PRKCA;GNG2;ADCYAP1R1;ADCY5;CHGA;GNB2;FURIN;GNAS;PRKACB;PTH2R;GNB4;AHCYL1;CPAMD8;MC4R;PLCG2;ADCY7;GNAI1;GNG7;ADCY1;GNB3;PRKAR1B;GNAZ;ADCY6;ITPR2,excitatory_subtypes,Ex_L5_PCP4_NXPH2,c9ALS_vs_sALS,Reactome_2022
prerank,Transcriptional Activation Of Mitochondrial Biogenesis R-HSA-2151201,0.3478468503911973,1.1509290053938823,0.2307692307692307,0.3016460974543498,1.0,16/52,13.88%,MEF2D;CALM1;NR1D1;CYCS;ESRRA;SMARCD3;ATP5F1B;MEF2C;POLRMT;SIRT4;SIRT3;CREB1;MBD4;TWNK;LIN9;TFAM,broad,Inhibitory,c9ALS_vs_sALS,Reactome_2022
prerank,Phase 4 - Resting Membrane Potential R-HSA-5576886,0.4311015477329757,1.1460414301232082,0.2710951526032316,0.3064220699431986,1.0,9/18,26.22%,KCNJ12;KCNJ4;KCNJ14;KCNK18;KCNK7;KCNK1;KCNK15;KCNK6;KCNK5,broad,Inhibitory,c9ALS_vs_sALS,Reactome_2022
prerank,Chaperone Mediated Autophagy R-HSA-9613829,-0.4181693731528276,-1.1506998592623665,0.2695652173913043,0.3072707577772178,1.0,6/19,10.44%,HDAC6;UBA52;EEF1A1;PLIN2;UBB;UBC,excitatory_subtypes,Ex_L5_L6_THEMIS_NR4A2,sALS_vs_Control,Reactome_2022
prerank,Mitochondrial tRNA Aminoacylation R-HSA-379726,-0.4291220298494697,-1.2461467581712011,0.1649269311064718,0.3075609193556193,1.0,8/19,14.59%,FARS2;LARS2;WARS2;TARS2;AARS2;CARS2;RARS2;EARS2,broad,Excitatory,c9ALS_vs_sALS,Reactome_2022
prerank,STING Mediated Induction Of Host Immune Responses R-HSA-1834941,-0.4418593857482291,-1.2013416425619892,0.2105263157894736,0.3116888837775462,1.0,3/15,2.91%,CGAS;NLRP4;DDX41,broad,Glia,c9ALS_vs_Control,Reactome_2022
prerank,Autophagy R-HSA-9612973,-0.2663930990736599,-1.168532757268506,0.128395061728395,0.3157431414343027,1.0,27/123,9.16%,PCNT;MVB12B;RPTOR;USP30;ATG16L1;TSC1;MFN1;UVRAG;DYNC1H1;IFT88;PEX5;DYNC1I1;DYNC1LI2;ATG13;RRAGB;ATG9A;DYNC1LI1;ATG4A;ATG5;VPS37B;DYNC1I2;AMBRA1;WDR45B;MTERF3;CHMP2B;ATM;MTOR,broad,Glia,c9ALS_vs_sALS,Reactome_2022
prerank,DDX58/IFIH1-mediated Induction Of Interferon-Alpha/Beta R-HSA-168928,0.4174721321262619,1.4345732015393589,0.0263543191800878,0.316784950732432,1.0,22/64,19.46%,NKIRAS1;S100B;IKBKB;RPS27A;EP300;IRF3;TRIM4;HSP90AB1;TKFC;TRIM25;CREBBP;NFKBIA;HSP90AA1;TOMM70;UBE2D2;CASP8;MAP3K1;APP;TAX1BP1;NLRX1;ATG12;RNF135,excitatory_subtypes,Ex_L5_PCP4_NXPH2,c9ALS_vs_Control,Reactome_2022
prerank,Mitochondrial Fatty Acid Beta-Oxidation R-HSA-77289,-0.3317331883886084,-1.164678806774701,0.2158590308370044,0.3185865452284698,1.0,15/36,20.85%,PCCB;PCCA;MMUT;MCEE;HADH;ACAA2;ACOT1;ACBD6;ACSM6;PCTP;DECR1;HADHB;ACOT12;ACAD10;ACOT2,broad,Glia,c9ALS_vs_sALS,Reactome_2022
prerank,Interferon Signaling R-HSA-913531,0.2819291382482891,1.1529048779191753,0.1641509433962264,0.3208240774472019,1.0,36/170,12.08%,KPNA3;NUP107;KPNB1;ISG15;HLA-C;NUP37;HLA-DRB5;PSMB8;KPNA2;TYK2;EIF4A2;TPR;HLA-A;IFIT5;NUP205;UBB;EIF4E2;HLA-F;EIF4G2;UBA52;NDC1;GBP1;NUP188;HLA-B;B2M;UBE2L6;HLA-DRA;UBA7;NUP160;TRIM17;IP6K2;UBE2N;NEDD4;RNASEL;IRF5;UBC,glia_subtypes,Glia_Micro,c9ALS_vs_sALS,Reactome_2022
prerank,Late Endosomal Microautophagy R-HSA-9615710,0.3518604227219671,1.1437720016367272,0.2517985611510791,0.3235365896399231,1.0,9/30,13.09%,VPS28;UBA52;MVB12A;CHMP2A;PARK7;RPS27A;CHMP4C;UBB;RNASE1,broad,Glia,c9ALS_vs_sALS,Reactome_2022
prerank,MyD88 Dependent Cascade Initiated On Endosome R-HSA-975155,-0.3415758023382929,-1.2905500553326823,0.0566037735849056,0.328714927115156,1.0,38/95,23.09%,MAPK11;PPP2R1A;TANK;IKBKG;IRAK2;MAPKAPK2;MAP2K7;MAP2K3;HMGB1;MAPK8;RIPK2;MAPK7;DUSP7;JUN;TICAM1;IKBIP;PPP2CB;PELI3;LRRC14;NFKBIB;RPS6KA1;TP53;TRAF6;MAP2K4;KCNH8;RELA;MAPK10;IRAK1;APP;PPP2R5D;MAPK3;FOS;NOD1;TAB1;LY96;AGER;MYD88;UBC,excitatory_subtypes,Ex_L6_TLE4_CCBE1,c9ALS_vs_Control,Reactome_2022
prerank,Interferon Signaling R-HSA-913531,-0.2951330741929002,-1.131207367464586,0.1977848101265822,0.3307327530061803,1.0,44/178,15.43%,MAPK3;EIF4A2;HLA-A;FLNA;HLA-B;UBE2L6;IRF9;ISG15;UBA52;IP6K2;EGR1;TRIM26;UBC;SP100;SMAD7;IFI35;EIF4G2;PSMB8;UBB;IFIT5;IFNAR2;HLA-DQA1;PRKCD;HLA-C;TRIM38;TRIM35;SUMO1;IRF3;B2M;SOCS1;IFITM2;IFIT1;IFNGR1;IRF5;KPNA2;EIF4A3;KPNA4;RPS27A;TRIM8;PTPN6;MID1;CAMK2D;RANBP2;EIF4G1,broad,Inhibitory,sALS_vs_Control,Reactome_2022
prerank,Anti-inflammatory Response Favoring Leishmania Infection R-HSA-9662851,-0.3013546759323595,-1.2839378772006875,0.0543806646525679,0.3334869103237116,1.0,46/130,23.21%,MC4R;GNB2;PTH2R;GPR39;GNAI2;C1QTNF1;NLRP3;PRKCA;SCTR;GNG4;PLCG2;GNB3;GNG7;PRKAR2A;HTR4;HTR7;PRKAR1B;GHRHR;ADCY6;CALCRL;PLCG1;FURIN;GNAI3;PLK2;GNG3;CHGA;ADM;GNG8;ADCY8;DRD1;GPR84;SRC;AHCYL1;GPR27;MYH9;POMC;VIPR1;RXFP1;LYN;RHBDF2;ADRB1;CALCB;GIPR;FYN;GNGT2;GNAI1,excitatory_subtypes,Ex_L6_TLE4_MEGF11,c9ALS_vs_Control,Reactome_2022
prerank,Mitochondrial tRNA Aminoacylation R-HSA-379726,0.4525273819097795,1.2820895937589434,0.1459459459459459,0.3355400073763185,1.0,12/19,22.84%,YARS2;IARS2;CARS2;AARS2;RARS2;NARS2;WARS2;PPA2;FARS2;TARS2;LARS2;GARS1,broad,Glia,sALS_vs_Control,Reactome_2022
prerank,Phase 4 - Resting Membrane Potential R-HSA-5576886,-0.4520079596671064,-1.2426727576580487,0.1930232558139535,0.3361749327979602,1.0,9/17,27.96%,KCNK17;KCNK13;KCNJ4;KCNK7;KCNJ14;KCNK12;KCNK3;KCNK6;KCNK1,broad,Inhibitory,c9ALS_vs_Control,Reactome_2022
prerank,Role Of Phospholipids In Phagocytosis R-HSA-2029485,-0.4502367313869971,-1.2665760616160715,0.1453362255965292,0.3364049613114859,1.0,7/22,19.08%,PLA2G6;PLD3;PIK3CA;PRKCSH;CD247;PLD2;PLPP5,excitatory_subtypes,Ex_L6_TLE4_CCBE1,c9ALS_vs_Control,Reactome_2022
prerank,trans-Golgi Network Vesicle Budding R-HSA-199992,-0.3379884876878489,-1.12555639186811,0.2782764811490125,0.3370398381543469,1.0,21/67,15.74%,HGS;AP1G2;AP1B1;AP1S1;CLTB;SNX5;PTGES2;FTL;SNAPIN;BLOC1S4;DNASE2;CHMP2A;APP;CLVS2;CLTA;AP3S1;STX4;ACBD3;VAMP7;FTH1;AP1M1,broad,Inhibitory,sALS_vs_Control,Reactome_2022
prerank,Role Of Phospholipids In Phagocytosis R-HSA-2029485,-0.4144148990891193,-1.1949064279189194,0.2145748987854251,0.3392633831515947,1.0,8/23,15.36%,PRKCSH;FCGR1A;PIK3R1;PLPP5;PLPP4;PLD3;PLA2G6;FCGR2A,glia_subtypes,Glia_Micro,c9ALS_vs_Control,Reactome_2022
prerank,Fcgamma Receptor (FCGR) Dependent Phagocytosis R-HSA-2029480,0.3129238979348936,1.1226031372387817,0.2278225806451612,0.3403964083554831,1.0,20/81,11.20%,HSP90AA1;ACTG1;BRK1;HSP90AB1;BAIAP2;CYFIP2;PRKCD;ARPC5;PLD3;WASL;ACTR3;ITPR2;ABI2;MAPK1;NCKAP1;NCKIPSD;ACTR2;WIPF1;PRKCSH;CRK,excitatory_subtypes,Ex_L6_TLE4_CCBE1,c9ALS_vs_sALS,Reactome_2022
prerank,Golgi Associated Vesicle Biogenesis R-HSA-432722,0.4306577346120648,1.4122870988228269,0.0482654600301659,0.3410939292833531,1.0,20/48,21.29%,CLINT1;SNX2;TGOLN2;AP4B1;VAMP8;FTL;ARRB1;TPD52L1;AP1S1;PUM1;AP1S2;BLOC1S4;SNX9;CLTC;CLTA;FTH1;HSPA8;DNAJC6;PICALM;IGF2R,excitatory_subtypes,Ex_L5_PCP4_NXPH2,c9ALS_vs_Control,Reactome_2022
prerank,Phase 4 - Resting Membrane Potential R-HSA-5576886,-0.4355998191504565,-1.1202614318220334,0.330948121645796,0.3414733170039059,1.0,5/15,21.93%,KCNJ4;KCNK6;KCNK9;KCNJ2;KCNK2,excitatory_subtypes,Ex_L5_PCP4_NXPH2,sALS_vs_Control,Reactome_2022
prerank,Anti-inflammatory Response Favoring Leishmania Infection R-HSA-9662851,0.2890086514812515,1.1166872618085992,0.2282430213464696,0.3423251324280678,1.0,31/134,15.54%,GNG3;AHCYL1;GNAS;GPR27;FSHR;GNB2;CHGA;PRKAR1A;CALM1;GPR83;GPR150;GPR20;GNG4;ITPR2;GNB1;TSHR;GNAZ;FURIN;PRKAR1B;PTH1R;RHBDF2;ADRB1;DRD5;CRH;CREB1;GNG2;CALCB;ADCYAP1;CD247;C1QTNF1;HCK,excitatory_subtypes,Ex_L5_L6_THEMIS_TMEM233,c9ALS_vs_sALS,Reactome_2022
prerank,Fcgamma Receptor (FCGR) Dependent Phagocytosis R-HSA-2029480,-0.3170679193248713,-1.1370569781233386,0.2067594433399602,0.3436560022390764,1.0,30/82,16.97%,HSP90AA1;PRKCSH;ARPC1B;ACTG1;MAPK3;WASL;HSP90AB1;WIPF2;PLD4;PLD3;FCGR1A;RNASE1;CD247;YES1;ITPR1;PLPP4;ARPC5;ABI2;PLA2G6;ACTR2;BRK1;PIK3R1;PLPP5;ARPC2;MAPK1;PIK3CA;CRK;WAS;PKN1;PTK2,glia_subtypes,Glia_Micro,sALS_vs_Control,Reactome_2022
prerank,Mitochondrial Fatty Acid Beta-Oxidation R-HSA-77289,-0.3376070241434036,-1.1677942433514272,0.1978021978021978,0.3499175172659675,1.0,10/36,11.38%,ACBD7;ACOT1;ACAA2;ACADVL;HADH;ECHS1;ACOT9;PCCA;DECR1;PCTP,broad,Glia,c9ALS_vs_Control,Reactome_2022
prerank,FCGR3A-mediated Phagocytosis R-HSA-9664422,-0.337203406626005,-1.1852485499859935,0.1697674418604651,0.3501626339703585,1.0,14/56,11.39%,WIPF1;DOCK1;ELMO1;FYN;MYO1E;CYFIP1;PTK2;MYO5A;MYO9B;WASF2;MYO10;ARPC4-TTLL3;GRB2;ELMO2,excitatory_subtypes,Ex_L5_L6_THEMIS_TMEM233,c9ALS_vs_sALS,Reactome_2022
prerank,Golgi Associated Vesicle Biogenesis R-HSA-432722,-0.3605440841477974,-1.276588459031179,0.0906735751295336,0.3515349399869854,1.0,16/51,7.64%,SH3D19;GOLGB1;IGF2R;CLINT1;AP3B1;GAK;DNM2;PIK3C2A;SNX9;ARRB1;TPD52;PICALM;SORT1;DNAJC6;AP4E1;AP1S3,broad,Inhibitory,c9ALS_vs_sALS,Reactome_2022
prerank,COPII-mediated Vesicle Transport R-HSA-204005,-0.343979640251863,-1.1406425097863395,0.22,0.3531345011085003,1.0,17/64,13.25%,CNIH2;YKT6;NSF;RAB1B;TRAPPC2;COL7A1;GORASP1;SEC24C;NAPSA;PREB;LMAN2L;LMAN2;SEC22B;BET1;CNIH1;TRAPPC2L;TBC1D20,excitatory_subtypes,Ex_L6_TLE4_CCBE1,sALS_vs_Control,Reactome_2022
prerank,Activation Of IRF3/IRF7 Mediated By TBK1/IKK Epsilon R-HSA-936964,-0.423517663537266,-1.1100648643522997,0.3276740237691001,0.353392837890581,1.0,7/16,14.35%,TICAM1;UBB;TMED7-TICAM2;UBC;PTPN11;UBA52;NDUFA2,excitatory_subtypes,Ex_L5_PCP4_NXPH2,sALS_vs_Control,Reactome_2022
prerank,Interferon Signaling R-HSA-913531,0.2766317905450024,1.1106422328067622,0.2073643410852713,0.3554276704300323,1.0,43/170,16.32%,EIF4A2;EIF4G2;KPNA2;GNL3;IFIT1;UBA52;PRKCD;UBE2N;CAMK2B;MX2;EIF4G1;RPS27A;TRIM68;OAS3;UBB;USP18;KPNA4;PTAFR;NUP50;SUMO1;ADAR;IFIT2;TRIM25;PDE12;HLA-B;KPNB1;UBC;IFNGR2;SEH1L;EIF4E;NEDD4;MT2A;KPNA5;OAS1;TRIM17;IP6K2;CAMK2G;OASL;FLNA;TRIM45;IRF3;HLA-DRB1;KPNA7,excitatory_subtypes,Ex_L6_TLE4_CCBE1,c9ALS_vs_sALS,Reactome_2022
prerank,Role Of Phospholipids In Phagocytosis R-HSA-2029485,-0.4308397211492887,-1.130008691618863,0.3242753623188406,0.3615600584410874,1.0,9/21,20.20%,PLD3;PRKCSH;PRKCD;ITPR2;PIK3R1;PLA2G6;PLCG2;PIK3CA;ITPR3,excitatory_subtypes,Ex_L6_TLE4_CCBE1,sALS_vs_Control,Reactome_2022
prerank,Selective Autophagy R-HSA-9663891,-0.2956499363456623,-1.1234605856757842,0.2458233890214797,0.3617242715163878,1.0,13/56,8.94%,PCNT;USP30;MFN1;DYNC1H1;IFT88;PEX5;DYNC1I1;DYNC1LI2;DYNC1LI1;ATG5;DYNC1I2;MTERF3;ATM,broad,Glia,c9ALS_vs_sALS,Reactome_2022
prerank,Role Of Phospholipids In Phagocytosis R-HSA-2029485,0.3698290021977633,1.0842669713774116,0.3463035019455253,0.3623032506795117,1.0,7/22,18.34%,PRKCSH;PLD3;PIK3R1;AHCYL1;PLA2G6;PLPP5;PRKCD,broad,Excitatory,c9ALS_vs_sALS,Reactome_2022
prerank,Activation Of IRF3/IRF7 Mediated By TBK1/IKK Epsilon R-HSA-936964,-0.4170217860504194,-1.104758144984319,0.3073684210526315,0.3634078860210548,1.0,5/16,10.44%,TICAM1;UBA52;UBB;SARM1;UBC,excitatory_subtypes,Ex_L5_L6_THEMIS_NR4A2,sALS_vs_Control,Reactome_2022
prerank,Chaperone Mediated Autophagy R-HSA-9613829,0.5081746076592207,1.3179964441033367,0.124054462934947,0.3650364053901955,1.0,10/19,25.73%,RPS27A;CFTR;RNASE1;GFAP;PARK7;HSP90AA1;LAMP2;HSPA8;PCNT;IFT88,excitatory_subtypes,Ex_L5_L6_THEMIS_TMEM233,c9ALS_vs_Control,Reactome_2022
prerank,DDX58/IFIH1-mediated Induction Of Interferon-Alpha/Beta R-HSA-168928,-0.2984471996948421,-1.1573924985670676,0.2083333333333333,0.3660466767996701,1.0,24/66,24.82%,AGER;TANK;IKBKG;PCBP2;DHX58;NFKB2;UBE2D1;IRF7;UBE2D3;HSP90AA1;S100B;S100A12;UBE2L6;UBA7;EP300;RELA;TRAF6;UBC;CASP10;UBB;OTUD5;CREBBP;RNF216;NKIRAS2,broad,Glia,c9ALS_vs_Control,Reactome_2022
prerank,Mitochondrial tRNA Aminoacylation R-HSA-379726,-0.4720838180487495,-1.2479829911647178,0.1739961759082218,0.3681469865787302,1.0,7/19,20.57%,PPA2;RARS2;CARS2;FARS2;WARS2;EARS2;TARS2,excitatory_subtypes,Ex_L6_TLE4_CCBE1,c9ALS_vs_sALS,Reactome_2022
prerank,SARS-CoV-2 Activates/Modulates Innate And Adaptive Immune Responses R-HSA-9705671,-0.2736848166948546,-1.1526000994650505,0.1391585760517799,0.3681919687585614,1.0,32/105,21.59%,NLRP12;IKBKG;PTPN6;TAB3;TLR7;IRF7;TAB2;AAAS;RANBP2;SEC24C;HLA-B;HSP90AA1;RIPK2;HLA-E;NUP58;SEC24B;SEC24D;HLA-A;STAT2;NUP188;TLR8;MAP3K7;SEC24A;NUP85;TRAF6;NUP210;HLA-C;NUP98;POM121;IL17F;CNBP;NUP153,broad,Glia,c9ALS_vs_Control,Reactome_2022
prerank,COPII-mediated Vesicle Transport R-HSA-204005,0.3589612422108105,1.2539789883749002,0.1134380453752181,0.3690526044777695,1.0,24/64,24.97%,MCFD2;TRAPPC10;TMED2;NAPG;SEC22C;TRAPPC3;TBC1D20;RAB1A;CNIH3;SEC16B;GOLGA2;GORASP1;SEC13;LMAN2;TRAPPC4;TRAPPC9;PPP6C;CNIH1;ANKRD28;F5;CTSC;STX5;SCFD1;PPP6R3,excitatory_subtypes,Ex_L6_TLE4_CCBE1,c9ALS_vs_Control,Reactome_2022
prerank,COPII-mediated Vesicle Transport R-HSA-204005,-0.3127957819210953,-1.0948835299582416,0.2644628099173554,0.369342790371613,1.0,17/65,14.12%,CNIH2;COL7A1;NSF;RAB1B;PREB;SEC24C;YKT6;STX5;SEC22B;TRAPPC2;GORASP1;BET1;LMAN2;CNIH1;TMED2;TRAPPC5;RAB1A,excitatory_subtypes,Ex_L5_L6_THEMIS_TMEM233,sALS_vs_Control,Reactome_2022
prerank,Response Of Mtb To Phagocytosis R-HSA-9637690,-0.3789423562730877,-1.1423282761748472,0.2665036674816626,0.3765300134668835,1.0,11/20,23.64%,ENO1;HGS;ATP6V1H;DUSP16;PGK1;MAPK1;UBC;CORO1A;MAPK3;UBB;RAB7A,broad,Glia,c9ALS_vs_Control,Reactome_2022
prerank,COPII-mediated Vesicle Transport R-HSA-204005,-0.2937306011486269,-1.1433716028485486,0.2011661807580174,0.3771546689088667,1.0,25/65,22.42%,SEC22B;SEC24C;LMAN1;NAPSA;SEC24B;TFG;SEC24D;LMAN2L;PPP6R3;PREB;GORASP1;SCFD1;SEC16A;LMAN2;CTSZ;CD59;SEC24A;STX5;TRAPPC6B;LMAN1L;COL7A1;CSNK1D;FOLR2;PPP6C;TGFA,broad,Glia,c9ALS_vs_Control,Reactome_2022
prerank,Mitochondrial Fatty Acid Beta-Oxidation R-HSA-77289,0.4080461805659509,1.2456868092392663,0.1635687732342007,0.3785729673984437,1.0,13/35,19.26%,ACSM6;ACADM;ACSF2;MCEE;DBI;ACSM3;ECI1;PCCB;ACOT12;ACOT13;ACOT2;ACAA2;ACOT11,excitatory_subtypes,Ex_L6_TLE4_CCBE1,c9ALS_vs_Control,Reactome_2022
prerank,trans-Golgi Network Vesicle Budding R-HSA-199992,-0.3069251170696161,-1.184821711753351,0.1466666666666666,0.3792173561158074,1.0,18/65,16.61%,TPD52L1;HGS;AP1G2;HIP1R;GAK;OCRL;AP3B1;SH3D19;TFRC;ACBD3;SNX5;AP4E1;DNAJC6;AP1M1;AP4S1;AP1B1;DNM2;CLVS1,excitatory_subtypes,Ex_L5_L6_THEMIS_TMEM233,c9ALS_vs_Control,Reactome_2022
prerank,MyD88 Dependent Cascade Initiated On Endosome R-HSA-975155,-0.3172016582114611,-1.3265114939373273,0.0355871886120996,0.3798873939679142,1.0,36/95,21.28%,RPS6KA3;ECSIT;MAPK10;MAPK14;TRAF6;IRAK2;PELI2;PELI3;MAP2K4;TAB3;DUSP4;MAPK11;TNIP2;MAPKAPK2;PPP2CB;PPP2R1A;NOD2;NFKB1;MAPKAPK3;NKIRAS2;MAP3K8;ALPK1;MAP2K3;LY96;DUSP6;LRRC14;TICAM1;USP18;DUSP7;RPS6KA1;MAPK3;TANK;TAB2;MAPK8;TMED7-TICAM2;IRAK4,excitatory_subtypes,Ex_L5_PCP4_NXPH2,c9ALS_vs_Control,Reactome_2022
prerank,Interferon Signaling R-HSA-913531,-0.2699688280145191,-1.0879091384083066,0.2473572938689217,0.3808982861944749,1.0,59/174,21.12%,FLNA;MAPK3;EGR1;EIF4A2;IP6K2;HLA-B;TRIM26;UBC;UBA52;TRIM8;CAMK2B;HLA-C;UBE2N;EIF4G2;IRF3;MT2A;STAT2;MID1;TRIM3;BCL11B;NEDD4;UBB;HLA-F;TRIM68;AAAS;ICAM1;IFIT5;PML;PTPN6;KPNA2;SEH1L;TYK2;SOCS3;SMAD7;RANBP2;PDE12;KPNA4;IFIT1;IFI6;IRF9;NUP54;EIF4G1;HLA-DPA1;ARIH1;ISG20;NUP43;PRKCD;EIF4E2;IRF4;NUP188;ADAR;KPNA5;IFI35;SAMHD1;POM121;EIF4E;OAS1;EIF2AK2;KPNA7,excitatory_subtypes,Ex_L5_L6_THEMIS_TMEM233,sALS_vs_Control,Reactome_2022
prerank,SARS-CoV-2 Activates/Modulates Innate And Adaptive Immune Responses R-HSA-9705671,0.2875862331879597,1.1061552665055183,0.2447817836812144,0.3817287086128509,1.0,21/101,12.75%,NUP107;ISG15;HLA-C;NUP37;KPNA2;TYK2;TPR;HLA-A;NUP205;HLA-F;NDC1;NUP188;HLA-B;TOMM70;B2M;NUP160;UBE2N;NOD1;IRAK1;MASP1;IL17RA,glia_subtypes,Glia_Micro,c9ALS_vs_sALS,Reactome_2022
prerank,Mitochondrial tRNA Aminoacylation R-HSA-379726,-0.4563520215097995,-1.2693155826665616,0.1869747899159664,0.3819262612598737,1.0,9/19,18.40%,EARS2;CARS2;RARS2;YARS2;PPA2;DARS2;TARS2;FARS2;LARS2,excitatory_subtypes,Ex_L6_TLE4_MEGF11,c9ALS_vs_sALS,Reactome_2022
prerank,Interferon Signaling R-HSA-913531,-0.2877620562057746,-1.2279624618919052,0.0532212885154061,0.3862504587281749,1.0,33/169,9.82%,TPR;UBE2E1;JAK2;PTPN1;NUP93;PTPN11;TRIM22;PIAS1;NUP160;IRF2;ICAM1;JAK1;NUP85;CAMK2D;CAMK2G;CAMK2A;NUP88;PLCG1;TRIM5;IFNAR1;NUP214;SP100;NUP54;NUP58;NUP37;NUP98;SAMHD1;ARIH1;SGIP1;EIF4G3;KPNA1;NUP42;NUP210,excitatory_subtypes,Ex_L6_TLE4_MEGF11,c9ALS_vs_sALS,Reactome_2022
prerank,Autophagy R-HSA-9612973,-0.2916190973837521,-1.1588994163077266,0.1317494600431965,0.3880057877038088,1.0,30/119,13.78%,LAMP2;HSP90AA1;RNASE1;EEF1A1;VPS37B;UBAP1;BECN1;DYNC1I1;PLIN2;ATG101;MVB12B;HDAC6;HSF1;PRKAA1;RRAGC;ATG4D;MFN2;PLIN3;DYNC1I2;GFAP;DYNC1LI2;USP30;PEX5;HSP90AB1;CHMP2B;MTERF3;WDR45B;IFT88;LAMTOR1;CSNK2A2,glia_subtypes,Glia_Micro,c9ALS_vs_Control,Reactome_2022
prerank,Interferon Alpha/Beta Signaling R-HSA-909733,-0.332565167999038,-1.215224039455098,0.1418092909535452,0.3886689831284819,1.0,17/55,15.56%,EGR1;IFI35;HLA-F;IRF9;SAMHD1;PTPN11;MX2;STAT2;IFI6;IFITM2;HLA-C;PTPN6;IP6K2;PTPN1;TYK2;MX1;JAK1,excitatory_subtypes,Ex_L6_TLE4_MEGF11,c9ALS_vs_Control,Reactome_2022
prerank,Mitochondrial Fatty Acid Beta-Oxidation R-HSA-77289,0.4548572749341942,1.400305401320609,0.0491071428571428,0.3897110887897216,1.0,17/36,22.47%,ACADM;THEM5;ACSM3;ACSM6;ACOT13;NDUFAB1;DECR1;ACOT2;DBI;ACSF2;PCCB;ACAD10;ACAA2;ACOT12;MCEE;ECI1;MCAT,broad,Excitatory,c9ALS_vs_Control,Reactome_2022
prerank,Phase 4 - Resting Membrane Potential R-HSA-5576886,0.4301008962910077,1.0978708439912963,0.3363636363636363,0.3897191495093219,1.0,7/15,19.41%,KCNJ14;KCNK13;KCNK9;KCNJ12;KCNJ4;KCNK6;KCNK3,excitatory_subtypes,Ex_L6_TLE4_MEGF11,c9ALS_vs_sALS,Reactome_2022
prerank,Mitochondrial Biogenesis R-HSA-1592230,-0.3213101067646753,-1.106970391233668,0.2520729684908789,0.3897407039200689,1.0,27/86,15.16%,NR1D1;RXRA;MEF2D;CARM1;MAPK11;POLRMT;ATP5F1B;HCFC1;SMARCD3;CRTC2;TFB2M;MAPK12;ESRRA;ATP5F1D;CRTC1;ATP5MC2;MICOS13;CALM1;ATP5ME;PPARGC1A;ATP5F1E;SIRT3;MBD4;PPARA;LIN9;HELZ2;PPRC1,excitatory_subtypes,Ex_L6_TLE4_CCBE1,sALS_vs_Control,Reactome_2022
prerank,Phase 4 - Resting Membrane Potential R-HSA-5576886,0.3841218416015649,1.0860004545977482,0.3444444444444444,0.3902976998446806,1.0,3/18,4.08%,KCNK13;KCNK6;KCNK2,broad,Glia,c9ALS_vs_sALS,Reactome_2022
prerank,COPII-mediated Vesicle Transport R-HSA-204005,-0.2844254623196833,-1.1004294444300964,0.2850877192982456,0.3912372838220754,1.0,28/65,21.67%,PPP6R1;TRAPPC10;TRAPPC6B;TRAPPC9;SEC23A;SEC16A;SEC24A;SEC22B;SEC31A;F5;LMAN1;USO1;NAPG;SEC23IP;CSNK1D;TFG;STX17;GOLGA2;RAB1A;PPP6R3;ANKRD28;SEC24B;TGFA;STX5;SCFD1;LMAN2L;SEC22C;SEC13,broad,Glia,c9ALS_vs_sALS,Reactome_2022
prerank,Fcgamma Receptor (FCGR) Dependent Phagocytosis R-HSA-2029480,0.3019932279319893,1.080240554676116,0.3134328358208955,0.3936383383762827,1.0,22/82,13.81%,HSP90AA1;HSP90AB1;ACTG1;PRKCSH;BRK1;PRKCD;PLPP5;PLD3;MAPK3;SRC;VPS72;MAPK1;VAV1;LIMK1;FGR;ABI2;NCKIPSD;ITPR3;PKN1;ARPC5;ARPC1B;ACTR3,broad,Inhibitory,c9ALS_vs_sALS,Reactome_2022
prerank,Mitochondrial tRNA Aminoacylation R-HSA-379726,0.4070929801978772,1.0943769547443367,0.3252336448598131,0.3954256175039398,1.0,6/19,14.72%,WARS2;DARS2;DTD1;YARS2;KARS1;QARS1,glia_subtypes,Glia_Micro,c9ALS_vs_sALS,Reactome_2022
prerank,SARS-CoV-2 Activates/Modulates Innate And Adaptive Immune Responses R-HSA-9705671,-0.2826558562956143,-1.079444367525288,0.2912423625254582,0.3956417782828292,1.0,41/98,25.13%,B2M;POM121C;HLA-C;NUP188;POM121;TOMM70;BECN1;TAB2;G3BP1;IKBKG;TRAF6;MAP3K7;NLRP12;UBE2N;SEC24B;TAB1;SEH1L;HLA-B;KPNA2;NUP43;HLA-F;RANBP2;SEC24C;NUP54;NUP58;CNBP;TKFC;STAT2;HLA-A;IRAK1;NOD1;SAR1B;NUP42;HSP90AA1;IFIH1;SEC24A;AAAS;ISG15;NUP35;SIKE1;NUP210,excitatory_subtypes,Ex_L5_L6_THEMIS_NR4A2,sALS_vs_Control,Reactome_2022
prerank,Mitochondrial tRNA Aminoacylation R-HSA-379726,-0.4324960974140235,-1.2048523589912656,0.2105263157894736,0.3956767553125923,1.0,9/19,14.01%,FARS2;LARS2;WARS2;PPA2;CARS2;TARS2;YARS2;AARS2;RARS2,broad,Inhibitory,c9ALS_vs_sALS,Reactome_2022
prerank,SARS-CoV-2 Activates/Modulates Innate And Adaptive Immune Responses R-HSA-9705671,-0.2706191246323097,-1.1468042664739004,0.171912832929782,0.3957662833450448,1.0,28/114,14.02%,IRAK2;NUP160;NUP155;IKBKB;NUP35;TRAF3;NUP210;MAVS;NLRP3;NUP133;NUP85;SEC24D;NUP205;NUP214;JAK1;IFNA5;MASP1;NUP37;NUP43;NUP93;PTPN11;TBK1;NUP98;NUP107;TRIM4;NUP88;SEC24A;NUP188,broad,Excitatory,c9ALS_vs_sALS,Reactome_2022
prerank,Synthesis Of PIPs At Early Endosome Membrane R-HSA-1660516,-0.4412545876471296,-1.1911138239944716,0.2347826086956521,0.3962608429593779,1.0,8/16,20.30%,INPP5F;PI4K2A;INPP4B;PIKFYVE;MTMR10;MTMR2;PI4K2B;FIG4,excitatory_subtypes,Ex_L6_TLE4_CCBE1,c9ALS_vs_Control,Reactome_2022
prerank,Mitochondrial Translation Termination R-HSA-5419276,0.396342991255687,1.45186547816488,0.0112540192926045,0.3973527220473179,1.0,23/73,15.12%,MRPS22;MRPS18C;MRPL1;CHCHD1;MRPL42;MRRF;MRPS9;MRPL40;MRPL51;MRPL13;MRPL33;MRPS25;MRPS30;PTCD3;MRPS35;MRPL49;MRPS31;MRPL3;MRPL57;MRPS16;MRPL15;MRPS21;MRPL19,excitatory_subtypes,Ex_L6_TLE4_MEGF11,c9ALS_vs_Control,Reactome_2022
prerank,Activation Of IRF3/IRF7 Mediated By TBK1/IKK Epsilon R-HSA-936964,-0.397870280752959,-1.1475976864194457,0.2722513089005235,0.4019382984021816,1.0,5/16,8.17%,TICAM1;LY96;TANK;TRAF3;IKBKE,broad,Excitatory,c9ALS_vs_Control,Reactome_2022
prerank,STING Mediated Induction Of Host Immune Responses R-HSA-1834941,0.4262057248653016,1.0824886511955711,0.3517964071856287,0.4033959362599542,1.0,4/15,7.13%,XRCC6;IRF3;XRCC5;DDX41,excitatory_subtypes,Ex_L5_PCP4_NXPH2,c9ALS_vs_sALS,Reactome_2022
prerank,Mitochondrial Calcium Ion Transport R-HSA-8949215,0.391353269028149,1.0812678079057276,0.3497023809523809,0.4045652912346235,1.0,8/20,8.52%,PHB2;MICU3;AKAP1;PMPCA;SMDT1;STOML2;VDAC2;VDAC1,excitatory_subtypes,Ex_L5_PCP4_NXPH2,c9ALS_vs_sALS,Reactome_2022
prerank,Late Endosomal Microautophagy R-HSA-9615710,0.3638531168942056,1.075296481355639,0.3340080971659919,0.4056438613114252,1.0,11/30,12.49%,CHMP2A;UBA52;CFTR;PARK7;RPS27A;UBB;HSPA8;UBC;CHMP4B;VPS28;VPS37D,excitatory_subtypes,Ex_L6_TLE4_CCBE1,c9ALS_vs_sALS,Reactome_2022
prerank,Interferon Alpha/Beta Signaling R-HSA-909733,-0.3143252388704938,-1.067989479745135,0.3154761904761904,0.4062286536202333,1.0,20/57,20.66%,EGR1;IP6K2;HLA-B;HLA-C;IRF3;STAT2;HLA-F;IFIT5;PTPN6;TYK2;SOCS3;IFIT1;IFI6;IRF9;ISG20;IRF4;ADAR;IFI35;SAMHD1;OAS1,excitatory_subtypes,Ex_L5_L6_THEMIS_TMEM233,sALS_vs_Control,Reactome_2022
prerank,STING Mediated Induction Of Host Immune Responses R-HSA-1834941,-0.4249800237971078,-1.087464442724564,0.3333333333333333,0.4092739653936449,1.0,6/15,12.26%,XRCC5;CGAS;DDX41;DTX4;NLRP4;XRCC6,glia_subtypes,Glia_Micro,sALS_vs_Control,Reactome_2022
prerank,Fcgamma Receptor (FCGR) Dependent Phagocytosis R-HSA-2029480,-0.3098437637978127,-1.1413022356762357,0.2145833333333333,0.4103102189424489,1.0,23/82,15.36%,PRKCSH;FYN;DOCK1;FCGR1A;HSP90AA1;RNASE1;PTK2;MAPK3;ARPC2;PIK3R1;ARPC1B;PLPP5;HSP90AB1;MYO5A;CRK;FGR;PLPP4;HCK;WASF3;PLD3;PLA2G6;SRC;FCGR2A,glia_subtypes,Glia_Micro,c9ALS_vs_Control,Reactome_2022
prerank,Phase 4 - Resting Membrane Potential R-HSA-5576886,-0.3892079067443189,-1.1010763445966325,0.3079365079365079,0.4103447303696667,1.0,3/15,2.90%,KCNJ12;KCNJ4;KCNK9,excitatory_subtypes,Ex_L5_L6_THEMIS_NR4A2,c9ALS_vs_Control,Reactome_2022
prerank,Cross-presentation Of Soluble Exogenous Antigens (Endosomes) R-HSA-1236978,-0.3042578253699756,-1.0749872055546092,0.3341121495327103,0.4130597248035516,1.0,9/47,9.26%,FCGR1A;PSME2;PSMB8;MRC2;PSMD10;PSMB4;SEM1;PSMA1;PSME1,broad,Glia,sALS_vs_Control,Reactome_2022
prerank,Interferon Alpha/Beta Signaling R-HSA-909733,0.286419092842768,1.0509744857860217,0.3647912885662432,0.41329955583835,1.0,9/68,7.76%,IFIT1;ISG15;BST2;IRF9;IFIT5;IFITM3;IP6K2;KPNB1;IRF3,broad,Excitatory,c9ALS_vs_sALS,Reactome_2022
prerank,Late Endosomal Microautophagy R-HSA-9615710,0.4428267124332358,1.3161468163587065,0.1160862354892205,0.4139334475388103,1.0,17/29,27.74%,RPS27A;ARL13B;PARK7;CFTR;RNASE1;VPS28;VPS37A;CHMP7;CHMP6;HSPA8;UBB;UBA52;CHMP2A;MVB12B;HDAC6;PLIN2;PLIN3,excitatory_subtypes,Ex_L5_PCP4_NXPH2,c9ALS_vs_Control,Reactome_2022
prerank,Lysosome Vesicle Biogenesis R-HSA-432720,-0.3564276544559108,-1.1568329006359803,0.2742316784869976,0.418225316784309,1.0,6/31,9.50%,AP1G2;HGS;CLVS2;DNAJC6;VAMP7;AP4E1,broad,Inhibitory,c9ALS_vs_Control,Reactome_2022
prerank,Interferon Alpha/Beta Signaling R-HSA-909733,-0.3299364284382058,-1.0824580776054202,0.302491103202847,0.4194716485589705,1.0,16/54,17.69%,IP6K2;EGR1;HLA-B;STAT2;PTPN6;HLA-F;IFI35;IFIT5;IRF9;MX2;OAS1;HLA-C;ADAR;IFITM2;IFIT1;TYK2,excitatory_subtypes,Ex_L6_TLE4_MEGF11,sALS_vs_Control,Reactome_2022
prerank,Phase 4 - Resting Membrane Potential R-HSA-5576886,-0.3991431350229247,-1.141797210000183,0.263456090651558,0.4214773278775018,1.0,8/18,23.56%,KCNJ14;KCNK7;KCNK12;KCNJ4;KCNJ2;KCNK17;KCNK1;KCNK2,excitatory_subtypes,Ex_L5_L6_THEMIS_TMEM233,c9ALS_vs_Control,Reactome_2022
prerank,Mitochondrial Translation Elongation R-HSA-5389840,-0.2891698199088051,-1.0605828909514274,0.3402061855670103,0.4216065498562233,1.0,26/73,21.98%,MRPL41;MRPL10;MRPS2;MRPS18A;MRPL19;MRPL50;MRPL49;GADD45GIP1;TUFM;MRPL36;MRPL54;ERAL1;MRPS23;MRPL44;MRPL52;MRPL16;MRPL18;OXA1L;MRPS21;MRPL34;MRPL43;MRPL32;MRPS9;MRPL4;MRPS10;MRPL40,excitatory_subtypes,Ex_L5_L6_THEMIS_NR4A2,sALS_vs_Control,Reactome_2022
prerank,Cell Recruitment (Pro-Inflammatory Response) R-HSA-9664424,-0.3988963235625058,-1.065092990984768,0.393526405451448,0.4222217438488568,1.0,10/18,23.20%,RELA;TXN2;NLRP3;TXNIP;P2RX4;NFKB1;HSP90AB1;P2RX7;PSTPIP1;GSDMD,excitatory_subtypes,Ex_L5_PCP4_NXPH2,sALS_vs_Control,Reactome_2022
prerank,Interferon Alpha/Beta Signaling R-HSA-909733,0.3068928651860916,1.0514795233665444,0.345,0.426058136899565,1.0,18/60,20.18%,HLA-B;IFIT1;HLA-C;IP6K2;ISG15;IFIT5;IRF9;HLA-A;ABCE1;IFIT3;SAMHD1;KPNB1;OAS3;MX1;OAS1;IRF3;ISG20;IFI35,excitatory_subtypes,Ex_L5_L6_THEMIS_TMEM233,c9ALS_vs_sALS,Reactome_2022
prerank,Interferon Alpha/Beta Signaling R-HSA-909733,-0.2804427976102905,-1.1247643773316538,0.1936758893280632,0.428834717572931,1.0,21/66,18.61%,IFI35;IRF9;SOCS3;PTPN6;EGR1;HLA-F;HLA-B;SOCS1;OAS2;STAT2;TYK2;HLA-A;HLA-C;OAS3;IRF2;OAS1;HLA-E;IFITM2;XAF1;SAMHD1;IFI6,broad,Excitatory,c9ALS_vs_Control,Reactome_2022
prerank,Mitochondrial Calcium Ion Transport R-HSA-8949215,-0.3823404810058284,-1.0505017032582886,0.35,0.4310278710762004,1.0,10/20,17.08%,PMPCA;PHB2;STOML2;LETM1;MCU;VDAC1;SMDT1;VDAC2;SLC8B1;MAIP1,excitatory_subtypes,Ex_L5_L6_THEMIS_TMEM233,sALS_vs_Control,Reactome_2022
prerank,Selective Autophagy R-HSA-9663891,0.3429104531544225,1.2012576543258424,0.1609403254972875,0.4311562626317661,1.0,16/56,16.56%,PCNT;DYNC1LI1;MFN1;DYNC1H1;DYNC1LI2;DYNC1I2;ATM;IFT88;ATG5;PINK1;DYNC1I1;CFTR;TOMM20;TOMM70;PRKN;MTERF3,broad,Glia,sALS_vs_Control,Reactome_2022
prerank,DDX58/IFIH1-mediated Induction Of Interferon-Alpha/Beta R-HSA-168928,-0.2934406041145147,-1.0544552445472253,0.3264462809917355,0.4312359039399917,1.0,27/64,24.90%,PCBP2;NKIRAS2;RELA;TOMM70;UBA52;IKBKG;OTUD5;NLRC5;MAP3K1;UBB;FADD;UBC;TRAF6;UBE2D2;UBE2K;NLRX1;NFKBIA;TKFC;UBE2L6;HMGB1;UBE2D3;HSP90AA1;IFIH1;ATG12;ISG15;SIKE1;HERC5,excitatory_subtypes,Ex_L5_L6_THEMIS_NR4A2,sALS_vs_Control,Reactome_2022
prerank,Anti-inflammatory Response Favoring Leishmania Infection R-HSA-9662851,-0.2691973698265588,-1.1398320261615105,0.1970149253731343,0.4315971362462106,1.0,31/140,14.36%,HTR7;GNB3;GNGT2;ADCY8;GIPR;ADCY6;ITPR2;FCGR2A;ADRB2;ITPR1;GNAS;GNG8;ADM;SCT;DRD1;GNG4;PRKX;HCK;MC5R;AHCYL1;RXFP2;GNG3;GNB2;GPR39;NLRP3;PTGER4;FURIN;MC2R;ADCY1;GLP2R;PTGIR,broad,Inhibitory,c9ALS_vs_Control,Reactome_2022
prerank,ADORA2B Mediated Anti-Inflammatory Cytokine Production R-HSA-9660821,0.2802339287413443,1.0461863012305874,0.3528455284552845,0.4328637542279077,1.0,23/105,14.15%,GNG3;GNAS;GPR27;FSHR;GNB2;CHGA;PRKAR1A;GPR83;GPR150;GPR20;GNG4;GNB1;TSHR;GNAZ;PRKAR1B;PTH1R;ADRB1;DRD5;CRH;CREB1;GNG2;CALCB;ADCYAP1,excitatory_subtypes,Ex_L5_L6_THEMIS_TMEM233,c9ALS_vs_sALS,Reactome_2022
prerank,Anti-inflammatory Response Favoring Leishmania Infection R-HSA-9662851,-0.2507691547230458,-1.099456638455798,0.2,0.4333953220631158,1.0,35/146,13.60%,ADCY1;ADM;RAMP3;PTGER4;ADCY6;GNB2;ADORA2B;PRKCA;ADRB1;GNGT1;PTH1R;C1QTNF1;CPAMD8;GNG12;FURIN;GLP2R;PRKAR2B;ITPR2;AHCYL1;FCGR1A;GPR27;SRC;FYN;CYSLTR1;RXFP2;GNG4;CD163;RAMP1;PLCG1;GNG8;FGR;RXFP1;GNAI3;MYH9;GPHB5,broad,Glia,c9ALS_vs_Control,Reactome_2022
prerank,Mitochondrial Biogenesis R-HSA-1592230,0.3730851060667834,1.2836104219953108,0.0701298701298701,0.4335115815887911,1.0,29/85,21.15%,IMMT;TFAM;ATP5ME;ATP5PF;ATP5F1C;ATP5F1E;HDAC3;CALM1;SSBP1;CYCS;ATP5MC1;ATP5PB;LIN9;APOO;CHCHD6;HELZ2;ATP5PD;ATP5MC3;DMAC2L;MTX2;SAMM50;TFB1M;POLG2;MICOS10;GDNF;ATP5MC2;MTX1;ALAS1;ATP5F1A,excitatory_subtypes,Ex_L5_L6_THEMIS_TMEM233,c9ALS_vs_Control,Reactome_2022
prerank,Chaperone Mediated Autophagy R-HSA-9613829,-0.4152285889213262,-1.0725966217851497,0.3713163064833006,0.4345390162948752,1.0,9/19,18.76%,EEF1A1;UBA52;UBC;PLIN2;HSP90AB1;UBB;RPS27A;HDAC6;ARL13B,excitatory_subtypes,Ex_L6_TLE4_MEGF11,sALS_vs_Control,Reactome_2022
prerank,DDX58/IFIH1-mediated Induction Of Interferon-Alpha/Beta R-HSA-168928,-0.3165086290151482,-1.0694465475514603,0.3143382352941176,0.4376651189076082,1.0,23/65,18.36%,PCBP2;IKBKG;OTUD5;TRAF6;UBA52;UBC;NKIRAS2;NLRX1;TKFC;MAVS;HSP90AB1;UBB;CYLD;UBE2K;HMGB1;NFKBIA;ATG12;NLRC5;RPS27A;TNFAIP3;APP;IFIH1;RIPK1,excitatory_subtypes,Ex_L6_TLE4_MEGF11,sALS_vs_Control,Reactome_2022
prerank,Golgi Associated Vesicle Biogenesis R-HSA-432722,-0.3044609397152755,-1.1237383282531026,0.2023346303501945,0.438258834262445,1.0,14/49,15.95%,TPD52L1;HIP1R;GAK;OCRL;AP3B1;SH3D19;TFRC;ACBD3;SNX5;AP4E1;DNAJC6;AP1M1;AP1B1;DNM2,excitatory_subtypes,Ex_L5_L6_THEMIS_TMEM233,c9ALS_vs_Control,Reactome_2022
prerank,Activation Of IRF3/IRF7 Mediated By TBK1/IKK Epsilon R-HSA-936964,-0.4193295315592293,-1.0678518563909478,0.3641732283464567,0.438906240044899,1.0,7/15,18.35%,UBA52;UBC;TMED7-TICAM2;UBB;RPS27A;SARM1;TICAM1,excitatory_subtypes,Ex_L6_TLE4_MEGF11,sALS_vs_Control,Reactome_2022
prerank,ADORA2B Mediated Anti-Inflammatory Cytokine Production R-HSA-9660821,0.278230616627118,1.0512819314302235,0.3293413173652694,0.4389823199868639,1.0,25/96,16.55%,GNB2;PRKAR1A;GPR27;CHGA;CPAMD8;GNG3;GNAS;ADCYAP1;GNAZ;GNB1;C1QTNF1;GNG4;PRKAR2A;CRH;ADORA2B;ADCYAP1R1;GNB4;DRD1;CREB1;ADRB1;GNG12;MC4R;ADCY1;RAMP3;GHRHR,excitatory_subtypes,Ex_L6_TLE4_CCBE1,c9ALS_vs_sALS,Reactome_2022
prerank,COPII-mediated Vesicle Transport R-HSA-204005,0.3556584765118709,1.2581306728340516,0.1336146272855133,0.4398057817729955,1.0,28/62,27.36%,TRAPPC3;STX5;CNIH1;BET1;STX17;TRAPPC5;SEC24A;CNIH2;SEC22B;TRAPPC4;MCFD2;TMED2;PPP6C;SEC13;YKT6;TFG;LMAN2L;TRAPPC2;SEC23IP;RAB1B;GOLGA2;TRAPPC1;SEC23A;GORASP1;CSNK1D;TRAPPC2L;PPP6R3;NAPG,excitatory_subtypes,Ex_L5_L6_THEMIS_NR4A2,c9ALS_vs_sALS,Reactome_2022
prerank,Autophagy R-HSA-9612973,0.2941475190040519,1.1907604188672671,0.1359724612736661,0.4415367985259004,1.0,37/123,16.58%,PCNT;RRAGB;TSC1;DYNC1LI1;MFN1;ATG14;MTOR;RPTOR;DYNC1H1;ATG16L1;LAMP2;DYNC1LI2;WIPI1;ATG13;DYNC1I2;ATM;IFT88;ATG5;PINK1;DYNC1I1;UVRAG;ATG4C;CFTR;MTMR14;TOMM20;AMBRA1;ATG4B;PIK3C3;PIK3R4;TOMM70;ATG7;SLC38A9;MVB12B;WIPI2;PRKN;MTERF3;GABARAPL1,broad,Glia,sALS_vs_Control,Reactome_2022
prerank,Interferon Alpha/Beta Signaling R-HSA-909733,0.3075889600284994,1.06258927331016,0.3549618320610687,0.4422907541377945,1.0,15/57,16.49%,KPNB1;ISG15;HLA-C;PSMB8;TYK2;HLA-A;IFIT5;HLA-F;HLA-B;IP6K2;RNASEL;IRF5;IFIT1;IFI35;IFI27,glia_subtypes,Glia_Micro,c9ALS_vs_sALS,Reactome_2022
prerank,COPII-mediated Vesicle Transport R-HSA-204005,-0.3128482321153531,-1.0610913725127826,0.3407407407407407,0.4486463704785337,1.0,23/63,22.15%,CNIH2;COL7A1;TRAPPC2;YKT6;NSF;RAB1B;TMED2;CTSZ;TRAPPC3;USO1;SEC22A;TRAPPC5;CNIH1;PREB;CTSC;SEC16A;TRAPPC4;SCFD1;SEC24C;SEC22B;CSNK1D;LMAN2;TRAPPC2L,excitatory_subtypes,Ex_L6_TLE4_MEGF11,sALS_vs_Control,Reactome_2022
prerank,Fcgamma Receptor (FCGR) Dependent Phagocytosis R-HSA-2029480,-0.3104413355397625,-1.144377524754139,0.1909090909090909,0.4494680462274702,1.0,26/81,20.88%,PLA2G6;VAV2;DOCK1;PKN1;PLD3;WASF1;PIK3CA;WIPF3;PTK2;PRKCSH;VPS72;CDC42;VAV1;CD247;ELMO1;BTK;MYO9B;NCK1;NCKAP1L;WASF3;PLD2;PLPP5;MAPK3;WASF2;SRC;LIMK1,excitatory_subtypes,Ex_L6_TLE4_CCBE1,c9ALS_vs_Control,Reactome_2022
prerank,Mitochondrial Protein Import R-HSA-1268020,-0.2882541113713621,-1.048431860559146,0.3628117913832199,0.4503190995888895,1.0,14/58,15.18%,GFER;TIMM13;HSPD1;TIMM50;LDHD;MTX1;CS;PMPCA;CHCHD10;TIMM22;TOMM22;ATP5F1B;GRPEL2;BCS1L,broad,Glia,sALS_vs_Control,Reactome_2022
prerank,ADORA2B Mediated Anti-Inflammatory Cytokine Production R-HSA-9660821,-0.2927679423678461,-1.139276758615008,0.1945701357466063,0.4528811716099377,1.0,33/100,21.88%,PRKAR1B;ADCY8;CALCRL;GNAI1;PRKCA;GNB2;GNG2;GLP2R;GNB3;FSHR;GNAI2;GNG8;PRKX;PTHLH;GPR150;GNGT1;ADCY7;RAMP2;ADCY9;C1QTNF1;SCT;PTGIR;PRKACB;GPR83;GNG3;NLRP3;CALCR;POMC;CALCB;INSL3;PTGER4;PTH2R;PRKAR2B,excitatory_subtypes,Ex_L6_TLE4_CCBE1,c9ALS_vs_Control,Reactome_2022
prerank,Phase 4 - Resting Membrane Potential R-HSA-5576886,-0.4447633359599534,-1.144366091186828,0.2765151515151515,0.4530464569741116,1.0,6/17,13.02%,KCNK13;KCNK10;KCNK2;KCNK3;KCNJ2;KCNJ14,excitatory_subtypes,Ex_L6_TLE4_CCBE1,c9ALS_vs_sALS,Reactome_2022
prerank,FCGR3A-mediated Phagocytosis R-HSA-9664422,-0.3318061560772376,-1.1678604326586208,0.20501138952164,0.4533050478409787,1.0,15/55,11.80%,ELMO1;MYO1E;PTK2;DOCK1;CYFIP1;MYO5A;ABI1;VAV3;NCKAP1L;WIPF3;FYN;CDC42;WIPF1;YES1;MYH9,excitatory_subtypes,Ex_L6_TLE4_MEGF11,c9ALS_vs_sALS,Reactome_2022
prerank,FCGR3A-mediated Phagocytosis R-HSA-9664422,-0.3316016389278797,-1.135082385637955,0.2257425742574257,0.4541623863135947,1.0,16/55,12.09%,PTK2;ELMO1;FYN;DOCK1;VAV2;CDC42;WIPF3;NCKAP1L;MYO5A;HCK;VAV3;CD247;MYH9;WASF2;ELMO2;MYO1E,excitatory_subtypes,Ex_L6_TLE4_CCBE1,c9ALS_vs_sALS,Reactome_2022
prerank,COPII-mediated Vesicle Transport R-HSA-204005,-0.2791434351546751,-1.044495463050508,0.359338061465721,0.4551768879117245,1.0,13/65,12.55%,CTSC;PREB;COL7A1;RAB1B;SERPINA1;CTSZ;SEC24D;YKT6;FOLR2;GORASP1;NAPSA;LMAN2;LMAN1L,broad,Glia,sALS_vs_Control,Reactome_2022
prerank,Interferon Gamma Signaling R-HSA-877300,-0.3026889173555528,-1.0394933434941604,0.398981324278438,0.4556244762249697,1.0,21/81,14.89%,HLA-A;HLA-B;IRF9;TRIM26;SP100;SMAD7;HLA-DQA1;PRKCD;HLA-C;TRIM38;TRIM35;SUMO1;IRF3;B2M;SOCS1;IFNGR1;IRF5;TRIM8;PTPN6;MID1;CAMK2D,broad,Inhibitory,sALS_vs_Control,Reactome_2022
prerank,FCGR3A-mediated Phagocytosis R-HSA-9664422,-0.3203713084380244,-1.039857780601478,0.3982905982905982,0.4560417991281053,1.0,17/56,16.40%,MAPK3;ACTG1;NCKIPSD;BRK1;MYO10;ARPC1B;FGR;SRC;CRK;WASL;ARPC5;VAV1;MAPK1;NCKAP1L;SYK;VAV3;MYO9B,broad,Inhibitory,sALS_vs_Control,Reactome_2022
prerank,Synthesis Of PIPs At Early Endosome Membrane R-HSA-1660516,-0.399642140327941,-1.1109413173202702,0.2988165680473373,0.4606558324451507,1.0,5/16,11.44%,PIK3R4;INPP4B;PIK3C3;INPP5F;PI4K2A,excitatory_subtypes,Ex_L5_L6_THEMIS_TMEM233,c9ALS_vs_Control,Reactome_2022
prerank,Golgi Associated Vesicle Biogenesis R-HSA-432722,-0.3321496833848206,-1.0479323637140583,0.3638025594149908,0.4627747497620137,1.0,13/51,11.46%,SNAPIN;AP1S1;TGOLN2;TBC1D8B;OCRL;FTL;YIPF6;NAPSA;SNX5;PUM1;AP1M1;TPD52L1;BLOC1S4,excitatory_subtypes,Ex_L6_TLE4_CCBE1,sALS_vs_Control,Reactome_2022
prerank,Golgi Associated Vesicle Biogenesis R-HSA-432722,-0.3111930627303735,-1.0447436014733062,0.3512396694214876,0.4633116375962887,1.0,26/50,25.34%,YIPF6;CLTC;FTL;AP1M1;FTH1;AP3S1;AP1G1;TGOLN2;PIK3C2A;TBC1D8B;NAPSA;AP1S1;SNX5;OCRL;VAMP8;TPD52;SH3GL2;PUM1;VAMP7;SH3D19;SNX2;HSPA8;GOLGB1;TPD52L1;HIP1R;HOMER2,glia_subtypes,Glia_Micro,sALS_vs_Control,Reactome_2022
prerank,MyD88 Dependent Cascade Initiated On Endosome R-HSA-975155,0.3170020775093536,1.206530154189267,0.1387434554973822,0.4654412985483454,1.0,19/94,10.78%,MAPK3;CREB1;UBA52;RIPK2;PPP2CB;MAPK7;LRRC14;NLRX1;IKBKG;MEF2C;NLRC5;PPP2R1A;DUSP7;RPS27A;RELA;MAP3K1;UBB;TAB2;VRK3,excitatory_subtypes,Ex_L5_L6_THEMIS_NR4A2,c9ALS_vs_sALS,Reactome_2022
prerank,Role Of Phospholipids In Phagocytosis R-HSA-2029485,-0.3610467154553906,-1.1048428147121458,0.2893890675241157,0.4654509410828824,1.0,10/22,21.52%,PRKCSH;PLD3;PLCG2;PLD2;PIK3CA;PLPP4;ITPR1;PRKCE;PLPP5;PLD4,excitatory_subtypes,Ex_L5_L6_THEMIS_TMEM233,c9ALS_vs_Control,Reactome_2022
prerank,trans-Golgi Network Vesicle Budding R-HSA-199992,-0.2556762548274099,-1.0674935661112457,0.3076923076923077,0.4655187200536891,1.0,17/64,16.50%,GAK;SH3D19;SORT1;VAMP8;HIP1R;SNX5;PTGES2;AP1G1;TPD52L1;TFRC;OCRL;AP1G2;CLTC;AP4B1;HGS;TGOLN2;CTSZ,excitatory_subtypes,Ex_L5_L6_THEMIS_NR4A2,c9ALS_vs_Control,Reactome_2022
prerank,Mitochondrial Translation R-HSA-5368287,-0.2785168911870518,-1.0347019118476324,0.374493927125506,0.4658937848243688,1.0,28/79,21.98%,MRPL41;MRPL10;MRPS2;MRPS18A;MRPL19;MRPL50;MRPL49;GADD45GIP1;TUFM;MRPL36;MTIF2;MRPL54;MTFMT;ERAL1;MRPS23;MRPL44;MRPL52;MRPL16;MRPL18;OXA1L;MRPS21;MRPL34;MRPL43;MRPL32;MRPS9;MRPL4;MRPS10;MRPL40,excitatory_subtypes,Ex_L5_L6_THEMIS_NR4A2,sALS_vs_Control,Reactome_2022
prerank,Mitochondrial tRNA Aminoacylation R-HSA-379726,-0.3894105898820221,-1.042857943316709,0.4038461538461538,0.4665407616335137,1.0,6/19,12.50%,QARS1;WARS2;KARS1;DARS2;SARS2;GARS1,glia_subtypes,Glia_Micro,sALS_vs_Control,Reactome_2022
prerank,Synthesis Of PIPs At Early Endosome Membrane R-HSA-1660516,-0.3822840421356127,-1.065739037630591,0.3658008658008658,0.4672561120495117,1.0,9/16,24.76%,MTMR10;VAC14;INPP4B;PIK3C2A;MTM1;INPP4A;PIK3R4;PIKFYVE;PIK3C3,broad,Excitatory,c9ALS_vs_sALS,Reactome_2022
prerank,Mitochondrial tRNA Aminoacylation R-HSA-379726,0.4351707983333404,1.192687967047188,0.2401574803149606,0.471221559960941,1.0,8/19,11.71%,YARS2;CARS2;LARS2;RARS2;IARS2;AARS2;WARS2;FARS2,broad,Inhibitory,sALS_vs_Control,Reactome_2022
prerank,Interferon Gamma Signaling R-HSA-877300,0.2945481119126378,1.0362357014545769,0.3975155279503105,0.4718762463851769,1.0,24/74,23.03%,B2M;IRF3;HLA-A;SUMO1;PTPN11;HLA-DRB1;TRIM35;CAMK2B;HLA-C;HLA-F;PTPN2;SMAD7;ICAM1;HLA-B;CAMK2G;MT2A;PIAS1;CAMK2A;PTPN6;TRIM17;PTAFR;TRIM14;STAT1;PML,excitatory_subtypes,Ex_L5_PCP4_NXPH2,c9ALS_vs_sALS,Reactome_2022
prerank,Mitochondrial Calcium Ion Transport R-HSA-8949215,0.4424765171160789,1.1881617432964249,0.2072727272727272,0.4783001788215564,1.0,8/20,19.43%,YME1L1;AKAP1;AFG3L2;VDAC1;MICU2;PMPCB;MICU3;SMDT1,excitatory_subtypes,Ex_L6_TLE4_CCBE1,c9ALS_vs_Control,Reactome_2022
prerank,Golgi Associated Vesicle Biogenesis R-HSA-432722,-0.3298887916601956,-1.140235803839877,0.2431192660550458,0.4788304703354617,1.0,11/49,6.86%,GAK;AP3B1;SH3D19;CLINT1;SNX9;AP1S2;PIK3C2A;SORT1;HOMER2;IGF2R;AP4B1,excitatory_subtypes,Ex_L6_TLE4_MEGF11,c9ALS_vs_sALS,Reactome_2022
prerank,Lysosome Vesicle Biogenesis R-HSA-432720,0.3091127153208353,1.023907292198878,0.4067796610169492,0.4821492308736579,1.0,8/32,10.24%,AP1S1;CHMP2A;AP1G2;AP1B1;M6PR;CLTB;CTSZ;AP4M1,broad,Glia,c9ALS_vs_sALS,Reactome_2022
prerank,Synthesis Of PIPs At Early Endosome Membrane R-HSA-1660516,-0.3959725556982099,-1.1195736422594262,0.3185011709601874,0.4823188947131281,1.0,8/16,20.44%,INPP5F;PI4K2A;PIK3C3;PIK3R4;MTMR2;MTM1;INPP4B;PI4K2B,excitatory_subtypes,Ex_L6_TLE4_MEGF11,c9ALS_vs_Control,Reactome_2022
prerank,Cell Recruitment (Pro-Inflammatory Response) R-HSA-9664424,-0.3224778318904229,-1.0577580068679455,0.3591549295774648,0.4840703155781651,1.0,4/21,9.35%,NLRP3;P2RX4;RELA;HMOX1,excitatory_subtypes,Ex_L5_L6_THEMIS_NR4A2,c9ALS_vs_Control,Reactome_2022
prerank,Golgi Associated Vesicle Biogenesis R-HSA-432722,-0.284434466011451,-1.06506558261411,0.329512893982808,0.4841436634637522,1.0,16/51,21.75%,AP4B1;TPD52L1;HOMER2;HIP1R;AP1M1;NAPSA;AP1M2;TFRC;PIK3C2A;SNAPIN;AP1B1;SNX5;HSPA8;AP1G1;ACBD3;PICALM,broad,Glia,c9ALS_vs_Control,Reactome_2022
prerank,Macroautophagy R-HSA-1632852,-0.2705565762641751,-1.116192427207941,0.1946666666666666,0.487675012012028,1.0,29/107,18.71%,MLST8;MAP1LC3A;HDAC6;TSC2;CHMP7;HSF1;PEX5;ATG4D;MTMR14;RHEB;PIK3C3;ATG12;CHMP4B;ATG4A;WDR45B;ULK1;ATG9B;DYNLL2;RRAGC;RRAGA;LAMTOR4;AMBRA1;ATG16L1;SRC;PLIN2;GABARAPL1;DYNC1H1;PIK3R4;PRKAA1,excitatory_subtypes,Ex_L6_TLE4_MEGF11,c9ALS_vs_Control,Reactome_2022
prerank,ADORA2B Mediated Anti-Inflammatory Cytokine Production R-HSA-9660821,-0.2694301059949125,-1.0975401202638913,0.2448377581120944,0.490827204954853,1.0,25/110,14.36%,HTR7;GNB3;GNGT2;ADCY8;GIPR;ADCY6;ADRB2;GNAS;GNG8;ADM;SCT;DRD1;GNG4;PRKX;MC5R;RXFP2;GNG3;GNB2;GPR39;NLRP3;PTGER4;MC2R;ADCY1;GLP2R;PTGIR,broad,Inhibitory,c9ALS_vs_Control,Reactome_2022
prerank,Interferon Signaling R-HSA-913531,-0.2630919133523342,-1.0319244648268786,0.3668941979522184,0.4936058564659497,1.0,43/166,17.96%,EIF4A2;IP6K2;CAMK2B;AAAS;EGR1;HLA-B;FLNA;NEDD4;POM121C;PRKCD;SEH1L;STAT2;UBA52;PTPN6;UBC;MAPK3;HLA-F;B2M;NUP35;TRIM35;IFI35;IFIT5;IFNGR1;IRF9;TRIM17;EIF4G2;PDE12;UBB;MX2;OAS1;HLA-C;TRIM8;PTAFR;TRIM21;ADAR;TRIM26;RPS27A;IFITM2;IFIT1;HLA-DRB1;TYK2;SMAD7;BCL11B,excitatory_subtypes,Ex_L6_TLE4_MEGF11,sALS_vs_Control,Reactome_2022
prerank,Phase 4 - Resting Membrane Potential R-HSA-5576886,-0.3788829534725014,-1.0440108552097107,0.3803418803418803,0.4945664309444805,1.0,4/18,7.11%,KCNK2;KCNK13;KCNK10;KCNJ2,excitatory_subtypes,Ex_L5_L6_THEMIS_TMEM233,c9ALS_vs_sALS,Reactome_2022
prerank,Transcriptional Activation Of Mitochondrial Biogenesis R-HSA-2151201,-0.3181765318838299,-1.0722197286020392,0.3366336633663366,0.495341550463841,1.0,13/50,15.84%,SIRT5;CRTC2;NCOA1;CRTC3;NRF1;MEF2D;HELZ2;TBL1X;GLUD1;CARM1;ESRRA;ACSS2;TFAM,glia_subtypes,Glia_Micro,c9ALS_vs_Control,Reactome_2022
prerank,Anti-inflammatory Response Favoring Leishmania Infection R-HSA-9662851,-0.2715924855659145,-1.0910558868191544,0.247086247086247,0.4958456429986939,1.0,38/129,21.88%,CYSLTR1;PRKAR1B;ADCY8;CALCRL;GNAI1;PRKCA;GNB2;GNG2;FURIN;GLP2R;GNB3;FSHR;GNAI2;GNG8;PRKX;PTHLH;GPR150;GNGT1;ADCY7;RAMP2;ADCY9;CD247;C1QTNF1;SCT;PTGIR;PRKACB;DPEP1;GPR83;GNG3;NLRP3;CALCR;POMC;CALCB;SRC;INSL3;PTGER4;PTH2R;PRKAR2B,excitatory_subtypes,Ex_L6_TLE4_CCBE1,c9ALS_vs_Control,Reactome_2022
prerank,Interferon Signaling R-HSA-913531,0.2904065912907717,1.1673375647172557,0.1563636363636363,0.4963111190324278,1.0,48/165,22.03%,B2M;MAPK3;UBA52;ICAM1;PLCG1;POM121;PTAFR;KPNA7;RSAD2;TRIM68;FLNA;CIITA;EIF2AK2;EIF4A2;KPNA2;ABCE1;NUP160;EIF4A3;ISG15;RPS27A;POM121C;HLA-DRB5;MT2A;HLA-B;UBB;PTPN6;HLA-DRB1;KPNA5;IRF1;TRIM3;IFNAR2;IRF3;OAS1;SEC13;UBA7;TRIM8;HLA-A;SGIP1;ARIH1;GBP2;CAMK2B;KPNA4;TRIM25;HLA-E;HERC5;PML;GNL3;IFITM2,excitatory_subtypes,Ex_L5_L6_THEMIS_NR4A2,c9ALS_vs_sALS,Reactome_2022
prerank,Mitochondrial Biogenesis R-HSA-1592230,-0.2810959840387854,-1.0223826539155982,0.4124513618677042,0.4980620709158844,1.0,33/83,20.92%,CRTC2;GLUD1;ATP5ME;ATP5MC2;POLRMT;SIRT5;MEF2D;HCFC1;ESRRA;CARM1;APOO;DMAC2L;NCOA1;PPRC1;ATP5F1E;ATP5F1D;APOOL;HELZ2;HSPA9;PRKAA2;ATP5F1B;TMEM11;MBD4;CYCS;MTX2;MICOS13;ATP5MC3;LIN9;GABPA;IDH2;ATP5PB;CHCHD3;ATP5PD,glia_subtypes,Glia_Micro,sALS_vs_Control,Reactome_2022
prerank,Mitochondrial Biogenesis R-HSA-1592230,0.2995193573591965,1.099704834036544,0.2577962577962578,0.4984434299277055,1.0,30/82,22.01%,ATP5MC1;ATP5MC3;DNAJC11;PPARGC1B;ATP5PB;CYCS;ATP5PF;CALM1;LIN9;ATP5F1C;SIRT4;MICOS13;ATP5F1A;ATP5PD;SSBP1;PPARGC1A;MAPK11;ATP5F1D;SMARCD3;MICOS10;ATP5F1B;TFB2M;MEF2C;SAMM50;PRKAG2;PRKAB2;ATP5F1E;CHCHD3;MTX2;MTERF1,glia_subtypes,Glia_Micro,c9ALS_vs_Control,Reactome_2022
prerank,ADORA2B Mediated Anti-Inflammatory Cytokine Production R-HSA-9660821,0.2726349553135274,1.0284292020574062,0.4074074074074074,0.4986485189215965,1.0,26/94,21.89%,GNB2;GNAI2;PRKAR1B;PRKAR1A;ADCY6;CHGA;LHB;HTR7;POMC;PTGER4;RAMP1;GNG3;GNG2;GNAS;ADCYAP1;CALCRL;PTGDR;ADRB1;VIPR2;GNAZ;GNGT2;NPSR1;GNG4;GNB5;GNB1;ADCY1,glia_subtypes,Glia_Micro,c9ALS_vs_sALS,Reactome_2022
prerank,Lysosome Vesicle Biogenesis R-HSA-432720,-0.3468766377714434,-1.0695166690821127,0.326,0.4991287946242757,1.0,14/31,20.69%,DNAJC6;APP;AP4S1;CLVS1;CTSZ;AP1G2;VAMP8;DNM2;M6PR;CLTC;HGS;AP1B1;DNASE2;AP1M1,glia_subtypes,Glia_Micro,c9ALS_vs_Control,Reactome_2022
prerank,Golgi Associated Vesicle Biogenesis R-HSA-432722,-0.3485561722562793,-1.1669789664391677,0.218,0.5007328708506865,1.0,10/49,7.94%,DNAJC6;SH3D19;ARRB1;SORT1;HIP1R;TFRC;SNX9;DNM2;AP1B1;TPD52,glia_subtypes,Glia_Micro,c9ALS_vs_sALS,Reactome_2022
prerank,Interferon Gamma Signaling R-HSA-877300,-0.2780663404125837,-1.0061003896878398,0.4598393574297189,0.5040834514041753,1.0,17/79,11.89%,HLA-B;TRIM26;TRIM8;CAMK2B;HLA-C;IRF3;MT2A;MID1;TRIM3;BCL11B;HLA-F;TRIM68;ICAM1;PML;PTPN6;SOCS3;SMAD7,excitatory_subtypes,Ex_L5_L6_THEMIS_TMEM233,sALS_vs_Control,Reactome_2022
prerank,Mitochondrial Translation Elongation R-HSA-5389840,0.3862243866835962,1.4050834782578416,0.0280065897858319,0.5061008591922982,1.0,25/73,18.00%,MRPS22;MRPS18C;MRPL1;CHCHD1;MRPL42;MRPS9;MRPL40;MRPL51;MRPL13;MRPL33;MRPS25;MRPS30;PTCD3;MRPS35;MRPL49;MRPS31;MRPL3;MRPL57;MRPS16;MRPL15;MRPS21;MRPL19;MRPL48;GFM1;MRPS36,excitatory_subtypes,Ex_L6_TLE4_MEGF11,c9ALS_vs_Control,Reactome_2022
prerank,trans-Golgi Network Vesicle Budding R-HSA-199992,-0.3029964729884105,-1.0227849254549242,0.4180478821362799,0.5088049804284503,1.0,17/65,14.96%,AP1G2;HGS;PTGES2;CLTB;OCRL;AP1S1;AP1B1;CHMP2A;CTSZ;VAMP8;STX4;DNASE2;SNAPIN;FTL;PUM1;TBC1D8B;TGOLN2,excitatory_subtypes,Ex_L6_TLE4_MEGF11,sALS_vs_Control,Reactome_2022
prerank,Mitochondrial tRNA Aminoacylation R-HSA-379726,0.3789555416364183,1.0147582466588143,0.4507042253521127,0.5089907945438898,1.0,2/19,0.63%,KARS1;DTD1,excitatory_subtypes,Ex_L5_PCP4_NXPH2,c9ALS_vs_sALS,Reactome_2022
prerank,Mitochondrial Translation Termination R-HSA-5419276,-0.2766896649941895,-1.0069543410715087,0.4291754756871035,0.5104770334500293,1.0,25/73,21.98%,MRPL41;MRPL10;MRPS2;MRPS18A;MRPL19;MRPL50;MRPL49;GADD45GIP1;MRPL36;MRPL54;ERAL1;MRPS23;MRPL44;MRPL52;MRPL16;MRPL18;OXA1L;MRPS21;MRPL34;MRPL43;MRPL32;MRPS9;MRPL4;MRPS10;MRPL40,excitatory_subtypes,Ex_L5_L6_THEMIS_NR4A2,sALS_vs_Control,Reactome_2022
prerank,Chaperone Mediated Autophagy R-HSA-9613829,0.4270499389879618,1.1544637761430836,0.2896890343698854,0.5115663379550041,1.0,6/19,11.67%,UBA52;EEF1A1;RPS27A;UBB;HDAC6;PLIN2,excitatory_subtypes,Ex_L5_L6_THEMIS_NR4A2,c9ALS_vs_sALS,Reactome_2022
prerank,Cross-presentation Of Soluble Exogenous Antigens (Endosomes) R-HSA-1236978,-0.3062705691565026,-1.0052335038335332,0.4556451612903225,0.5128558964685065,1.0,14/43,16.26%,PSMC5;PSMD10;PSME2;PSMB6;PSMB3;PSMA1;PSMC4;PSMB4;PSMD5;PSMC6;PSME3;PSMD3;PSMA4;PSMD2,excitatory_subtypes,Ex_L5_L6_THEMIS_NR4A2,sALS_vs_Control,Reactome_2022
prerank,SARS-CoV-2 Activates/Modulates Innate And Adaptive Immune Responses R-HSA-9705671,-0.2546800514245945,-1.069437520325519,0.2285714285714285,0.5139644993496729,1.0,21/105,12.42%,PTPN6;TRAF3;TYK2;STAT2;SEC24D;IRAK2;SEC24C;TLR7;HLA-F;PIK3R4;NUP188;STING1;PIK3C3;NUP35;NUP85;IKBKG;TRIM4;NLRP3;POM121;TRAF6;IL17RA,excitatory_subtypes,Ex_L5_L6_THEMIS_TMEM233,c9ALS_vs_Control,Reactome_2022
prerank,Autophagy R-HSA-9612973,-0.2612833078516656,-1.0897796616370508,0.2493150684931507,0.5164136405904614,1.0,33/121,18.71%,MLST8;MAP1LC3A;HDAC6;TSC2;CHMP7;HSF1;PEX5;MVB12A;VPS37A;ATG4D;MTMR14;RHEB;PIK3C3;ATG12;CHMP4B;ATG4A;EEF1A1;WDR45B;ULK1;ATG9B;DYNLL2;RRAGC;RRAGA;LAMTOR4;VPS37B;AMBRA1;ATG16L1;SRC;PLIN2;GABARAPL1;DYNC1H1;PIK3R4;PRKAA1,excitatory_subtypes,Ex_L6_TLE4_MEGF11,c9ALS_vs_Control,Reactome_2022
prerank,Mitochondrial Fatty Acid Beta-Oxidation R-HSA-77289,-0.3269150025340534,-1.0814060216856267,0.3309352517985611,0.5192964267077455,1.0,12/35,12.26%,PCCA;ACOT11;MCEE;ACADL;DECR1;THEM4;HADH;PCCB;PCTP;HADHA;ACOT13;MECR,broad,Inhibitory,c9ALS_vs_sALS,Reactome_2022
prerank,Mitochondrial Biogenesis R-HSA-1592230,0.3114422811482542,1.1472986677876726,0.1752577319587628,0.5269580969332701,1.0,34/85,22.66%,SSBP1;CHCHD6;CYCS;TFB1M;CALM1;IDH2;ATP5PB;SAMM50;ATP5PF;HDAC3;PPARGC1B;DNAJC11;ATP5MC1;MICOS10;ATP5F1C;ATP5F1E;IMMT;CHCHD3;PRKAB1;PRKAG2;PRKAB2;MEF2C;MEF2D;CREBBP;TBL1XR1;CREB1;ATP5MC3;ATP5ME;TMEM11;SIRT4;NCOA1;APOOL;APOO;GDNF,excitatory_subtypes,Ex_L6_TLE4_CCBE1,c9ALS_vs_Control,Reactome_2022
prerank,Cross-presentation Of Soluble Exogenous Antigens (Endosomes) R-HSA-1236978,-0.3275123820239505,-0.9990307814678664,0.4467289719626168,0.5284102377538978,1.0,12/41,12.61%,PSMC5;PSMB4;PSMD10;MRC2;PSMD3;PSME2;PSMB5;SEM1;PSMB6;PSMD4;PSMD6;PSMC3,excitatory_subtypes,Ex_L6_TLE4_CCBE1,sALS_vs_Control,Reactome_2022
prerank,Interferon Gamma Signaling R-HSA-877300,0.2754405053996742,0.9839359134832898,0.4784853700516351,0.5284760605015625,1.0,20/80,18.25%,HLA-B;SUMO1;HLA-C;MT2A;B2M;PRKCD;CAMK2B;TRIM8;GBP1;IRF9;HLA-A;PTAFR;HLA-DRB1;CD44;TRIM68;TRIM29;OAS3;OAS1;IRF3;IFNGR2,excitatory_subtypes,Ex_L5_L6_THEMIS_TMEM233,c9ALS_vs_sALS,Reactome_2022
prerank,Response Of Mtb To Phagocytosis R-HSA-9637690,-0.3515176965756788,-1.060290083606931,0.3567415730337078,0.5298938464069367,1.0,5/20,9.14%,HGS;CORO1A;RAB7A;MAPK3;ATP6V1H,excitatory_subtypes,Ex_L5_L6_THEMIS_TMEM233,c9ALS_vs_Control,Reactome_2022
prerank,Selective Autophagy R-HSA-9663891,0.3386359301318335,1.143434789149261,0.219600725952813,0.5302481498004473,1.0,23/55,23.09%,DYNC1LI1;CFTR;DYNC1LI2;VDAC1;TOMM7;DYNC1H1;PCNT;DYNLL1;EPAS1;PARK7;ATM;PINK1;PRKAB1;PRKAG2;RPS27A;PRKAB2;CSNK2A2;SQSTM1;MFN1;USP30;PRKN;HSPA8;NBR1,excitatory_subtypes,Ex_L6_TLE4_CCBE1,c9ALS_vs_Control,Reactome_2022
prerank,Mitochondrial Translation R-HSA-5368287,0.3743665915327883,1.3889246294176925,0.0316957210776545,0.5319192670901765,1.0,27/79,19.06%,MRPS22;MRPS18C;MRPL1;CHCHD1;MRPL42;MRRF;MRPS9;MRPL40;MRPL51;MRPL13;MRPL33;MRPS25;MRPS30;PTCD3;MRPS35;MRPL49;MRPS31;MRPL3;MRPL57;MRPS16;MRPL15;MRPS21;MRPL19;MRPL48;GFM1;MRPS36;MTIF3,excitatory_subtypes,Ex_L6_TLE4_MEGF11,c9ALS_vs_Control,Reactome_2022
prerank,Interferon Signaling R-HSA-913531,-0.2457318538843328,-1.0789806164953994,0.2578796561604584,0.5359331442121061,1.0,42/166,17.82%,AAAS;JAK2;EGR1;IFI35;MAPK3;ICAM1;HLA-F;CAMK2D;PIAS1;NUP35;IRF9;SGIP1;SAMHD1;PTPN11;NUP188;MX2;BCL11B;CAMK2G;TRIM26;NEDD4;SEH1L;STAT2;IFI6;PDE12;IFITM2;PLCG1;HLA-C;PTPN6;TRIM21;TPR;NUP54;IP6K2;PTPN1;TYK2;FLNA;MX1;JAK1;NUP210;PRKCD;HLA-B;ARIH1;TRIM17,excitatory_subtypes,Ex_L6_TLE4_MEGF11,c9ALS_vs_Control,Reactome_2022
prerank,Fcgamma Receptor (FCGR) Dependent Phagocytosis R-HSA-2029480,-0.2593991236169777,-1.050718109072719,0.3381642512077294,0.5378608202815642,1.0,28/82,22.20%,ELMO1;WIPF1;PRKCSH;MYO9B;PLD3;CYFIP1;MAPK3;PLCG2;PLD2;SRC;FYN;BAIAP2;NCKIPSD;HCK;PIK3CA;ELMO2;YES1;PLPP4;MYO1E;ITPR1;PRKCE;WASF1;ACTG1;WASF2;PLPP5;CRK;PLD4;PTK2,excitatory_subtypes,Ex_L5_L6_THEMIS_TMEM233,c9ALS_vs_Control,Reactome_2022
prerank,trans-Golgi Network Vesicle Budding R-HSA-199992,-0.2592017368256957,-1.0235043390920533,0.38125,0.5385608852661286,1.0,23/67,23.68%,AP4B1;TPD52L1;HOMER2;HGS;HIP1R;AP1M1;NAPSA;AP1M2;TFRC;PIK3C2A;SNAP23;SNAPIN;CLVS2;AP1B1;CTSZ;SNX5;HSPA8;AP1G1;GNS;ACBD3;PICALM;AP4S1;PUM1,broad,Glia,c9ALS_vs_Control,Reactome_2022
prerank,Cell Recruitment (Pro-Inflammatory Response) R-HSA-9664424,0.3524048703369281,0.9829853314113391,0.4870848708487085,0.5403754373557831,1.0,5/24,10.82%,HSP90AB1;TXN2;SUGT1;RELA;C3AR1,broad,Inhibitory,c9ALS_vs_sALS,Reactome_2022
prerank,Interferon Gamma Signaling R-HSA-877300,-0.2801915989800977,-1.055246104055761,0.3254156769596199,0.5410505424923318,1.0,17/78,15.93%,MID1;TRIM14;TRIM26;TRIM35;BCL11B;TRIM8;IRF9;ICAM1;TRIM21;SMAD7;HLA-C;CIITA;PML;OAS2;IRF2;HLA-F;TRIM46,excitatory_subtypes,Ex_L6_TLE4_CCBE1,c9ALS_vs_Control,Reactome_2022
prerank,Selective Autophagy R-HSA-9663891,0.34806938274913,1.1929309227783378,0.1758569299552906,0.5480413759134382,1.0,29/55,29.13%,FUNDC1;TOMM20;RPS27A;TOMM7;DYNC1I2;CSNK2A2;ARL13B;HSP90AA1;TOMM70;PARK7;PRKAB1;CFTR;DYNC1LI2;PINK1;NBR1;VDAC1;ATG12;UBE2N;DYNLL1;HSPA8;UBB;UBA52;DYNC1LI1;HSF1;HDAC6;PLIN2;PLIN3;VCP;DYNC1H1,excitatory_subtypes,Ex_L5_PCP4_NXPH2,c9ALS_vs_Control,Reactome_2022
prerank,Golgi Associated Vesicle Biogenesis R-HSA-432722,-0.2969994730224474,-0.980553962512283,0.5092165898617511,0.5480859707874723,1.0,20/49,24.05%,AP1S1;OCRL;HIP1R;AP1B1;FTL;TBC1D8B;SNX5;TPD52L1;BLOC1S4;TFRC;ACBD3;PUM1;FTH1;DNAJC6;HSPA8;TGOLN2;CLTA;CLTC;AP3S1;AP1M1,excitatory_subtypes,Ex_L5_L6_THEMIS_TMEM233,sALS_vs_Control,Reactome_2022
prerank,Late Endosomal Microautophagy R-HSA-9615710,0.3312336159134786,0.997597462646844,0.4609218436873747,0.5511109123891138,1.0,9/29,13.55%,ARL13B;RNF103-CHMP3;VPS37A;VPS28;UBB;UBA52;PARK7;UBC;MVB12A,glia_subtypes,Glia_Micro,c9ALS_vs_sALS,Reactome_2022
prerank,Transcriptional Activation Of Mitochondrial Biogenesis R-HSA-2151201,-0.2740533832570898,-0.9813420728829124,0.4782608695652174,0.5514269647892798,1.0,16/52,16.62%,CRTC2;POLRMT;ESRRA;RXRA;NR1D1;CARM1;MEF2C;HCFC1;SMARCD3;HELZ2;NCOA2;PPARGC1A;CAMK4;ATP5F1B;IDH2;CHD9,broad,Glia,sALS_vs_Control,Reactome_2022
prerank,Cross-presentation Of Soluble Exogenous Antigens (Endosomes) R-HSA-1236978,0.3239043923814422,1.0552328465077945,0.3643122676579926,0.5534133375313336,1.0,18/43,21.76%,PSMC3;PSMB5;PSMD4;PSMD2;PSMD7;PSMB6;PSMA5;PSMD8;PSMA7;PSMD14;PSMC4;PSMB3;PSMD10;PSMC5;PSMB1;PSMA4;PSMB10;PSMB9,glia_subtypes,Glia_Micro,c9ALS_vs_Control,Reactome_2022
prerank,Cell Recruitment (Pro-Inflammatory Response) R-HSA-9664424,-0.3644516992437343,-0.9801392759055813,0.48828125,0.558178956313839,1.0,5/24,13.13%,TXNIP;HSP90AB1;SUGT1;RELA;NLRP3,excitatory_subtypes,Ex_L6_TLE4_CCBE1,sALS_vs_Control,Reactome_2022
prerank,Golgi Associated Vesicle Biogenesis R-HSA-432722,-0.2856751730910895,-0.9983692628205414,0.4330900243309002,0.5590383283513787,1.0,7/49,3.00%,HOMER2;GAK;SH3D19;TPD52L1;DNM2;IGF2R;AP3B1,excitatory_subtypes,Ex_L5_L6_THEMIS_TMEM233,c9ALS_vs_sALS,Reactome_2022
prerank,Autophagy R-HSA-9612973,0.3083292126948677,1.181840385428458,0.1577503429355281,0.5591606142801567,1.0,55/120,29.13%,FUNDC1;TOMM20;RRAGD;ATG3;RPS27A;TOMM7;DYNC1I2;GABARAPL2;HSP90AB1;ATG9A;CSNK2A2;LAMTOR4;ARL13B;LAMP2;HSP90AA1;TOMM70;PARK7;PRKAB1;CFTR;RNASE1;VPS28;DYNC1LI2;MTMR14;PINK1;LAMTOR5;NBR1;RRAGA;VDAC1;EEF1A1;VPS37A;ATG12;CHMP7;UBE2N;CHMP6;DYNLL1;HSPA8;RRAGB;BECN1;UVRAG;ATG10;UBB;ATG14;ATG101;ATG4C;UBA52;DYNC1LI1;CHMP2A;MVB12B;HSF1;HDAC6;PLIN2;PLIN3;VCP;ATG13;DYNC1H1,excitatory_subtypes,Ex_L5_PCP4_NXPH2,c9ALS_vs_Control,Reactome_2022
prerank,Interferon Alpha/Beta Signaling R-HSA-909733,-0.3054475854149416,-0.9765834288731624,0.4654300168634064,0.5635109272222321,1.0,23/58,22.80%,EGR1;IP6K2;STAT2;IFIT5;IRF9;IFIT1;OAS3;OAS1;IRF3;HLA-A;HLA-C;RNASEL;ISG15;IFI6;HLA-B;OAS2;MX1;ADAR;IFIT2;SAMHD1;OASL;PSMB8;XAF1,excitatory_subtypes,Ex_L6_TLE4_CCBE1,sALS_vs_Control,Reactome_2022
prerank,Response Of Mtb To Phagocytosis R-HSA-9637690,-0.3620146082443485,-1.0416751437788163,0.3986486486486486,0.56733022391742,1.0,8/20,17.75%,HGS;RAB7A;MAPK3;CORO1A;PGK1;ATP6V1H;ENO1;NANOS2,broad,Inhibitory,c9ALS_vs_Control,Reactome_2022
prerank,Cell Recruitment (Pro-Inflammatory Response) R-HSA-9664424,-0.3467455453091654,-1.0404850718414784,0.3829268292682927,0.5679861961151073,1.0,8/24,23.93%,HMOX1;TXNIP;P2RX7;NLRP3;RELA;C3;TXN2;PYCARD,broad,Inhibitory,c9ALS_vs_Control,Reactome_2022
prerank,Mitochondrial Translation R-HSA-5368287,0.2960105992619807,1.1195899435633527,0.2231686541737649,0.567987092743941,1.0,25/83,17.69%,MRPS25;MRPS11;MRPS22;MRPS30;GFM1;MRPL48;MRPS18C;MTRF1L;MRPS10;MRPL47;MRPL33;MRPS23;MRPS14;MRPL39;MRPL35;MRPL19;MRPS35;MRPL45;MTIF3;PTCD3;MRPL23;MRPL58;MRPL21;MRPL42;TSFM,broad,Glia,sALS_vs_Control,Reactome_2022
prerank,STING Mediated Induction Of Host Immune Responses R-HSA-1834941,-0.3532309526708586,-0.969908742658002,0.4829059829059829,0.5724878059038119,1.0,4/15,7.81%,DDX41;STING1;CGAS;NLRP4,broad,Glia,sALS_vs_Control,Reactome_2022
prerank,Phase 4 - Resting Membrane Potential R-HSA-5576886,0.4033915523745847,1.045955687833125,0.4080882352941176,0.572814160265207,1.0,2/16,1.34%,KCNK13;KCNJ4,glia_subtypes,Glia_Micro,c9ALS_vs_Control,Reactome_2022
prerank,Cell Recruitment (Pro-Inflammatory Response) R-HSA-9664424,0.3563195069347452,0.9729807737138292,0.4917355371900826,0.5736410866632192,1.0,5/20,15.31%,HSP90AB1;IL18;P2RX4;SUGT1;TXN2,excitatory_subtypes,Ex_L6_TLE4_CCBE1,c9ALS_vs_sALS,Reactome_2022
prerank,Mitochondrial Calcium Ion Transport R-HSA-8949215,0.3831186014132318,1.0423798653848912,0.3887850467289719,0.5738943799271,1.0,7/20,15.98%,MCUB;VDAC1;SMDT1;STOML2;SLC8B1;VDAC2;AFG3L2,glia_subtypes,Glia_Micro,c9ALS_vs_Control,Reactome_2022
prerank,FCGR3A-mediated Phagocytosis R-HSA-9664422,-0.3227513961727118,-1.097730804115674,0.2754237288135593,0.5760421133072202,1.0,14/54,11.94%,DOCK1;FYN;ELMO1;VAV1;VAV3;PTK2;FGR;ABL1;HCK;WIPF1;NCKAP1;MYO5A;SYK;NCKAP1L,glia_subtypes,Glia_Micro,c9ALS_vs_sALS,Reactome_2022
prerank,MyD88 Dependent Cascade Initiated On Endosome R-HSA-975155,-0.2904272617082821,-1.0860889293944789,0.2651821862348178,0.5768169885660777,1.0,39/95,23.22%,KCNH8;IKBKB;MAPKAPK3;TLR7;GDNF;CASP8;RIPK2;NOD2;MAP3K1;S100B;AGER;APP;RPS6KA2;TICAM1;MAP2K1;FOS;IRAK2;N4BP1;DUSP4;JUN;DUSP7;MEF2A;MAPK14;VRK3;TAB3;PELI1;TANK;TMED7-TICAM2;MAP3K8;NFKB2;RPS6KA5;USP14;RPS6KA1;MAP2K7;PPP2R1B;MAPK8;ALPK1;NFKBIA;NFKBIB,glia_subtypes,Glia_Micro,c9ALS_vs_sALS,Reactome_2022
prerank,Mitochondrial tRNA Aminoacylation R-HSA-379726,-0.3592155711567885,-0.9842781155430048,0.4867256637168141,0.5768481285353475,1.0,7/19,15.81%,RARS2;FARS2;AARS2;WARS2;CARS2;LARS2;EARS2,excitatory_subtypes,Ex_L5_L6_THEMIS_TMEM233,c9ALS_vs_sALS,Reactome_2022
prerank,Interferon Gamma Signaling R-HSA-877300,-0.3038368491056746,-1.0980285632615086,0.2727272727272727,0.5784614542159002,1.0,33/78,24.10%,NCAM1;TRIM22;CD44;OAS2;GBP2;SMAD7;TRIM8;TRIM5;GBP4;ICAM1;HLA-DQA1;TRIM46;CIITA;HLA-DQB2;PIAS1;FCGR1A;JAK1;IFNGR2;SP100;PRKCD;PTPN11;TRIM25;TRIM62;TRIM21;SOCS3;OAS1;TRIM14;OAS3;VCAM1;IRF4;MID1;IRF8;CAMK2D,glia_subtypes,Glia_Micro,c9ALS_vs_sALS,Reactome_2022
prerank,Selective Autophagy R-HSA-9663891,-0.2973833091275483,-1.0145570826319126,0.425764192139738,0.5793849156181318,1.0,20/54,19.39%,HSP90AA1;DYNC1I1;PLIN2;HDAC6;HSF1;MFN2;PLIN3;DYNC1I2;DYNC1LI2;USP30;PEX5;MTERF3;IFT88;CSNK2A2;SRC;UBC;SQSTM1;ATG12;CFTR;UBA52,glia_subtypes,Glia_Micro,c9ALS_vs_Control,Reactome_2022
prerank,Macroautophagy R-HSA-1632852,0.3088611667774572,1.1601414513635866,0.173974540311174,0.5807011892931874,1.0,48/106,29.13%,FUNDC1;TOMM20;RRAGD;ATG3;RPS27A;TOMM7;DYNC1I2;GABARAPL2;ATG9A;CSNK2A2;LAMTOR4;ARL13B;HSP90AA1;TOMM70;PARK7;PRKAB1;CFTR;DYNC1LI2;MTMR14;PINK1;LAMTOR5;NBR1;RRAGA;VDAC1;ATG12;CHMP7;UBE2N;CHMP6;DYNLL1;HSPA8;RRAGB;BECN1;UVRAG;ATG10;UBB;ATG14;ATG101;ATG4C;UBA52;DYNC1LI1;CHMP2A;HSF1;HDAC6;PLIN2;PLIN3;VCP;ATG13;DYNC1H1,excitatory_subtypes,Ex_L5_PCP4_NXPH2,c9ALS_vs_Control,Reactome_2022
prerank,Interferon Gamma Signaling R-HSA-877300,-0.2391098619798009,-0.9845033647137538,0.4783653846153846,0.583491142544017,1.0,27/85,23.29%,PTPN1;TRIM5;IRF2;JAK2;CAMK2D;TRIM21;JAK1;BCL11B;MID1;SP100;PTPN11;TRIM45;TRIM10;NCAM1;SOCS1;GBP5;TRIM22;TRIM46;PTPN2;CD44;SOCS3;CAMK2A;OAS2;HLA-DQA2;HLA-DQB2;TRIM62;TRIM38,broad,Excitatory,c9ALS_vs_sALS,Reactome_2022
prerank,Interferon Alpha/Beta Signaling R-HSA-909733,-0.2680437556879615,-1.0212811754733042,0.4069264069264069,0.5839603177409659,1.0,7/60,5.65%,EGR1;PTPN6;TYK2;STAT2;SOCS3;ADAR;HLA-F,excitatory_subtypes,Ex_L5_L6_THEMIS_TMEM233,c9ALS_vs_Control,Reactome_2022
prerank,Interferon Gamma Signaling R-HSA-877300,-0.2672562377706902,-1.0417423988728765,0.3717948717948718,0.5846719992491421,1.0,23/74,22.56%,JAK2;ICAM1;HLA-F;CAMK2D;PIAS1;IRF9;PTPN11;BCL11B;CAMK2G;TRIM26;HLA-C;PTPN6;TRIM21;PTPN1;JAK1;PRKCD;HLA-B;TRIM17;HLA-DQB2;TRIM22;B2M;IFNGR1;OAS1,excitatory_subtypes,Ex_L6_TLE4_MEGF11,c9ALS_vs_Control,Reactome_2022
prerank,Cross-presentation Of Soluble Exogenous Antigens (Endosomes) R-HSA-1236978,0.3635351330988004,1.1541327484533894,0.2641221374045801,0.5873910564244975,1.0,19/42,29.50%,PSMA7;PSMD7;PSMA3;PSMD2;PSMA8;PSMC1;PSMC4;PSMA4;PSMB1;PSMC3;PSMD6;PSMB6;PSMC6;PSMC5;PSMF1;SEM1;PSMD14;PSMA5;PSMD10,excitatory_subtypes,Ex_L5_PCP4_NXPH2,c9ALS_vs_Control,Reactome_2022
prerank,Interferon Gamma Signaling R-HSA-877300,-0.2757346313710873,-0.9674960960419244,0.5235507246376812,0.5922122296948356,1.0,19/72,17.96%,CAMK2B;HLA-B;PRKCD;PTPN6;HLA-F;B2M;TRIM35;IFNGR1;IRF9;TRIM17;OAS1;HLA-C;TRIM8;PTAFR;TRIM21;TRIM26;HLA-DRB1;SMAD7;BCL11B,excitatory_subtypes,Ex_L6_TLE4_MEGF11,sALS_vs_Control,Reactome_2022
prerank,Phase 4 - Resting Membrane Potential R-HSA-5576886,0.4281942367187505,1.1458480399155362,0.2752136752136752,0.5966304220544749,1.0,5/17,18.17%,KCNK13;KCNK1;KCNK12;KCNJ2;KCNK7,excitatory_subtypes,Ex_L5_PCP4_NXPH2,c9ALS_vs_Control,Reactome_2022
prerank,Anti-inflammatory Response Favoring Leishmania Infection R-HSA-9662851,0.2450192812885143,0.9589401673896631,0.5753968253968254,0.5968991836889083,1.0,28/125,16.55%,CALM1;GNB2;PRKAR1A;PLK2;GPR27;CHGA;CPAMD8;GNG3;GNAS;ADCYAP1;GNAZ;ITPR2;GNB1;C1QTNF1;GNG4;PRKAR2A;CRH;ADORA2B;ADCYAP1R1;GNB4;DRD1;CREB1;ADRB1;GNG12;MC4R;ADCY1;RAMP3;GHRHR,excitatory_subtypes,Ex_L6_TLE4_CCBE1,c9ALS_vs_sALS,Reactome_2022
prerank,Mitochondrial Fatty Acid Beta-Oxidation R-HSA-77289,-0.3052059315272856,-0.9594874550371352,0.5245098039215687,0.5988037554930681,1.0,9/34,16.45%,ACADVL;THEM4;ECHS1;ACOT12;ACOT7;ACADS;MMUT;ACOT1;DECR1,excitatory_subtypes,Ex_L5_PCP4_NXPH2,sALS_vs_Control,Reactome_2022
prerank,Anti-inflammatory Response Favoring Leishmania Infection R-HSA-9662851,0.2447336776731924,0.9649811278310624,0.5597722960151803,0.6005128994919792,1.0,26/124,16.30%,CD247;GNB2;GNAI2;ITPR1;PRKAR1B;PRKAR1A;YES1;PLK2;ADCY6;CHGA;LHB;HTR7;POMC;PTGER4;RAMP1;GNG3;GNG2;ADAM17;GNAS;ADCYAP1;CALCRL;CALM1;PTGDR;ADRB1;VIPR2;GNAZ,glia_subtypes,Glia_Micro,c9ALS_vs_sALS,Reactome_2022
prerank,Macroautophagy R-HSA-1632852,0.2936913651720116,1.100422950364767,0.2633517495395948,0.6017831456632386,1.0,40/107,23.09%,ATG101;DYNC1LI1;MTOR;CFTR;DYNC1LI2;VDAC1;TOMM7;DYNC1H1;ATG14;LAMTOR5;GABARAPL2;RRAGB;PCNT;DYNLL1;EPAS1;CHMP2B;RPTOR;LAMTOR3;PARK7;ATM;PINK1;PRKAB1;PRKAG2;RPS27A;PRKAB2;GABARAP;ATG4A;RHEB;CSNK2A2;SQSTM1;MFN1;ATG7;USP30;PRKN;ATG16L1;WDR45B;HSPA8;ATG4D;RRAGC;NBR1,excitatory_subtypes,Ex_L6_TLE4_CCBE1,c9ALS_vs_Control,Reactome_2022
prerank,trans-Golgi Network Vesicle Budding R-HSA-199992,-0.2667835981692449,-1.012010966340282,0.3957219251336898,0.6070571311357785,1.0,21/65,23.65%,AP1G2;SH3D19;HGS;AP3B1;CLVS2;HIP1R;DNAJC6;GAK;VAMP7;AP4E1;AP1S3;SNX5;TPD52;CLINT1;PICALM;IGF2R;AP3S1;DNM2;CLTB;SH3GL2;AP1B1,broad,Inhibitory,c9ALS_vs_Control,Reactome_2022
prerank,STING Mediated Induction Of Host Immune Responses R-HSA-1834941,0.3572625564332785,0.9364239260147168,0.5094339622641509,0.6077337741806541,1.0,5/15,13.47%,DDX41;XRCC6;IRF3;NLRP4;STAT6,broad,Excitatory,c9ALS_vs_sALS,Reactome_2022
prerank,Mitochondrial Translation Initiation R-HSA-5368286,0.3735812516716478,1.3565363685908076,0.0407166123778501,0.6092483953343916,1.0,25/73,19.06%,MRPS22;MRPS18C;MRPL1;CHCHD1;MRPL42;MRPS9;MRPL40;MRPL51;MRPL13;MRPL33;MRPS25;MRPS30;PTCD3;MRPS35;MRPL49;MRPS31;MRPL3;MRPL57;MRPS16;MRPL15;MRPS21;MRPL19;MRPL48;MRPS36;MTIF3,excitatory_subtypes,Ex_L6_TLE4_MEGF11,c9ALS_vs_Control,Reactome_2022
prerank,STING Mediated Induction Of Host Immune Responses R-HSA-1834941,-0.3391580566196694,-0.950718776242273,0.5021834061135371,0.6145035011001704,1.0,5/15,12.81%,PRKDC;TBK1;XRCC5;NLRP4;MRE11,broad,Glia,c9ALS_vs_sALS,Reactome_2022
prerank,trans-Golgi Network Vesicle Budding R-HSA-199992,-0.2918174766969379,-1.0389684056737545,0.3474747474747475,0.615724862109179,1.0,12/65,7.94%,DNAJC6;SH3D19;ARRB1;SORT1;HIP1R;TFRC;SNX9;AP4S1;DNM2;AP1B1;APP;TPD52,glia_subtypes,Glia_Micro,c9ALS_vs_sALS,Reactome_2022
prerank,Activation Of IRF3/IRF7 Mediated By TBK1/IKK Epsilon R-HSA-936964,0.3629178828257037,0.9575452861699708,0.5199203187250996,0.6157647764911507,1.0,4/16,12.08%,UBB;NDUFA2;UBA52;UBC,glia_subtypes,Glia_Micro,c9ALS_vs_sALS,Reactome_2022
prerank,trans-Golgi Network Vesicle Budding R-HSA-199992,0.3011949488693463,1.0731221902265489,0.343015214384509,0.6169868317718946,1.0,13/65,9.79%,BLOC1S4;AP1S3;AP1G2;HGS;SNAPIN;CLVS1;DTNBP1;AP1B1;HIP1R;YIPF6;FTL;PUM1;SNX2,excitatory_subtypes,Ex_L5_L6_THEMIS_NR4A2,c9ALS_vs_sALS,Reactome_2022
prerank,Transcriptional Activation Of Mitochondrial Biogenesis R-HSA-2151201,-0.2823014630137122,-1.005439139986513,0.4432717678100263,0.6192121367118791,1.0,14/52,17.33%,CRTC2;CARM1;NR1D1;PPARGC1A;MTERF1;ESRRA;POLRMT;HCFC1;ACSS2;PPARA;SMARCD3;TFB1M;ATP5F1B;ALAS1,broad,Inhibitory,c9ALS_vs_Control,Reactome_2022
prerank,ADORA2B Mediated Anti-Inflammatory Cytokine Production R-HSA-9660821,0.2862366427791025,1.0673076536724724,0.3594164456233422,0.6227912116581736,1.0,17/89,14.98%,GPR27;CREB1;GNGT1;DRD1;HTR6;CPAMD8;ADORA2B;GNG4;GNAI2;FSHR;GNB3;CRHR2;GNAZ;PRKAR1A;PTGDR;PRKAR2B;PRKACB,excitatory_subtypes,Ex_L5_L6_THEMIS_NR4A2,c9ALS_vs_sALS,Reactome_2022
prerank,Anti-inflammatory Response Favoring Leishmania Infection R-HSA-9662851,0.2730129709944837,1.063020674921939,0.3419023136246786,0.6232701212279746,1.0,22/118,14.98%,GPR27;CREB1;GNGT1;PLCG1;DRD1;HTR6;CPAMD8;ADORA2B;GNG4;GNAI2;FSHR;FURIN;ITPR3;GNB3;CRHR2;GNAZ;DPEP1;PRKAR1A;SYK;PTGDR;PRKAR2B;PRKACB,excitatory_subtypes,Ex_L5_L6_THEMIS_NR4A2,c9ALS_vs_sALS,Reactome_2022
prerank,Mitochondrial Translation Initiation R-HSA-5368286,0.2904462958011452,1.0790824724363546,0.2950257289879931,0.6253541202723467,1.0,22/77,17.21%,MRPS25;MRPS11;MRPS22;MRPS30;MRPL48;MRPS18C;MRPS10;MRPL47;MRPL33;MRPS23;MRPS14;MRPL39;MRPL35;MRPL19;MRPS35;MRPL45;MTIF3;PTCD3;MRPL23;MRPL58;MRPL21;MRPL42,broad,Glia,sALS_vs_Control,Reactome_2022
prerank,Late Endosomal Microautophagy R-HSA-9615710,-0.2957404834861683,-0.9741245651096624,0.4867021276595745,0.6265463508386608,1.0,12/30,21.38%,UBAP1;VPS37D;PLIN2;CHMP2B;VPS37B;HDAC6;MVB12A;VPS37A;RNF103-CHMP3;UBC;HSPA8;UBB,broad,Glia,c9ALS_vs_Control,Reactome_2022
prerank,Mitochondrial Translation Termination R-HSA-5419276,0.2889228767247044,1.0795627987300347,0.3003412969283277,0.6273866227711128,1.0,22/77,17.21%,MRPS25;MRPS11;MRPS22;MRPS30;MRPL48;MRPS18C;MTRF1L;MRPS10;MRPL47;MRPL33;MRPS23;MRPS14;MRPL39;MRPL35;MRPL19;MRPS35;MRPL45;PTCD3;MRPL23;MRPL58;MRPL21;MRPL42,broad,Glia,sALS_vs_Control,Reactome_2022
prerank,Golgi Associated Vesicle Biogenesis R-HSA-432722,0.296161195784613,1.0053142262248018,0.4462242562929062,0.6312445641745146,1.0,14/51,17.15%,ARRB1;DTNBP1;HOMER2;GOLGB1;SORT1;IGF2R;CLINT1;PIK3C2A;TBC1D8B;SNX9;SH3D19;GAK;DNM2;PICALM,broad,Inhibitory,sALS_vs_Control,Reactome_2022
prerank,SARS-CoV-2 Activates/Modulates Innate And Adaptive Immune Responses R-HSA-9705671,-0.2282686766376579,-0.9851499746366692,0.5074626865671642,0.6343436770195783,1.0,22/111,16.94%,IRAK2;SEC24D;PTPN6;IFIH1;HLA-F;TRAF3;STING1;HLA-B;IKBKG;AAAS;SEC24C;STAT2;IKBKE;TYK2;HLA-A;HLA-C;NLRP3;NUP188;PIK3R4;NUP85;HLA-E;NUP210,broad,Excitatory,c9ALS_vs_Control,Reactome_2022
prerank,trans-Golgi Network Vesicle Budding R-HSA-199992,0.289668845654769,1.062854022482177,0.3339382940108893,0.6351146138969349,1.0,25/68,22.72%,CLINT1;GOLGB1;ARRB1;CLTA;SORT1;AP1S2;AP3B1;SH3GL2;TPD52;SNX9;DNAJC6;PICALM;GAK;AP4S1;PIK3C2A;AP1G1;CLTC;ACBD3;TGOLN2;TBC1D8B;AP4M1;AP4E1;DNM2;DTNBP1;VAMP7,broad,Glia,sALS_vs_Control,Reactome_2022
prerank,Transcriptional Activation Of Mitochondrial Biogenesis R-HSA-2151201,-0.2815561378641463,-0.988454021265592,0.4477958236658932,0.6354862996136026,1.0,17/52,16.40%,CARM1;CRTC1;POLRMT;GLUD1;NR1D1;PPARGC1A;RXRA;MBD4;TFB2M;CHD9;CRTC2;LIN9;PPARA;SIRT3;NCOA2;NRF1;HELZ2,excitatory_subtypes,Ex_L6_TLE4_CCBE1,c9ALS_vs_Control,Reactome_2022
prerank,SARS-CoV-2 Activates/Modulates Innate And Adaptive Immune Responses R-HSA-9705671,0.2652928433078796,1.0089452255760307,0.4358974358974359,0.6355455466227196,1.0,20/105,10.51%,NUP160;NUP214;NUP93;JAK1;NUP133;NUP98;NUP88;STAT1;ATG14;CREBBP;NUP107;TRIM25;IFNAR1;MAVS;NUP155;PTPN11;TBK1;MASP1;NUP153;LARP1,broad,Inhibitory,sALS_vs_Control,Reactome_2022
prerank,STING Mediated Induction Of Host Immune Responses R-HSA-1834941,0.4412658700477982,1.1133155549413052,0.3260504201680672,0.6382585443661201,1.0,4/15,13.98%,XRCC6;IRF3;XRCC5;PRKDC,excitatory_subtypes,Ex_L5_PCP4_NXPH2,c9ALS_vs_Control,Reactome_2022
prerank,SARS-CoV-2 Activates/Modulates Innate And Adaptive Immune Responses R-HSA-9705671,-0.2474249790272923,-0.9737652938104114,0.5282051282051282,0.6418043300119948,1.0,33/105,20.20%,NUP214;MASP1;NUP98;NUP205;TRAF3;IRAK2;NUP93;NUP210;PIK3R4;PIK3C3;JAK1;NUP54;SEC24D;TBK1;IKBKE;NLRP3;NUP160;POM121;MAP3K7;CREBBP;HLA-E;SEC24B;MAVS;NUP133;TAB1;IFIH1;SEC13;TRAF6;TAB3;SEH1L;ATG14;IKBKB;TRIM4,broad,Inhibitory,c9ALS_vs_sALS,Reactome_2022
prerank,STING Mediated Induction Of Host Immune Responses R-HSA-1834941,-0.365899499810659,-0.9467749056494564,0.5307377049180327,0.6420234915237588,1.0,5/15,11.62%,TBK1;IFI16;MRE11;PRKDC;DTX4,excitatory_subtypes,Ex_L5_L6_THEMIS_TMEM233,c9ALS_vs_sALS,Reactome_2022
prerank,Mitochondrial Translation Elongation R-HSA-5389840,0.2839616101120791,1.056396791520075,0.3339041095890411,0.6440345122664577,1.0,23/77,17.69%,MRPS25;MRPS11;MRPS22;MRPS30;GFM1;MRPL48;MRPS18C;MRPS10;MRPL47;MRPL33;MRPS23;MRPS14;MRPL39;MRPL35;MRPL19;MRPS35;MRPL45;PTCD3;MRPL23;MRPL58;MRPL21;MRPL42;TSFM,broad,Glia,sALS_vs_Control,Reactome_2022
prerank,Mitochondrial Fatty Acid Beta-Oxidation R-HSA-77289,0.3014514502828864,0.9176397149580288,0.5888689407540395,0.645071397624785,1.0,8/35,14.59%,DBI;NDUFAB1;HADHA;ECI1;MMUT;ACADVL;ACOT13;ACOT7,excitatory_subtypes,Ex_L5_L6_THEMIS_TMEM233,c9ALS_vs_sALS,Reactome_2022
prerank,Interferon Gamma Signaling R-HSA-877300,0.2897736889075071,1.0444749623808405,0.3970588235294117,0.6450995352107375,1.0,21/74,21.47%,B2M;ICAM1;PTAFR;TRIM68;CIITA;HLA-DRB5;MT2A;HLA-B;PTPN6;HLA-DRB1;IRF1;TRIM3;IRF3;OAS1;TRIM8;HLA-A;GBP2;CAMK2B;TRIM25;HLA-E;PML,excitatory_subtypes,Ex_L5_L6_THEMIS_NR4A2,c9ALS_vs_sALS,Reactome_2022
prerank,ADORA2B Mediated Anti-Inflammatory Cytokine Production R-HSA-9660821,-0.2253946917840079,-0.9604845817845292,0.5373665480427047,0.6491414225224368,1.0,40/115,24.09%,ADCY1;ADM;RAMP3;PTGER4;ADCY6;GNB2;ADORA2B;PRKCA;ADRB1;GNGT1;PTH1R;C1QTNF1;CPAMD8;GNG12;GLP2R;PRKAR2B;GPR27;RXFP2;GNG4;RAMP1;GNG8;RXFP1;GNAI3;GPHB5;PRKX;ADCY8;ADCY4;GNB3;IAPP;INSL3;GLP1R;HTR4;PTH2R;FSHR;GPR84;GNG7;ADCY9;PTGIR;ADCYAP1R1;VIPR2,broad,Glia,c9ALS_vs_Control,Reactome_2022
prerank,Mitochondrial Biogenesis R-HSA-1592230,-0.2517243094706025,-0.9977636248866072,0.4854881266490765,0.6528593480990538,1.0,14/83,9.98%,CRTC2;MAPK11;POLRMT;CARM1;PPRC1;CRTC1;RXRA;MBD4;PPARGC1A;MTERF1;SIRT3;TBL1X;ESRRA;HCFC1,excitatory_subtypes,Ex_L6_TLE4_MEGF11,c9ALS_vs_Control,Reactome_2022
prerank,Autophagy R-HSA-9612973,0.2759980769422212,1.0607692007559126,0.3297297297297297,0.6558652510334327,1.0,42/121,23.09%,ATG101;DYNC1LI1;MTOR;CFTR;DYNC1LI2;VDAC1;TOMM7;DYNC1H1;ATG14;LAMTOR5;GABARAPL2;RRAGB;PCNT;DYNLL1;EPAS1;CHMP2B;RPTOR;LAMTOR3;PARK7;ATM;PINK1;PRKAB1;PRKAG2;RPS27A;PRKAB2;GABARAP;MVB12B;ATG4A;RHEB;CSNK2A2;RNASE1;SQSTM1;MFN1;ATG7;USP30;PRKN;ATG16L1;WDR45B;HSPA8;ATG4D;RRAGC;NBR1,excitatory_subtypes,Ex_L6_TLE4_CCBE1,c9ALS_vs_Control,Reactome_2022
prerank,trans-Golgi Network Vesicle Budding R-HSA-199992,0.3175104298854528,1.0959610145151646,0.3070044709388971,0.6596573436419976,1.0,27/64,24.94%,STX4;M6PR;CLINT1;SNX2;TGOLN2;AP4B1;VAMP8;FTL;ARRB1;TPD52L1;AP1S1;PUM1;AP1S2;BLOC1S4;APP;SNX9;CLTC;CLTA;FTH1;HSPA8;DNAJC6;PICALM;IGF2R;CLVS2;AP4M1;CTSZ;NAPSA,excitatory_subtypes,Ex_L5_PCP4_NXPH2,c9ALS_vs_Control,Reactome_2022
prerank,DDX58/IFIH1-mediated Induction Of Interferon-Alpha/Beta R-HSA-168928,0.2888789512009171,1.0341292650957352,0.4092769440654843,0.6600408660606394,1.0,17/64,16.40%,UBA52;TOMM70;NLRX1;UBE2D3;FADD;IKBKG;NLRC5;ISG15;RPS27A;RELA;MAP3K1;UBB;IRF3;UBE2D1;UBE2D2;UBA7;PCBP2,excitatory_subtypes,Ex_L5_L6_THEMIS_NR4A2,c9ALS_vs_sALS,Reactome_2022
prerank,FCGR3A-mediated Phagocytosis R-HSA-9664422,-0.2625188721141182,-0.9146853126161946,0.6123348017621145,0.6602482949325524,1.0,13/56,14.81%,MAPK3;ACTG1;NCKIPSD;BAIAP2;ARPC1B;BRK1;WASF3;CRK;VAV2;MAPK1;HCK;SRC;WASL,broad,Excitatory,sALS_vs_Control,Reactome_2022
prerank,Mitochondrial Calcium Ion Transport R-HSA-8949215,0.3094677460818286,0.913677821169933,0.5849802371541502,0.6617023148510094,1.0,7/20,14.27%,STOML2;PHB2;VDAC2;MICU1;PMPCA;VDAC1;MCU,broad,Glia,c9ALS_vs_sALS,Reactome_2022
prerank,Synthesis Of PIPs At Early Endosome Membrane R-HSA-1660516,-0.355934583345126,-1.0256291477856576,0.3970588235294117,0.6626519381964278,1.0,5/16,11.77%,INPP4B;INPP4A;VAC14;MTM1;PIKFYVE,excitatory_subtypes,Ex_L5_PCP4_NXPH2,c9ALS_vs_sALS,Reactome_2022
prerank,SARS-CoV-2 Activates/Modulates Innate And Adaptive Immune Responses R-HSA-9705671,-0.2418343976760049,-0.9841250673779248,0.494949494949495,0.6642645298882448,1.0,28/101,17.68%,AAAS;NLRP3;HLA-F;NUP35;IKBKG;PTPN11;IL17RA;NUP188;IRAK2;SEH1L;STAT2;PIK3C3;TRAF6;IFIH1;HLA-C;PTPN6;MAVS;MASP1;TPR;NUP54;TYK2;NOD1;NOD2;JAK1;NUP210;TKFC;HLA-B;TRAF3,excitatory_subtypes,Ex_L6_TLE4_MEGF11,c9ALS_vs_Control,Reactome_2022
prerank,Mitochondrial tRNA Aminoacylation R-HSA-379726,-0.3947454319912686,-1.1954361023838984,0.2333333333333333,0.6649908110824686,1.0,7/19,16.76%,WARS2;FARS2;DARS2;EARS2;CARS2;PPA2;IARS2,excitatory_subtypes,Ex_L5_L6_THEMIS_NR4A2,c9ALS_vs_sALS,Reactome_2022
prerank,Mitochondrial tRNA Aminoacylation R-HSA-379726,0.4476580779977894,1.2095901844644126,0.2228796844181459,0.6651802697214378,1.0,10/19,19.93%,FARS2;RARS2;IARS2;GARS1;CARS2;PARS2;YARS2;EARS2;AARS2;LARS2,excitatory_subtypes,Ex_L6_TLE4_MEGF11,sALS_vs_Control,Reactome_2022
prerank,FCGR3A-mediated Phagocytosis R-HSA-9664422,-0.2600542716197403,-0.9685681995914333,0.504,0.6660734877977914,1.0,23/56,26.25%,ELMO1;WIPF1;MYO9B;CYFIP1;MAPK3;SRC;FYN;BAIAP2;NCKIPSD;HCK;ELMO2;YES1;MYO1E;WASF1;ACTG1;WASF2;CRK;PTK2;MYH9;DOCK1;ARPC4-TTLL3;MAPK1;WASL,excitatory_subtypes,Ex_L5_L6_THEMIS_TMEM233,c9ALS_vs_Control,Reactome_2022
prerank,Macroautophagy R-HSA-1632852,0.2838491833049487,1.070619661774999,0.3371104815864023,0.6675568695850629,1.0,38/109,24.37%,TOMM7;PINK1;TOMM20;WIPI1;RPS27A;TOMM70;ATG14;ATG101;PCNT;MTOR;RRAGB;PARK7;FUNDC1;TSC1;DYNC1LI1;UBA52;ATG4B;GABARAPL1;SLC38A9;CFTR;ATG4C;LAMTOR2;MAP1LC3C;VDAC1;DYNC1H1;CHMP4C;TOMM40;ATG13;MFN1;SQSTM1;DYNC1LI2;LAMTOR4;ATM;TOMM22;ATG3;WIPI2;ATG10;LAMTOR3,broad,Glia,c9ALS_vs_Control,Reactome_2022
prerank,Activation Of IRF3/IRF7 Mediated By TBK1/IKK Epsilon R-HSA-936964,0.3847059726840015,1.020733421798945,0.447452229299363,0.6693067902705495,1.0,5/16,12.93%,UBA52;RPS27A;UBB;TICAM1;IRF3,excitatory_subtypes,Ex_L5_L6_THEMIS_NR4A2,c9ALS_vs_sALS,Reactome_2022
prerank,SARS-CoV-2 Activates/Modulates Innate And Adaptive Immune Responses R-HSA-9705671,-0.2508440616742592,-0.9552958156934171,0.5734126984126984,0.673654684162421,1.0,46/101,29.30%,NUP93;IRAK2;NUP210;NUP160;PIK3C3;JAK1;TRIM4;SEC24D;SEC24B;NUP214;NUP133;NUP155;TPR;NUP35;AAAS;NUP205;TAB1;CHUK;IRAK1;HLA-F;IFIH1;IKBKG;NUP85;POM121C;IKBKB;HLA-E;NOD1;SEC23A;PTPN6;MAP3K7;SFTPD;TAB2;TRAF3;SEC13;IL17RA;SAR1B;NUP54;TYK2;NUP107;MAVS;SEC24A;BECN1;NOD2;NUP58;NUP98;ATG14,excitatory_subtypes,Ex_L6_TLE4_CCBE1,c9ALS_vs_sALS,Reactome_2022
prerank,SARS-CoV-2 Activates/Modulates Innate And Adaptive Immune Responses R-HSA-9705671,0.2991338164042429,1.149874922765581,0.1731601731601731,0.6746167348217761,1.0,38/100,23.71%,CREBBP;NUP93;TBK1;LARP1;STAT1;SFTPD;NUP88;IFNAR1;NUP214;NUP42;TPR;NUP153;BECN1;SEC13;NUP155;NUP85;IKBKB;ISG15;NUP160;NUP37;RANBP2;NDC1;NUP133;NUP58;ATG14;SAR1B;NUP50;HLA-E;G3BP2;NUP205;IRAK1;SEC23A;PIK3C3;CHUK;SEC24A;NOD1;SEC24B;MASP1,excitatory_subtypes,Ex_L6_TLE4_MEGF11,sALS_vs_Control,Reactome_2022
prerank,Late Endosomal Microautophagy R-HSA-9615710,0.3330965812205009,1.0135624028051406,0.457680250783699,0.675476582651857,1.0,7/29,12.95%,UBA52;MVB12A;RPS27A;UBB;HDAC6;PLIN2;VPS37D,excitatory_subtypes,Ex_L5_L6_THEMIS_NR4A2,c9ALS_vs_sALS,Reactome_2022
prerank,Mitochondrial Biogenesis R-HSA-1592230,0.263534077072157,0.9958215063528648,0.4726631393298059,0.6765845028684657,1.0,18/86,13.33%,SSBP1;TFAM;IMMT;DMAC2L;NCOA6;GLUD2;DNAJC11;CRTC3;NCOR1;MTERF1;SAMM50;GDNF;TBL1X;PPARA;CHCHD6;ACSS2;MAPK14;TWNK,broad,Glia,sALS_vs_Control,Reactome_2022
prerank,Chaperone Mediated Autophagy R-HSA-9613829,0.4432250830962265,1.2045680521247375,0.2401263823064771,0.6785125328868487,1.0,9/20,22.15%,RPS27A;CFTR;GFAP;PARK7;LAMP2;HSP90AA1;HSPA8;RNASE1;UBA52,broad,Excitatory,c9ALS_vs_Control,Reactome_2022
prerank,Golgi Associated Vesicle Biogenesis R-HSA-432722,0.3546113244550047,1.1794565589021229,0.1703539823008849,0.6842856006269924,1.0,16/49,18.22%,IGF2R;DNAJC6;ARRB1;HOMER2;SH3GL2;GOLGB1;AP1S2;PIK3C2A;GAK;PICALM;CLINT1;AP3B1;TPD52;SORT1;SH3D19;SNX9,excitatory_subtypes,Ex_L6_TLE4_MEGF11,sALS_vs_Control,Reactome_2022
prerank,Chaperone Mediated Autophagy R-HSA-9613829,-0.3575519302865878,-0.9826919307243732,0.4979253112033195,0.6880207360418039,1.0,4/19,6.12%,PLIN2;LAMP2;CFTR;IFT88,glia_subtypes,Glia_Micro,c9ALS_vs_sALS,Reactome_2022
prerank,Mitochondrial tRNA Aminoacylation R-HSA-379726,0.4630528681078859,1.264161853962346,0.1794871794871795,0.6888950241478685,1.0,10/19,23.82%,LARS2;RARS2;CARS2;FARS2;WARS2;AARS2;IARS2;NARS2;PPA2;TARS2,excitatory_subtypes,Ex_L6_TLE4_CCBE1,sALS_vs_Control,Reactome_2022
prerank,Cell Recruitment (Pro-Inflammatory Response) R-HSA-9664424,-0.3280885585776486,-0.9612656166827332,0.5160550458715596,0.6895658825438561,1.0,7/21,16.51%,NLRP3;TXNIP;PSTPIP1;TXN2;GSDMD;P2RX4;NT5E,excitatory_subtypes,Ex_L6_TLE4_MEGF11,c9ALS_vs_Control,Reactome_2022
prerank,Mitochondrial Calcium Ion Transport R-HSA-8949215,-0.3436818855874267,-0.9021594554820864,0.5877862595419847,0.6915668256368501,1.0,10/20,20.63%,PMPCA;STOML2;PHB2;MAIP1;VDAC1;LETM1;MCU;AKAP1;SMDT1;SLC8B1,excitatory_subtypes,Ex_L6_TLE4_CCBE1,sALS_vs_Control,Reactome_2022
prerank,Mitochondrial Biogenesis R-HSA-1592230,0.2972078814955443,1.06876246018638,0.3305439330543933,0.691997310939067,1.0,29/85,21.24%,CALM1;MTX1;IDH2;SAMM50;TWNK;ATP5F1E;SIRT3;TFB1M;NR1D1;ACSS2;HDAC3;DMAC2L;CREBBP;ATP5PF;NCOR1;ATP5PB;PRKAB1;ATP5F1A;SSBP1;MEF2C;TFAM;POLG2;ATP5ME;CHCHD6;GABPA;ATP5MC3;HCFC1;ATP5F1C;ATP5MC2,excitatory_subtypes,Ex_L5_PCP4_NXPH2,c9ALS_vs_Control,Reactome_2022
prerank,Interferon Alpha/Beta Signaling R-HSA-909733,-0.2960441756055812,-1.138154094531299,0.2073578595317725,0.6921758392263964,1.0,9/54,6.97%,PTPN1;KPNA1;PTPN11;SAMHD1;IFNAR1;RNASEL;EGR1;IRF2;JAK1,excitatory_subtypes,Ex_L5_L6_THEMIS_NR4A2,c9ALS_vs_sALS,Reactome_2022
prerank,Synthesis Of PIPs At Early Endosome Membrane R-HSA-1660516,-0.3422910311259097,-0.9561977576287612,0.52,0.6924058193323196,1.0,5/16,15.35%,INPP4B;MTMR10;PIK3R4;PI4K2A;INPP5F,broad,Excitatory,c9ALS_vs_Control,Reactome_2022
prerank,STING Mediated Induction Of Host Immune Responses R-HSA-1834941,0.3513965672058669,0.8911823910692898,0.596745027124774,0.696746715531966,1.0,4/15,13.77%,STAT6;XRCC5;DDX41;STING1,excitatory_subtypes,Ex_L6_TLE4_MEGF11,c9ALS_vs_sALS,Reactome_2022
prerank,Anti-inflammatory Response Favoring Leishmania Infection R-HSA-9662851,0.3038470664608424,1.1745186625900057,0.1384297520661157,0.6968088335815069,1.0,29/128,14.86%,PLCG2;DPEP2;CALCB;NLRP3;PTRH2;GPR39;TSHR;LYN;SYK;RHBDF2;PRKCA;ADRB2;CALCR;IL10;IL6;ITPR2;ADCY7;CD163;ADM;RXFP1;SCTR;PRKX;GIPR;GNG7;PLCG1;ADCYAP1;MYH9;GNB4;PRKAR2B,glia_subtypes,Glia_Micro,sALS_vs_Control,Reactome_2022
prerank,Transcriptional Activation Of Mitochondrial Biogenesis R-HSA-2151201,-0.2560817339058204,-0.9504599735060436,0.5379061371841155,0.6981746918921724,1.0,15/51,18.59%,CRTC2;CARM1;CRTC1;NR1D1;RXRA;ESRRA;MBD4;PPRC1;SIRT3;NRF1;MEF2D;HCFC1;CAMK4;TBL1XR1;POLRMT,excitatory_subtypes,Ex_L5_L6_THEMIS_TMEM233,c9ALS_vs_Control,Reactome_2022
prerank,FCGR3A-mediated Phagocytosis R-HSA-9664422,-0.2722942406027083,-0.9005349882088786,0.6619469026548672,0.6986531382742357,1.0,11/55,12.10%,BAIAP2;ACTG1;NCKIPSD;BRK1;MAPK1;MAPK3;ARPC5;SRC;MYO9B;CD247;CRK,excitatory_subtypes,Ex_L6_TLE4_MEGF11,sALS_vs_Control,Reactome_2022
prerank,FCGR3A-mediated Phagocytosis R-HSA-9664422,0.3497117909368752,1.162390127014401,0.2126436781609195,0.7033929773625468,1.0,18/56,14.52%,CYFIP1;VAV3;WASF2;ELMO1;BTK;VAV2;LYN;VAV1;NCKAP1L;CDC42;SYK;MYO1E;ABL1;DOCK1;WIPF1;NCK1;NCKAP1;MYH9,glia_subtypes,Glia_Micro,sALS_vs_Control,Reactome_2022
prerank,FCGR3A-mediated Phagocytosis R-HSA-9664422,-0.2614219546457693,-0.8962523750811509,0.6502242152466368,0.7038104342734729,1.0,11/56,13.67%,NCKIPSD;MAPK3;ACTG1;BAIAP2;MAPK1;HCK;WASL;BRK1;CYFIP2;CRK;ARPC5,excitatory_subtypes,Ex_L5_L6_THEMIS_TMEM233,sALS_vs_Control,Reactome_2022
prerank,STING Mediated Induction Of Host Immune Responses R-HSA-1834941,0.4107095826210001,1.0139904374112754,0.4384328358208955,0.7039307183491988,1.0,6/15,15.24%,NLRC3;PRKDC;XRCC6;XRCC5;MRE11;TBK1,excitatory_subtypes,Ex_L6_TLE4_CCBE1,c9ALS_vs_Control,Reactome_2022
prerank,COPII-mediated Vesicle Transport R-HSA-204005,-0.2517952305077193,-0.9415885379660176,0.5818713450292398,0.7045909287294485,1.0,15/65,15.25%,PREB;GRIA1;SEC22B;YKT6;SEC24B;RAB1B;F8;SEC24C;TGFA;CTSC;TRAPPC2L;TFG;SEC23IP;SCFD1;SEC24D,broad,Inhibitory,c9ALS_vs_Control,Reactome_2022
prerank,Mitochondrial Biogenesis R-HSA-1592230,0.3267444661267392,1.1712157111147616,0.1967005076142132,0.705334015183367,1.0,25/86,19.05%,ATP5ME;ATP5F1E;IMMT;ATP5PF;CALM1;SSBP1;HDAC3;ATP5PB;ATP5F1C;ATP5MC1;TFAM;CYCS;ATP5MC3;GDNF;DMAC2L;ATP5PD;CHCHD6;LIN9;MEF2C;APOO;GLUD2;ATP5MC2;CREB1;TWNK;SAMM50,broad,Excitatory,c9ALS_vs_Control,Reactome_2022
prerank,Transcriptional Activation Of Mitochondrial Biogenesis R-HSA-2151201,-0.2504217023346611,-0.947161314702971,0.5764705882352941,0.7072528672237706,1.0,13/52,13.40%,CRTC2;RXRA;PPARA;ESRRA;CARM1;TBL1X;GLUD1;CHD9;MTERF1;SIRT5;SMARCD3;PPRC1;NCOA2,broad,Excitatory,c9ALS_vs_Control,Reactome_2022
prerank,ADORA2B Mediated Anti-Inflammatory Cytokine Production R-HSA-9660821,0.2453799233291683,0.945509813264844,0.6117424242424242,0.7086187521399011,1.0,24/98,17.60%,RXFP1;GPR39;LHB;CALCB;ADCY1;PRKAR2B;GNG3;PTRH2;TSHR;ADCYAP1;GNG2;HTR7;VIPR2;PRKAR1B;PTGDR;ADRB2;PRKX;GNB5;GNB4;NPSR1;IL6;CHGA;POMC;GPR27,glia_subtypes,Glia_Micro,c9ALS_vs_Control,Reactome_2022
prerank,FCGR3A-mediated Phagocytosis R-HSA-9664422,-0.2942737906184559,-1.1297557959156457,0.2413793103448276,0.708679885762787,1.0,23/53,22.74%,ELMO1;VAV3;ELMO2;WIPF2;WIPF1;MYO5A;VAV2;WASF2;CD247;ABI1;MYO9B;FYN;NCKAP1L;PTK2;CDC42;NCK1;CYFIP1;WASF1;NCKIPSD;ABI2;DOCK1;MYH9;HCK,excitatory_subtypes,Ex_L5_L6_THEMIS_NR4A2,c9ALS_vs_sALS,Reactome_2022
prerank,Selective Autophagy R-HSA-9663891,0.2828539432064246,0.9765152694797716,0.5,0.708737396556178,1.0,13/54,13.65%,UBA52;TOMM70;PGAM5;TOMM7;HSF1;RPS27A;TOMM22;UBB;TOMM40;HDAC6;PLIN2;USP30;SQSTM1,excitatory_subtypes,Ex_L5_L6_THEMIS_NR4A2,c9ALS_vs_sALS,Reactome_2022
prerank,Anti-inflammatory Response Favoring Leishmania Infection R-HSA-9662851,0.2333820071344573,0.9396241372800972,0.6365384615384615,0.7096664510712614,1.0,32/129,17.69%,PLCG2;RXFP1;PLK2;GPR39;LHB;CALCB;CALM1;ADCY1;PRKAR2B;GNG3;PTRH2;MYH9;TSHR;ADCYAP1;LYN;GNG2;HTR7;DPEP2;VIPR2;PRKAR1B;IL10;PTGDR;ADRB2;PRKX;GNB5;GNB4;NPSR1;IL6;CHGA;POMC;GPR27;RHBDF2,glia_subtypes,Glia_Micro,c9ALS_vs_Control,Reactome_2022
prerank,Lysosome Vesicle Biogenesis R-HSA-432720,-0.2855888901891568,-0.9398065065657166,0.5607142857142857,0.7117742241228887,1.0,10/31,18.76%,HGS;AP1G2;AP4E1;DNAJC6;AP1M1;AP4S1;AP1B1;DNM2;CLVS1;APP,excitatory_subtypes,Ex_L5_L6_THEMIS_TMEM233,c9ALS_vs_Control,Reactome_2022
prerank,Interferon Gamma Signaling R-HSA-877300,-0.2437741245116245,-0.8920179566252497,0.6857142857142857,0.7139355179257664,1.0,13/72,15.68%,B2M;CAMK2B;HLA-C;TRIM3;TRIM68;TRIM46;PML;PRKCD;HLA-B;HLA-F;TRIM35;CAMK2D;MID1,excitatory_subtypes,Ex_L5_L6_THEMIS_NR4A2,sALS_vs_Control,Reactome_2022
prerank,Chaperone Mediated Autophagy R-HSA-9613829,0.3744732413680862,1.0315567139484607,0.4390651085141903,0.7156527486764152,1.0,6/19,17.36%,LAMP2;RPS27A;PCNT;PARK7;UBA52;CFTR,broad,Glia,c9ALS_vs_Control,Reactome_2022
prerank,Interferon Signaling R-HSA-913531,-0.2015375223430728,-0.9331043663553434,0.7299270072992701,0.7194365144045654,1.0,24/186,8.25%,MID1;BCL11B;SP100;IFI35;CAMK2D;IRF9;SOCS3;PTPN6;TRIM21;EGR1;HLA-F;PML;HLA-B;SOCS1;UBA7;FLNA;TRIM26;AAAS;SGIP1;OAS2;STAT2;NEDD4;TRIM3;TYK2,broad,Excitatory,c9ALS_vs_Control,Reactome_2022
prerank,DDX58/IFIH1-mediated Induction Of Interferon-Alpha/Beta R-HSA-168928,-0.2328775881346345,-0.9310187797221878,0.6290322580645161,0.7216943827744667,1.0,22/74,23.69%,TNFAIP3;TANK;IFIH1;TRAF3;UBA7;IKBKG;AGER;IKBKE;NKIRAS2;ATG12;HMGB1;RNF216;NLRC5;CASP10;OTUD5;TRAF6;HERC5;IFNA2;UBC;RELA;APP;TKFC,broad,Excitatory,c9ALS_vs_Control,Reactome_2022
prerank,Golgi Associated Vesicle Biogenesis R-HSA-432722,-0.2980547198165904,-1.121103256829053,0.2603174603174603,0.7271809114570248,1.0,10/49,7.50%,SH3D19;SORT1;AP4B1;GAK;HOMER2;VAMP8;CLTC;AP1G1;TPD52;DNM2,excitatory_subtypes,Ex_L5_L6_THEMIS_NR4A2,c9ALS_vs_sALS,Reactome_2022
prerank,Selective Autophagy R-HSA-9663891,0.3638560484876514,1.2351742183077212,0.1424,0.728181273176584,1.0,15/55,15.66%,TOMM7;NBR1;RPS27A;CFTR;SQSTM1;VDAC1;PARK7;DYNLL1;PINK1;USP30;TOMM70;TOMM20;DYNC1LI1;HSPA8;FUNDC1,broad,Inhibitory,c9ALS_vs_Control,Reactome_2022
prerank,Mitochondrial Fatty Acid Beta-Oxidation R-HSA-77289,0.368868981039925,1.1727751635793393,0.2237762237762237,0.7291259887923877,1.0,18/36,28.28%,ACSM6;ACADM;ACBD6;ACOT2;ACAA2;DBI;PCCB;ACOT11;ACSM3;ACOT12;HADH;ACOT13;MCEE;THEM5;MMUT;MECR;NDUFAB1;MCAT,excitatory_subtypes,Ex_L6_TLE4_MEGF11,c9ALS_vs_Control,Reactome_2022
prerank,Mitochondrial Fatty Acid Beta-Oxidation R-HSA-77289,0.3562537806246998,1.0854043340993789,0.3393213572854291,0.7328287940615147,1.0,10/34,11.91%,ACSF2;ACAD10;MCEE;HADHA;PCCA;MMUT;HADH;ACSM3;PCTP;MECR,glia_subtypes,Glia_Micro,sALS_vs_Control,Reactome_2022
prerank,DDX58/IFIH1-mediated Induction Of Interferon-Alpha/Beta R-HSA-168928,-0.2450043021373692,-0.9266624705631096,0.5972222222222222,0.7337027448726766,1.0,15/67,15.84%,AGER;RNF135;NKIRAS2;TRAF6;IKBKE;TNFAIP3;NLRC5;IFIH1;TANK;TKFC;IKBKG;ISG15;UBE2D1;PCBP2;RELA,broad,Inhibitory,c9ALS_vs_Control,Reactome_2022
prerank,Fcgamma Receptor (FCGR) Dependent Phagocytosis R-HSA-2029480,-0.2362277902995891,-0.9303579273092906,0.6288659793814433,0.7352560591161902,1.0,19/80,17.85%,CYFIP1;MAPK3;PLD3;LIMK1;PLCG2;ELMO1;PIK3CA;WIPF1;ACTG1;PLCG1;ELMO2;VAV3;WIPF3;PRKCSH;SRC;PRKCD;AHCYL1;DOCK1;MYH9,excitatory_subtypes,Ex_L6_TLE4_MEGF11,c9ALS_vs_Control,Reactome_2022
prerank,STING Mediated Induction Of Host Immune Responses R-HSA-1834941,0.3469850604184133,0.8866615316784803,0.615234375,0.7359658402733863,1.0,7/15,30.87%,DDX41;XRCC5;NLRC3;IRF3;STING1;MRE11;CGAS,glia_subtypes,Glia_Micro,c9ALS_vs_sALS,Reactome_2022
prerank,Phase 4 - Resting Membrane Potential R-HSA-5576886,-0.3411433743525471,-0.8770923893739293,0.6322314049586777,0.7367556214984365,1.0,6/17,17.16%,KCNJ4;KCNJ14;KCNK12;KCNK7;KCNK6;KCNK1,excitatory_subtypes,Ex_L5_L6_THEMIS_TMEM233,sALS_vs_Control,Reactome_2022
prerank,SARS-CoV-2 Activates/Modulates Innate And Adaptive Immune Responses R-HSA-9705671,0.2757287243777295,1.0313709970178155,0.4027210884353741,0.738305499278655,1.0,30/102,21.85%,NUP160;TLR1;STAT1;IFNAR1;IKBKB;IRF3;TRIM4;SFTPD;HSP90AB1;TKFC;TRIM25;PTPN6;TPR;TLR2;CREBBP;HSP90AA1;TLR7;TOMM70;G3BP2;SEC13;NUP37;NUP50;NUP88;NUP155;RNF135;UBE2N;JAK1;BECN1;SEC24D;B2M,excitatory_subtypes,Ex_L5_PCP4_NXPH2,c9ALS_vs_Control,Reactome_2022
prerank,Synthesis Of PIPs At Early Endosome Membrane R-HSA-1660516,-0.3359473406300295,-0.8765703417746903,0.6184738955823293,0.7384404863177267,1.0,5/16,14.14%,PI4K2A;INPP4B;FIG4;PIK3C2A;MTMR12,glia_subtypes,Glia_Micro,sALS_vs_Control,Reactome_2022
prerank,Synthesis Of PIPs At Early Endosome Membrane R-HSA-1660516,-0.3642839518524007,-0.9594102339863844,0.476,0.738555800824953,1.0,3/16,6.73%,MTMR2;MTMR10;PIKFYVE,glia_subtypes,Glia_Micro,c9ALS_vs_sALS,Reactome_2022
prerank,Chaperone Mediated Autophagy R-HSA-9613829,-0.3431374319969025,-0.874452486860725,0.6353383458646616,0.7393832779505107,1.0,6/19,10.96%,EEF1A1;HSP90AB1;UBA52;UBB;UBC;HSP90AA1,excitatory_subtypes,Ex_L6_TLE4_CCBE1,sALS_vs_Control,Reactome_2022
prerank,Phase 4 - Resting Membrane Potential R-HSA-5576886,-0.3658138913678614,-0.9518501275458476,0.5185185185185185,0.7397213345166429,1.0,6/16,19.45%,KCNJ2;KCNK10;KCNK3;KCNK6;KCNK9;KCNK7,glia_subtypes,Glia_Micro,c9ALS_vs_sALS,Reactome_2022
prerank,Golgi Associated Vesicle Biogenesis R-HSA-432722,0.3002052422926878,0.9958309683885004,0.469811320754717,0.7423022183363938,1.0,17/49,23.72%,ARRB1;BLOC1S4;TGOLN2;TFRC;YIPF6;IGF2R;SH3GL2;DTNBP1;AP1S1;ACBD3;GAK;CLINT1;PIK3C2A;SNX9;HSPA8;CLTC;AP1B1,excitatory_subtypes,Ex_L6_TLE4_CCBE1,c9ALS_vs_Control,Reactome_2022
prerank,SARS-CoV-2 Activates/Modulates Innate And Adaptive Immune Responses R-HSA-9705671,0.2655371832119615,0.9914641525754506,0.4904347826086956,0.742505801666595,1.0,32/102,23.83%,STAT1;NUP42;KPNA2;SFTPD;MAVS;IFNAR1;ATG14;MASP1;PTPN11;NUP88;TAB3;LARP1;TKFC;NUP50;CHUK;NUP98;TBK1;NDC1;SEC13;TRAF3;NLRP12;CREBBP;HLA-B;POM121;NUP214;IL17F;NUP58;RANBP2;NUP37;JAK1;NUP107;MASP2,excitatory_subtypes,Ex_L6_TLE4_CCBE1,c9ALS_vs_Control,Reactome_2022
prerank,Late Endosomal Microautophagy R-HSA-9615710,-0.3072310170043874,-0.8685685061641091,0.6873889875666075,0.7472043644008254,1.0,7/30,8.37%,CHMP4B;CHMP2A;UBA52;VPS28;VPS37D;UBB;UBC,excitatory_subtypes,Ex_L6_TLE4_CCBE1,sALS_vs_Control,Reactome_2022
prerank,Lysosome Vesicle Biogenesis R-HSA-432720,-0.3066887702066262,-0.9296833368390308,0.5944798301486199,0.7549336417367993,1.0,6/31,7.58%,DNAJC6;ARRB1;AP4S1;DNM2;AP1B1;APP,glia_subtypes,Glia_Micro,c9ALS_vs_sALS,Reactome_2022
prerank,Mitochondrial Fatty Acid Beta-Oxidation R-HSA-77289,-0.2815893309743194,-0.9504308260647492,0.5457317073170732,0.7558765151676979,1.0,6/34,7.51%,ACOT12;ACADVL;ACBD6;MCEE;HADH;PCTP,excitatory_subtypes,Ex_L5_PCP4_NXPH2,c9ALS_vs_Control,Reactome_2022
prerank,COPII-mediated Vesicle Transport R-HSA-204005,0.3194355793267854,1.101154283674535,0.3186666666666666,0.7565289176451447,1.0,21/65,22.33%,MCFD2;TBC1D20;TMED2;SEC22C;TRAPPC4;GOLGA2;SEC23A;TRAPPC3;LMAN1;SEC13;CTSC;STX17;F5;PPP6R1;TRAPPC10;TRAPPC6A;SAR1B;CTSZ;SEC24A;CNIH1;TFG,broad,Excitatory,c9ALS_vs_Control,Reactome_2022
prerank,Anti-inflammatory Response Favoring Leishmania Infection R-HSA-9662851,-0.2194995105180432,-0.9444636974291876,0.57421875,0.7596500528588566,1.0,15/122,8.59%,NLRP3;ITPR2;RHBDF2;PRKAR2A;MAPK14;GNGT2;GNB2;PRKAR1B;SCTR;HTR4;VIPR2;CD163;GNG3;RAMP3;GPR176,excitatory_subtypes,Ex_L5_PCP4_NXPH2,c9ALS_vs_Control,Reactome_2022
prerank,Cell Recruitment (Pro-Inflammatory Response) R-HSA-9664424,-0.3173861564697854,-0.930767906883519,0.554,0.7601693860697274,1.0,9/24,19.10%,PSTPIP1;NLRP3;P2RX7;MEFV;TXNIP;CASP1;HMOX1;NFKB2;IL18,glia_subtypes,Glia_Micro,c9ALS_vs_sALS,Reactome_2022
prerank,STING Mediated Induction Of Host Immune Responses R-HSA-1834941,0.3595577038210463,0.9160999009396305,0.589247311827957,0.765493894724158,1.0,4/15,9.92%,PRKDC;MRE11;TBK1;NLRC3,broad,Inhibitory,sALS_vs_Control,Reactome_2022
prerank,FCGR3A-mediated Phagocytosis R-HSA-9664422,-0.2548433700938984,-0.881788748089508,0.6624737945492662,0.7663617828224412,1.0,15/56,17.38%,FYN;DOCK1;RNASE1;PTK2;MAPK3;ARPC2;ARPC1B;MYO5A;CRK;FGR;HCK;WASF3;SRC;ARPC5;ABI2,glia_subtypes,Glia_Micro,c9ALS_vs_Control,Reactome_2022
prerank,ADORA2B Mediated Anti-Inflammatory Cytokine Production R-HSA-9660821,0.2698996463760284,1.0065140722986423,0.4444444444444444,0.7708972726070669,1.0,20/97,15.73%,CALCB;NLRP3;PTRH2;GPR39;TSHR;PRKCA;ADRB2;CALCR;IL6;ADCY7;ADM;RXFP1;SCTR;PRKX;GIPR;GNG7;ADCYAP1;GNB4;PRKAR2B;ADCY1,glia_subtypes,Glia_Micro,sALS_vs_Control,Reactome_2022
prerank,Interferon Alpha/Beta Signaling R-HSA-909733,0.2580470131508314,0.8650572226350709,0.7224489795918367,0.7728558973295766,1.0,11/55,13.59%,IFIT1;MX2;OAS3;USP18;ADAR;IFIT2;HLA-B;KPNB1;OAS1;IP6K2;OASL,excitatory_subtypes,Ex_L6_TLE4_CCBE1,c9ALS_vs_sALS,Reactome_2022
prerank,COPII-mediated Vesicle Transport R-HSA-204005,-0.2433528939097735,-0.9324065099401828,0.6272189349112426,0.7733408236553312,1.0,17/61,17.67%,SEC24C;SEC22B;TGFA;PPP6C;TRAPPC9;SEC22A;GRIA1;TRAPPC1;SCFD1;CNIH3;SEC31A;USO1;GORASP1;SEC23IP;ANKRD28;COL7A1;TFG,excitatory_subtypes,Ex_L5_PCP4_NXPH2,c9ALS_vs_Control,Reactome_2022
prerank,SARS-CoV-2 Activates/Modulates Innate And Adaptive Immune Responses R-HSA-9705671,0.318526682037852,1.178718018207743,0.1443850267379679,0.775621180665778,1.0,37/102,21.95%,SFTPD;STAT1;JAK1;PIK3C3;MAVS;NUP214;ATG14;CHUK;NUP93;IFNAR1;NUP42;NUP88;MASP1;NUP160;NUP133;SEC13;NUP98;TBK1;SEC24D;TRAF3;PTPN11;IKBKB;TRIM4;NUP37;IFIH1;NUP58;NUP107;LARP1;NDC1;MAP3K7;CREBBP;TAB3;SEC24A;NUP210;NUP155;TLR2;POM121C,excitatory_subtypes,Ex_L6_TLE4_CCBE1,sALS_vs_Control,Reactome_2022
prerank,Interferon Signaling R-HSA-913531,0.2878415262168114,1.1597056110137098,0.1513828238719068,0.7758513036628035,1.0,42/175,18.42%,HLA-DPA1;STAT1;NUP160;IFNAR1;CAMK2A;KPNB1;HLA-DRB1;PTPN2;RPS27A;GBP2;IRF1;IFIT3;FLNB;IFNGR2;CAMK2B;NUP88;TRIM25;NUP133;NUP107;KPNA5;ICAM1;IFI6;IFITM3;HERC5;NUP153;NUP155;EIF4E2;USP18;GBP1;JAK1;IRF8;GNL3;TRIM17;IFIT2;NUP37;NUP93;MT2A;HLA-DRA;ISG20;HLA-F;TRIM14;PLCG1,broad,Inhibitory,c9ALS_vs_Control,Reactome_2022
prerank,Fcgamma Receptor (FCGR) Dependent Phagocytosis R-HSA-2029480,-0.2470115128219845,-0.8980854802395295,0.6632653061224489,0.7784130117066301,1.0,19/80,14.16%,DOCK1;FYN;ELMO1;VAV1;VAV3;PTK2;FGR;ABL1;HCK;PLCG1;WIPF1;NCKAP1;MYO5A;SYK;NCKAP1L;FCGR1A;PRKCSH;ITPR2;PRKCD,glia_subtypes,Glia_Micro,c9ALS_vs_sALS,Reactome_2022
prerank,Phase 4 - Resting Membrane Potential R-HSA-5576886,-0.3279591940856109,-0.8513619897790112,0.6902286902286903,0.7809602606682845,1.0,7/17,22.30%,KCNJ4;KCNJ12;KCNK7;KCNJ14;KCNK12;KCNK6;KCNK3,excitatory_subtypes,Ex_L6_TLE4_MEGF11,sALS_vs_Control,Reactome_2022
prerank,Mitochondrial Fatty Acid Beta-Oxidation R-HSA-77289,0.2869255529198711,0.9213168634519192,0.5716845878136201,0.7815557944665003,1.0,13/36,20.41%,MCEE;PCCB;ACAD10;MECR;MMUT;ACSM3;ACADM;ACOT13;HADHA;PCCA;ACOT2;NDUFAB1;ACSM6,broad,Glia,sALS_vs_Control,Reactome_2022
prerank,Lysosome Vesicle Biogenesis R-HSA-432720,0.2885289554531425,0.8922082841556075,0.6154970760233918,0.7823528857714906,1.0,5/31,8.38%,AP1S3;AP1G2;HGS;CLVS1;AP1B1,excitatory_subtypes,Ex_L5_L6_THEMIS_NR4A2,c9ALS_vs_sALS,Reactome_2022
prerank,Autophagy R-HSA-9612973,0.2306026108106232,0.9009794903135808,0.6825192802056556,0.782569922985307,1.0,23/120,13.66%,UBA52;TOMM70;PGAM5;MLST8;TOMM7;EEF1A1;RHEB;MVB12A;HSF1;ATG9B;RPS27A;TOMM22;UBB;TOMM40;HDAC6;ATG9A;ATG4B;PLIN2;LAMTOR2;USP30;VPS37D;SQSTM1;ATG13,excitatory_subtypes,Ex_L5_L6_THEMIS_NR4A2,c9ALS_vs_sALS,Reactome_2022
prerank,Transcriptional Activation Of Mitochondrial Biogenesis R-HSA-2151201,-0.2682393304577652,-0.9033057815215568,0.6270161290322581,0.7870812017177462,1.0,17/51,19.14%,TBL1X;SSBP1;CRTC3;POLG2;GDNF;TFAM;NRF1;CREBBP;SIRT5;PPARA;ALAS1;TWNK;NR1D1;NCOA6;CHD9;ACSS2;MTERF1,glia_subtypes,Glia_Micro,c9ALS_vs_sALS,Reactome_2022
prerank,Fcgamma Receptor (FCGR) Dependent Phagocytosis R-HSA-2029480,-0.2488855627451696,-1.0162089217220638,0.4352517985611511,0.7894504191374541,1.0,31/79,22.74%,ITPR1;PRKCE;ELMO1;VAV3;ELMO2;PLD2;WIPF2;WIPF1;MYO5A;VAV2;WASF2;CD247;ABI1;MYO9B;FYN;PLCG2;NCKAP1L;PTK2;CDC42;PKN1;NCK1;CYFIP1;WASF1;FCGR2A;NCKIPSD;PIK3R1;ABI2;DOCK1;PRKCD;MYH9;HCK,excitatory_subtypes,Ex_L5_L6_THEMIS_NR4A2,c9ALS_vs_sALS,Reactome_2022
prerank,Mitochondrial Calcium Ion Transport R-HSA-8949215,-0.3070840768064424,-0.9161615155123134,0.6042780748663101,0.7906049056917832,1.0,5/20,12.16%,SLC8B1;SPG7;MCU;MCUB;MAIP1,excitatory_subtypes,Ex_L5_PCP4_NXPH2,c9ALS_vs_Control,Reactome_2022
prerank,Response Of Mtb To Phagocytosis R-HSA-9637690,-0.3038397375495608,-0.8931633047000429,0.6082949308755761,0.790831732517051,1.0,2/20,2.68%,HGS;MAPK3,excitatory_subtypes,Ex_L6_TLE4_MEGF11,c9ALS_vs_Control,Reactome_2022
prerank,Mitochondrial Calcium Ion Transport R-HSA-8949215,-0.3109567477665808,-0.843197146597259,0.6857707509881423,0.7914493276943263,1.0,8/20,20.32%,PMPCA;STOML2;LETM1;PHB2;SPG7;MCU;VDAC1;SLC8B1,excitatory_subtypes,Ex_L6_TLE4_MEGF11,sALS_vs_Control,Reactome_2022
prerank,Role Of Phospholipids In Phagocytosis R-HSA-2029485,-0.3067568693053853,-0.8912376618193408,0.6403940886699507,0.792832381970753,1.0,7/21,17.03%,PLD3;PLCG2;PIK3CA;PLCG1;PRKCSH;PRKCD;AHCYL1,excitatory_subtypes,Ex_L6_TLE4_MEGF11,c9ALS_vs_Control,Reactome_2022
prerank,Mitochondrial Fatty Acid Beta-Oxidation R-HSA-77289,-0.2989710506781955,-1.0298678558020675,0.3819875776397515,0.7957036902843386,1.0,9/33,13.87%,ACOT11;HADHB;PCCB;PCTP;HADH;ACOT2;ACBD6;ACAD10;MCAT,excitatory_subtypes,Ex_L5_L6_THEMIS_NR4A2,c9ALS_vs_sALS,Reactome_2022
prerank,Mitochondrial Calcium Ion Transport R-HSA-8949215,0.4059587203728492,1.0658234893185694,0.368815592203898,0.7969453749711091,1.0,10/20,22.92%,AFG3L2;SMDT1;MICU3;AKAP1;VDAC2;STOML2;VDAC1;MICU2;YME1L1;PMPCB,excitatory_subtypes,Ex_L5_L6_THEMIS_TMEM233,c9ALS_vs_Control,Reactome_2022
prerank,Phase 4 - Resting Membrane Potential R-HSA-5576886,-0.3483249375496403,-1.0280092520316786,0.4011142061281337,0.7969940413985421,1.0,2/15,2.02%,KCNK9;KCNJ12,excitatory_subtypes,Ex_L5_L6_THEMIS_NR4A2,c9ALS_vs_sALS,Reactome_2022
prerank,Mitochondrial tRNA Aminoacylation R-HSA-379726,0.3667328407438241,0.9899220669592534,0.4913657770800628,0.7979769210012058,1.0,5/19,14.16%,DTD1;EARS2;NARS2;KARS1;YARS2,excitatory_subtypes,Ex_L5_PCP4_NXPH2,c9ALS_vs_Control,Reactome_2022
prerank,Mitochondrial Fatty Acid Beta-Oxidation R-HSA-77289,0.3921657592507963,1.195410267650573,0.1771300448430493,0.7985497374231657,1.0,11/36,12.96%,PCCA;ACOT11;ACOT13;MCEE;PCCB;ACSM3;ACSM6;ACADM;PCTP;HADHB;DECR1,excitatory_subtypes,Ex_L6_TLE4_CCBE1,sALS_vs_Control,Reactome_2022
prerank,Transcriptional Activation Of Mitochondrial Biogenesis R-HSA-2151201,0.278822758305374,0.9563432639815768,0.5452674897119342,0.7990819942734736,1.0,16/51,16.10%,SSBP1;PPARA;POLG2;PPARGC1B;GDNF;MTERF1;PPARGC1A;CHD9;NCOA6;SMARCD3;TWNK;CREBBP;NCOR1;NR1D1;TBL1XR1;TBL1X,glia_subtypes,Glia_Micro,sALS_vs_Control,Reactome_2022
prerank,Phase 4 - Resting Membrane Potential R-HSA-5576886,-0.2903752522851424,-0.8316660421430502,0.740506329113924,0.8042930623843345,1.0,6/18,18.57%,KCNK6;KCNK13;KCNJ14;KCNK7;KCNK17;KCNK2,broad,Glia,sALS_vs_Control,Reactome_2022
prerank,COPII-mediated Vesicle Transport R-HSA-204005,0.3001504095667538,1.0550036236032467,0.3548387096774194,0.8042971860676382,1.0,22/63,27.47%,MCFD2;GRIA1;SCFD1;CNIH3;TRAPPC2L;CNIH1;NAPG;F5;SEC24A;GORASP1;PPP6R1;STX17;SEC24B;F8;LMAN2L;SEC13;PPP6R3;TBC1D20;GOLGA2;PPP6C;SEC31A;SEC22B,excitatory_subtypes,Ex_L6_TLE4_MEGF11,c9ALS_vs_Control,Reactome_2022
prerank,FCGR3A-mediated Phagocytosis R-HSA-9664422,0.3025560061453384,1.0151170163782888,0.3899082568807339,0.8046087495315596,1.0,19/55,15.54%,FYN;MYO5A;GRB2;ELMO2;CDC42;ELMO1;VAV3;PTK2;HCK;RNASE1;ABL1;FGR;NCKAP1L;ABI1;WIPF1;WIPF3;DOCK1;MYH9;MYO1E,excitatory_subtypes,Ex_L6_TLE4_CCBE1,sALS_vs_Control,Reactome_2022
prerank,Mitochondrial Fatty Acid Beta-Oxidation R-HSA-77289,0.2797737768394234,0.8779994261837493,0.673728813559322,0.8079730082541722,1.0,14/35,21.93%,PCCB;ACOT11;ACAD10;HADHA;HADH;MCEE;THEM4;ACOT12;ACADL;ACOT13;ACOT2;ACSM6;DECR1;MECR,broad,Inhibitory,sALS_vs_Control,Reactome_2022
prerank,Synthesis Of PIPs At Early Endosome Membrane R-HSA-1660516,-0.3197523745423278,-0.8735143682276073,0.6032110091743119,0.8089907716571589,1.0,7/16,22.43%,MTMR10;PIK3R4;PI4K2A;PIK3C3;PI4K2B;MTM1;INPP5F,broad,Inhibitory,c9ALS_vs_Control,Reactome_2022
prerank,ADORA2B Mediated Anti-Inflammatory Cytokine Production R-HSA-9660821,0.2582876187075311,0.959909400963392,0.536723163841808,0.8097691590427405,1.0,11/95,8.19%,FSHR;VIPR1;TSHR;CRHR2;PTRH2;CRH;ADCY9;GNB4;GNB5;GNAI1;GNG2,excitatory_subtypes,Ex_L5_PCP4_NXPH2,c9ALS_vs_Control,Reactome_2022
prerank,Cell Recruitment (Pro-Inflammatory Response) R-HSA-9664424,0.3563161623093445,0.9692867180248674,0.4843492586490939,0.8106670620626996,1.0,7/19,17.63%,SUGT1;IL18;ENTPD5;HSP90AB1;NT5E;ENTPD1;C3,excitatory_subtypes,Ex_L5_PCP4_NXPH2,c9ALS_vs_Control,Reactome_2022
prerank,FCGR3A-mediated Phagocytosis R-HSA-9664422,0.2829394321084371,0.9657570577262696,0.5103244837758112,0.8126569643672099,1.0,19/54,25.52%,VAV3;BAIAP2;DOCK1;GRB2;ACTR3;RNASE1;WAS;BRK1;CDC42;ARPC2;ACTR2;NCKAP1;NCK1;WIPF1;MAPK1;ARPC5;WIPF2;ABI2;WIPF3,excitatory_subtypes,Ex_L5_PCP4_NXPH2,c9ALS_vs_Control,Reactome_2022
prerank,Macroautophagy R-HSA-1632852,0.2930120921269982,1.0995292646617725,0.2556732223903177,0.8135909596921916,1.0,31/108,20.76%,TOMM7;RRAGB;NBR1;RPS27A;CFTR;TSC1;GABARAPL2;SQSTM1;VDAC1;RRAGD;PARK7;DYNLL1;PINK1;USP30;TOMM70;TOMM20;DYNC1LI1;HSPA8;FUNDC1;MTMR14;ATG14;WIPI2;CHMP4C;LAMTOR2;CHMP2B;ATG5;DYNC1LI2;BECN1;LAMTOR3;RRAGA;CHMP2A,broad,Inhibitory,c9ALS_vs_Control,Reactome_2022
prerank,Interferon Gamma Signaling R-HSA-877300,0.2728092968513442,0.9696523277268194,0.5343065693430656,0.8155851599003242,1.0,22/74,26.24%,STAT1;TRIM5;IRF1;IFNGR2;PTPN2;IRF3;MT2A;TRIM25;PTPN6;TRIM17;GBP2;IRF2;SUMO1;JAK1;B2M;TRIM14;GBP6;TRIM45;TRIM35;PTAFR;GBP7;HLA-DPA1,excitatory_subtypes,Ex_L5_PCP4_NXPH2,c9ALS_vs_Control,Reactome_2022
prerank,Mitochondrial Calcium Ion Transport R-HSA-8949215,0.3130158703544591,0.8809236611994373,0.6319569120287253,0.816900436529464,1.0,4/20,9.65%,AFG3L2;MICU2;YME1L1;MICU3,broad,Glia,sALS_vs_Control,Reactome_2022
prerank,DDX58/IFIH1-mediated Induction Of Interferon-Alpha/Beta R-HSA-168928,-0.2442201970603336,-0.8605645114537592,0.7306889352818372,0.8171250044601418,1.0,14/65,13.01%,IKBKB;PDZD2;CASP8;ITCH;MAP3K1;RNF216;S100B;AGER;APP;ATG5;RIPK1;CREBBP;CASP10;IFIH1,glia_subtypes,Glia_Micro,c9ALS_vs_sALS,Reactome_2022
prerank,Selective Autophagy R-HSA-9663891,0.2868997052892166,0.974078994721585,0.5115562403697997,0.8174906727815361,1.0,19/56,22.68%,TOMM7;PINK1;TOMM20;RPS27A;TOMM70;PCNT;PARK7;FUNDC1;DYNC1LI1;UBA52;CFTR;VDAC1;DYNC1H1;TOMM40;MFN1;SQSTM1;DYNC1LI2;ATM;TOMM22,broad,Glia,c9ALS_vs_Control,Reactome_2022
prerank,Mitochondrial tRNA Aminoacylation R-HSA-379726,0.3706140855115455,1.04288145248038,0.4058721934369603,0.817790609238381,1.0,8/19,17.88%,FARS2;IARS2;GARS1;NARS2;DTD1;AARS2;RARS2;PARS2,excitatory_subtypes,Ex_L6_TLE4_MEGF11,c9ALS_vs_Control,Reactome_2022
prerank,DDX58/IFIH1-mediated Induction Of Interferon-Alpha/Beta R-HSA-168928,0.2700966770884322,0.9609073458601416,0.5233333333333333,0.8178162645904647,1.0,20/66,21.15%,CREBBP;ITCH;MAP3K1;CASP8;EP300;TAX1BP1;UBE2D3;RPS27A;ISG15;UBE2K;TBK1;UBE2D1;UBE2D2;HERC5;HSP90AB1;ATG5;HSP90AA1;TOMM70;TRIM25;NFKB2,excitatory_subtypes,Ex_L6_TLE4_MEGF11,c9ALS_vs_Control,Reactome_2022
prerank,STING Mediated Induction Of Host Immune Responses R-HSA-1834941,0.4708551616834374,1.141440980656935,0.2592592592592592,0.819780215751534,1.0,6/15,10.58%,PRKDC;MRE11;NLRC3;XRCC5;IFI16;TBK1,excitatory_subtypes,Ex_L6_TLE4_CCBE1,sALS_vs_Control,Reactome_2022
prerank,Mitochondrial Protein Import R-HSA-1268020,0.328175256889384,1.116826634493174,0.2872670807453416,0.8204525914775807,1.0,25/59,25.19%,TOMM7;TIMM8A;TIMM17A;CCNI;SLC25A4;VDAC1;HSCB;CHCHD5;TIMM8B;COX17;TIMM9;TOMM70;TOMM20;COA4;CHCHD7;GRPEL2;SAMM50;SLC25A12;COX19;PMPCB;TIMM21;PAM16;DNAJC19;CHCHD2;COQ2,broad,Inhibitory,c9ALS_vs_Control,Reactome_2022
prerank,Interferon Gamma Signaling R-HSA-877300,0.2288056796791802,0.8258826548109067,0.8268482490272373,0.8215178693989921,1.0,21/77,19.50%,PRKCD;CAMK2B;TRIM68;OAS3;PTAFR;SUMO1;TRIM25;HLA-B;IFNGR2;MT2A;OAS1;TRIM17;CAMK2G;OASL;TRIM45;IRF3;HLA-DRB1;B2M;SP100;STAT1;HLA-DPA1,excitatory_subtypes,Ex_L6_TLE4_CCBE1,c9ALS_vs_sALS,Reactome_2022
prerank,Autophagy R-HSA-9612973,0.2537470237753821,0.9766219103066652,0.5269709543568465,0.8219631030071918,1.0,40/123,24.37%,TOMM7;PINK1;LAMP2;TOMM20;WIPI1;RPS27A;TOMM70;ATG14;ATG101;PCNT;MTOR;RRAGB;PARK7;FUNDC1;TSC1;DYNC1LI1;UBA52;ATG4B;GABARAPL1;SLC38A9;CFTR;ATG4C;LAMTOR2;MAP1LC3C;VDAC1;DYNC1H1;CHMP4C;TOMM40;ATG13;MFN1;SQSTM1;DYNC1LI2;VPS37C;LAMTOR4;ATM;TOMM22;ATG3;WIPI2;ATG10;LAMTOR3,broad,Glia,c9ALS_vs_Control,Reactome_2022
prerank,Mitochondrial Calcium Ion Transport R-HSA-8949215,0.3964519692141275,1.0997964442192816,0.3161634103019538,0.8220610125702558,1.0,6/20,13.74%,AFG3L2;MICU2;VDAC1;SMDT1;AKAP1;YME1L1,broad,Inhibitory,c9ALS_vs_Control,Reactome_2022
prerank,Mitochondrial Biogenesis R-HSA-1592230,0.2647081658035615,0.9657220405030492,0.5152394775036284,0.8242266801199721,1.0,25/86,20.36%,ATP5F1E;CALM1;TFAM;ATP5MC1;ATP5PF;ATP5ME;IMMT;CYCS;ATP5PD;MICOS13;SAMM50;ATP5MC3;SSBP1;SIRT4;DNAJC11;CHCHD6;LIN9;ATP5PB;PPARGC1B;PERM1;ATP5F1D;POLG2;NCOA6;DMAC2L;TFB1M,broad,Glia,c9ALS_vs_Control,Reactome_2022
prerank,Cross-presentation Of Soluble Exogenous Antigens (Endosomes) R-HSA-1236978,0.3287593084455569,1.1002397709834848,0.2873563218390804,0.8244233600451562,1.0,16/43,21.18%,PSME1;PSMD14;PSMC1;PSMB1;MRC1;PSMB6;PSMB3;PSMA7;PSMC2;SEM1;PSMA5;PSMB5;PSMB9;PSMA3;PSMD4;PSMC4,excitatory_subtypes,Ex_L6_TLE4_MEGF11,c9ALS_vs_Control,Reactome_2022
prerank,Transcriptional Activation Of Mitochondrial Biogenesis R-HSA-2151201,-0.2600512571004779,-0.9854034375112364,0.4850498338870432,0.8253465196521523,1.0,16/50,16.52%,PPARGC1B;TBL1X;NCOA6;CRTC3;ACSS2;CAMK4;ALAS1;PPARGC1A;MTERF1;TFAM;NCOR1;RXRA;CREBBP;TFB2M;ESRRA;POLG2,excitatory_subtypes,Ex_L5_L6_THEMIS_NR4A2,c9ALS_vs_sALS,Reactome_2022
prerank,Selective Autophagy R-HSA-9663891,0.3102715882391959,1.03515662859984,0.3948439620081411,0.8255681698422327,1.0,16/56,22.15%,TOMM7;RPS27A;DYNC1LI1;CFTR;VDAC1;PARK7;DYNLL1;FUNDC1;EPAS1;MTERF3;TOMM20;HSP90AA1;NBR1;PRKAB2;HSPA8;UBA52,broad,Excitatory,c9ALS_vs_Control,Reactome_2022
prerank,Mitochondrial Biogenesis R-HSA-1592230,-0.2278548848813732,-0.9393520131115194,0.6285714285714286,0.8267262171131654,1.0,22/82,16.52%,PPARGC1B;TBL1X;PRKAA2;NCOA6;CRTC3;ACSS2;CHCHD3;PRKAG2;CAMK4;CHCHD6;ALAS1;PPARGC1A;MTERF1;DNAJC11;TFAM;PRKAB1;NCOR1;RXRA;CREBBP;TFB2M;ESRRA;POLG2,excitatory_subtypes,Ex_L5_L6_THEMIS_NR4A2,c9ALS_vs_sALS,Reactome_2022
prerank,Macroautophagy R-HSA-1632852,-0.2138047115976327,-0.8367100071976293,0.8637362637362638,0.8269655779796277,1.0,30/105,19.49%,HSP90AA1;BECN1;DYNC1I1;PLIN2;ATG101;HDAC6;HSF1;PRKAA1;RRAGC;ATG4D;MFN2;PLIN3;DYNC1I2;DYNC1LI2;USP30;PEX5;CHMP2B;MTERF3;WDR45B;IFT88;LAMTOR1;CSNK2A2;SRC;UBC;SQSTM1;ATG4A;ATG12;CFTR;UBA52;CHMP6,glia_subtypes,Glia_Micro,c9ALS_vs_Control,Reactome_2022
prerank,Interferon Gamma Signaling R-HSA-877300,0.2942134635348427,1.0668282398046338,0.3317307692307692,0.8276107892467259,1.0,19/80,18.32%,HLA-DPA1;STAT1;CAMK2A;HLA-DRB1;PTPN2;GBP2;IRF1;IFNGR2;CAMK2B;TRIM25;ICAM1;GBP1;JAK1;IRF8;TRIM17;MT2A;HLA-DRA;HLA-F;TRIM14,broad,Inhibitory,c9ALS_vs_Control,Reactome_2022
prerank,FCGR3A-mediated Phagocytosis R-HSA-9664422,-0.2515091483156376,-0.8735067458224581,0.6969026548672567,0.8285913945334038,1.0,17/55,20.20%,VAV2;DOCK1;WASF1;WIPF3;PTK2;CDC42;VAV1;CD247;ELMO1;BTK;MYO9B;NCK1;NCKAP1L;WASF3;MAPK3;WASF2;SRC,excitatory_subtypes,Ex_L6_TLE4_CCBE1,c9ALS_vs_Control,Reactome_2022
prerank,Interferon Gamma Signaling R-HSA-877300,-0.224939069073605,-0.8058826308079022,0.8582317073170732,0.8294356547612745,1.0,18/71,20.73%,HLA-F;HLA-C;HLA-A;SMAD7;TRIM26;SUMO1;CAMK2B;PTPN11;PML;PIAS1;CAMK2G;B2M;HLA-DRB1;HLA-B;TRIM35;CAMK2A;ICAM1;SP100,excitatory_subtypes,Ex_L5_PCP4_NXPH2,sALS_vs_Control,Reactome_2022
prerank,DDX58/IFIH1-mediated Induction Of Interferon-Alpha/Beta R-HSA-168928,-0.2040289155341137,-0.8619525170812085,0.788659793814433,0.8298506514691185,1.0,17/64,18.76%,PCBP2;NKIRAS2;CYLD;TKFC;OTUD5;SIKE1;RELA;AGER;ATG12;NFKBIB;EP300;UBC;UBE2L6;TRAF6;DHX58;TAX1BP1;UBE2K,excitatory_subtypes,Ex_L5_L6_THEMIS_NR4A2,c9ALS_vs_Control,Reactome_2022
prerank,Golgi Associated Vesicle Biogenesis R-HSA-432722,0.3046889342880061,1.0241812367376153,0.4096385542168674,0.8305130890651832,1.0,12/49,17.21%,DNAJC6;ARRB1;IGF2R;PICALM;YIPF6;HOMER2;SNX2;SH3GL2;VAMP7;GOLGB1;TGOLN2;HSPA8,excitatory_subtypes,Ex_L6_TLE4_MEGF11,c9ALS_vs_Control,Reactome_2022
prerank,Macroautophagy R-HSA-1632852,-0.2246359680795999,-0.9756200125598232,0.5145228215767634,0.8313919716227689,1.0,24/106,15.23%,RPTOR;PCNT;MFN1;PRKAA2;ATG5;PIK3C3;PRKAA1;PEX5;ATG16L1;DYNC1I1;ATG14;PRKAG2;MTERF3;GABARAPL1;PIK3R4;ARL13B;ATG3;PRKAB1;ATG4A;WIPI2;RB1CC1;TSC2;RRAGB;DYNC1I2,excitatory_subtypes,Ex_L5_L6_THEMIS_NR4A2,c9ALS_vs_sALS,Reactome_2022
prerank,SARS-CoV-2 Activates/Modulates Innate And Adaptive Immune Responses R-HSA-9705671,-0.2212856226116126,-0.980996696844424,0.510548523206751,0.8315103842333283,1.0,27/100,16.41%,NLRP3;NUP37;STING1;PTPN11;NUP133;IRAK2;IFNAR1;NUP214;PIK3C3;CHUK;NUP50;IKBKB;ATG14;NUP98;JAK1;PIK3R4;MAVS;NUP43;NUP93;NUP205;SIKE1;NUP58;AAAS;CREBBP;RNF135;SEC24B;LARP1,excitatory_subtypes,Ex_L5_L6_THEMIS_NR4A2,c9ALS_vs_sALS,Reactome_2022
prerank,Mitochondrial Fatty Acid Beta-Oxidation R-HSA-77289,0.3452512762511291,1.0800883011666156,0.3388157894736842,0.8318079485429374,1.0,7/35,8.33%,NDUFAB1;ACOT2;PCCB;ACAD10;ACOT11;DBI;ACSM6,broad,Inhibitory,c9ALS_vs_Control,Reactome_2022
prerank,Synthesis Of PIPs At Early Endosome Membrane R-HSA-1660516,0.3613397460379995,0.9270347670036194,0.5591572123176661,0.8318657742832509,1.0,4/16,9.46%,MTMR4;MTMR2;MTM1;INPP4A,excitatory_subtypes,Ex_L5_PCP4_NXPH2,c9ALS_vs_Control,Reactome_2022
prerank,Mitochondrial Protein Import R-HSA-1268020,0.2793226910663942,0.9856114473353234,0.4710743801652892,0.8328437720131417,1.0,16/58,21.59%,TIMM17A;GRPEL1;CCNI;TIMM10;TOMM7;PMPCB;TIMM8B;SAMM50;CHCHD7;CHCHD3;VDAC1;SLC25A12;MTX2;TOMM70;TIMM21;SLC25A4,excitatory_subtypes,Ex_L6_TLE4_MEGF11,c9ALS_vs_Control,Reactome_2022
prerank,Interferon Signaling R-HSA-913531,-0.207400251583742,-0.8700217967191873,0.8753246753246753,0.833788209134865,1.0,33/172,15.93%,MID1;EGR1;IFIT5;TRIM14;TRIM26;PDZD2;FLNA;AAAS;TRIM35;BCL11B;RNASEL;NEDD4;TRIM8;MX1;NUP210;SGIP1;STAT2;UBE2L6;IRF9;ICAM1;TRIM21;SMAD7;HLA-C;SEH1L;CIITA;TPR;PML;IFI35;OAS2;IP6K2;IRF2;HLA-F;TRIM46,excitatory_subtypes,Ex_L6_TLE4_CCBE1,c9ALS_vs_Control,Reactome_2022
prerank,Synthesis Of PIPs At Early Endosome Membrane R-HSA-1660516,0.4460892579332544,1.110397558248077,0.3273942093541203,0.8341511982871589,1.0,7/16,16.50%,VAC14;PIK3C3;INPP4A;INPP4B;PIK3C2A;MTM1;MTMR2,excitatory_subtypes,Ex_L6_TLE4_CCBE1,sALS_vs_Control,Reactome_2022
prerank,Mitochondrial Fatty Acid Beta-Oxidation R-HSA-77289,0.2600066718567038,0.8078133972705379,0.7779816513761468,0.834959731244561,1.0,9/35,16.73%,DBI;ACOT12;MECR;ACOT7;ECHS1;HADHB;ACADVL;ACOT2;HADH,excitatory_subtypes,Ex_L6_TLE4_MEGF11,c9ALS_vs_sALS,Reactome_2022
prerank,Chaperone Mediated Autophagy R-HSA-9613829,0.3964832803888667,1.0815349974697022,0.3474426807760141,0.8355154180283312,1.0,5/19,15.45%,RPS27A;CFTR;GFAP;PARK7;HSPA8,broad,Inhibitory,c9ALS_vs_Control,Reactome_2022
prerank,Response Of Mtb To Phagocytosis R-HSA-9637690,0.3342188513838171,0.9199158447958976,0.5708418891170431,0.8371831532296221,1.0,4/20,13.60%,KPNB1;RNF213;RAB5A;RPS27A,excitatory_subtypes,Ex_L6_TLE4_CCBE1,c9ALS_vs_Control,Reactome_2022
prerank,Interferon Alpha/Beta Signaling R-HSA-909733,-0.2366857716330858,-0.8521051981975123,0.7788235294117647,0.8413058853610754,1.0,7/56,9.32%,PTPN1;PTPN11;IRF2;JAK1;IFNAR1;SAMHD1;KPNA1,excitatory_subtypes,Ex_L6_TLE4_MEGF11,c9ALS_vs_sALS,Reactome_2022
prerank,Role Of Phospholipids In Phagocytosis R-HSA-2029485,-0.2901946194254172,-0.8594598150791029,0.679144385026738,0.842375598548227,1.0,3/20,8.01%,ITPR2;PLPP5;PIK3CA,excitatory_subtypes,Ex_L5_PCP4_NXPH2,c9ALS_vs_Control,Reactome_2022
prerank,Mitochondrial Calcium Ion Transport R-HSA-8949215,0.3570876311526497,0.990967479278668,0.4746945898778359,0.8428501158029438,1.0,7/20,17.91%,PMPCB;VDAC2;SMDT1;MICU3;AFG3L2;VDAC1;MAIP1,excitatory_subtypes,Ex_L6_TLE4_MEGF11,c9ALS_vs_Control,Reactome_2022
prerank,Autophagy R-HSA-9612973,0.2535019274425528,0.9712880727132432,0.5376811594202898,0.8433840539361447,1.0,32/122,20.76%,TOMM7;RRAGB;NBR1;RPS27A;CFTR;TSC1;GABARAPL2;SQSTM1;VDAC1;GFAP;RRAGD;PARK7;DYNLL1;PINK1;USP30;TOMM70;TOMM20;DYNC1LI1;HSPA8;FUNDC1;MTMR14;ATG14;WIPI2;CHMP4C;LAMTOR2;CHMP2B;ATG5;DYNC1LI2;BECN1;LAMTOR3;RRAGA;CHMP2A,broad,Inhibitory,c9ALS_vs_Control,Reactome_2022
prerank,Interferon Alpha/Beta Signaling R-HSA-909733,0.3007477496684537,1.0307843446123388,0.3979763912310287,0.8433915309705049,1.0,14/59,18.31%,STAT1;IFNAR1;KPNB1;GBP2;IRF1;IFIT3;IFI6;IFITM3;USP18;JAK1;IRF8;IFIT2;ISG20;HLA-F,broad,Inhibitory,c9ALS_vs_Control,Reactome_2022
prerank,Cross-presentation Of Soluble Exogenous Antigens (Endosomes) R-HSA-1236978,0.2918181905771227,0.9743637417922304,0.500805152979066,0.8458197940123433,1.0,18/44,27.56%,PSMD7;PSMB7;PSMA3;PSMA5;PSMA7;PSMB6;PSMA8;PSMD4;PSMD14;PSMC5;PSMC1;PSME1;PSMD2;PSMF1;PSMD5;PSMC6;MRC1;PSMC4,broad,Inhibitory,c9ALS_vs_Control,Reactome_2022
prerank,Chaperone Mediated Autophagy R-HSA-9613829,0.3332604885267951,0.9386822580875194,0.5298245614035088,0.8469486207849336,1.0,8/19,20.08%,CFTR;RNASE1;RPS27A;HSP90AB1;HSPA8;LAMP2;HSP90AA1;PARK7,excitatory_subtypes,Ex_L6_TLE4_MEGF11,c9ALS_vs_Control,Reactome_2022
prerank,STING Mediated Induction Of Host Immune Responses R-HSA-1834941,-0.3346310034723408,-0.9467715180456672,0.5167095115681234,0.8477385875332075,1.0,7/15,22.36%,STING1;NLRC3;PRKDC;XRCC6;STAT6;IFI16;DTX4,excitatory_subtypes,Ex_L5_L6_THEMIS_NR4A2,c9ALS_vs_sALS,Reactome_2022
prerank,Mitochondrial tRNA Aminoacylation R-HSA-379726,0.3655524576326157,0.9847943712778248,0.4748700173310225,0.8477693929594187,1.0,7/19,14.55%,IARS2;YARS2;AARS2;NARS2;DTD1;RARS2;CARS2,broad,Inhibitory,c9ALS_vs_Control,Reactome_2022
prerank,Macroautophagy R-HSA-1632852,0.2731415861707428,1.0075859720949671,0.4392059553349876,0.8505087817276882,1.0,37/109,28.63%,TOMM7;RRAGB;RPS27A;DYNC1LI1;LAMTOR5;GABARAPL2;CFTR;LAMTOR2;VDAC1;PARK7;ATG14;CHMP2B;DYNLL1;FUNDC1;EPAS1;MTERF3;WIPI2;RRAGD;ATG101;TOMM20;HSP90AA1;NBR1;PRKAB2;HSPA8;UBA52;CHMP2A;LAMTOR4;LAMTOR3;RRAGA;ATG10;TOMM70;PCNT;TSC1;ATG3;MTOR;MAP1LC3B;PINK1,broad,Excitatory,c9ALS_vs_Control,Reactome_2022
prerank,Late Endosomal Microautophagy R-HSA-9615710,-0.2429534556031144,-0.8411349888276863,0.75,0.8512122597341967,1.0,11/29,21.23%,HDAC6;UBAP1;VPS37A;VPS37B;ARL13B;UBC;PLIN3;PLIN2;TSG101;CHMP7;VPS28,excitatory_subtypes,Ex_L5_L6_THEMIS_NR4A2,c9ALS_vs_Control,Reactome_2022
prerank,Response Of Mtb To Phagocytosis R-HSA-9637690,0.3269647269472491,0.8939807758954067,0.624390243902439,0.8534600190374525,1.0,9/20,26.21%,KPNB1;RNF213;RPS27A;DUSP16;ATP6V1H;ENO1;MAPK1;UBB;UBA52,excitatory_subtypes,Ex_L5_PCP4_NXPH2,c9ALS_vs_Control,Reactome_2022
prerank,Chaperone Mediated Autophagy R-HSA-9613829,-0.2966816979510926,-0.8004026784816227,0.7537154989384289,0.8571756980338024,1.0,5/19,9.36%,UBC;UBA52;HSP90AA1;EEF1A1;UBB,excitatory_subtypes,Ex_L5_L6_THEMIS_TMEM233,sALS_vs_Control,Reactome_2022
prerank,Cross-presentation Of Soluble Exogenous Antigens (Endosomes) R-HSA-1236978,0.2480903337934605,0.8184299321057652,0.7609001406469761,0.8577237114578787,1.0,10/43,19.81%,PSMB6;PSMC5;PSMD4;PSMB3;PSMD3;PSMA1;PSME3;PSMC4;SEM1;PSMB1,excitatory_subtypes,Ex_L5_L6_THEMIS_NR4A2,c9ALS_vs_sALS,Reactome_2022
prerank,STING Mediated Induction Of Host Immune Responses R-HSA-1834941,0.365707732950197,0.93164268361993,0.5267857142857143,0.8594679705218378,1.0,5/15,11.78%,NLRC3;PRKDC;MRE11;XRCC6;XRCC5,broad,Inhibitory,c9ALS_vs_Control,Reactome_2022
prerank,Mitochondrial tRNA Aminoacylation R-HSA-379726,0.3727025441160744,0.999209109349129,0.4635658914728682,0.8605537870561188,1.0,5/19,13.78%,IARS2;CARS2;DTD1;YARS2;PARS2,broad,Excitatory,c9ALS_vs_Control,Reactome_2022
prerank,Lysosome Vesicle Biogenesis R-HSA-432720,0.263993539155028,0.8355626278754672,0.74373795761079,0.8606111972314903,1.0,12/32,22.72%,ARRB1;CLTA;AP1S2;SH3GL2;DNAJC6;AP4S1;AP1G1;CLTC;AP4M1;AP4E1;DNM2;VAMP7,broad,Glia,sALS_vs_Control,Reactome_2022
prerank,STING Mediated Induction Of Host Immune Responses R-HSA-1834941,-0.3101721708855612,-0.8193653996059695,0.6957494407158836,0.8609086947921833,1.0,4/15,10.66%,IFI16;TBK1;MRE11;PRKDC,broad,Inhibitory,c9ALS_vs_sALS,Reactome_2022
prerank,Golgi Associated Vesicle Biogenesis R-HSA-432722,-0.2302454998852509,-0.8265191670768994,0.825,0.8620570011268776,1.0,17/49,23.65%,SH3D19;AP3B1;HIP1R;DNAJC6;GAK;VAMP7;AP4E1;AP1S3;SNX5;TPD52;CLINT1;PICALM;IGF2R;AP3S1;DNM2;SH3GL2;AP1B1,broad,Inhibitory,c9ALS_vs_Control,Reactome_2022
prerank,Synthesis Of PIPs At Early Endosome Membrane R-HSA-1660516,-0.3063930210064178,-0.7954065915485391,0.7445887445887446,0.8623491782816726,1.0,2/16,4.23%,PI4K2A;INPP5F,broad,Excitatory,sALS_vs_Control,Reactome_2022
prerank,SARS-CoV-2 Activates/Modulates Innate And Adaptive Immune Responses R-HSA-9705671,0.2609610841779315,1.0083551346503263,0.4227799227799227,0.8654135702534161,1.0,24/112,13.14%,NUP88;NUP160;NUP155;ATG14;NUP133;STAT1;SFTPD;NUP214;TBK1;NUP37;NUP93;MASP1;SEC24A;NUP35;IFNAR1;NUP107;NUP153;NOD1;MAVS;SEC13;IKBKB;NUP42;JAK1;PTPN11,broad,Excitatory,sALS_vs_Control,Reactome_2022
prerank,STING Mediated Induction Of Host Immune Responses R-HSA-1834941,-0.2909001726837661,-0.8223992609678389,0.7154696132596685,0.8666156798972124,1.0,3/15,3.36%,DDX41;TRIM21;STING1,broad,Excitatory,c9ALS_vs_Control,Reactome_2022
prerank,Autophagy R-HSA-9612973,0.2640180448625848,0.984933781861356,0.4831038798498123,0.8700560651706696,1.0,46/123,31.61%,TOMM7;RRAGB;RPS27A;DYNC1LI1;LAMTOR5;GABARAPL2;CFTR;GFAP;LAMTOR2;VDAC1;PARK7;ATG14;CHMP2B;DYNLL1;FUNDC1;EPAS1;MTERF3;WIPI2;RRAGD;ATG101;LAMP2;TOMM20;HSP90AA1;NBR1;PRKAB2;HSPA8;RNASE1;UBA52;CHMP2A;LAMTOR4;LAMTOR3;RRAGA;ATG10;TOMM70;PCNT;TSC1;ATG3;MTOR;MAP1LC3B;PINK1;LAMTOR1;VPS37C;MVB12B;ATG5;IFT88;MAP1LC3C,broad,Excitatory,c9ALS_vs_Control,Reactome_2022
prerank,Mitochondrial tRNA Aminoacylation R-HSA-379726,0.3754568307562455,1.019693842720428,0.4520795660036166,0.8745758848564359,1.0,7/19,12.18%,CARS2;LARS2;AARS2;IARS2;FARS2;YARS2;WARS2,broad,Excitatory,sALS_vs_Control,Reactome_2022
prerank,STING Mediated Induction Of Host Immune Responses R-HSA-1834941,-0.3139745360171728,-0.8084108270798646,0.7222222222222222,0.879482123924074,1.0,7/15,25.08%,MRE11;IFI16;PRKDC;TRIM21;NLRP4;DTX4;CGAS,excitatory_subtypes,Ex_L6_TLE4_CCBE1,c9ALS_vs_sALS,Reactome_2022
prerank,Transcriptional Activation Of Mitochondrial Biogenesis R-HSA-2151201,0.2611434554872562,0.8669476504188268,0.6921944035346097,0.8835313405903829,1.0,16/52,20.71%,CALM1;IDH2;TWNK;SIRT3;TFB1M;NR1D1;ACSS2;HDAC3;CREBBP;NCOR1;SSBP1;MEF2C;TFAM;POLG2;GABPA;HCFC1,excitatory_subtypes,Ex_L5_PCP4_NXPH2,c9ALS_vs_Control,Reactome_2022
prerank,Role Of Phospholipids In Phagocytosis R-HSA-2029485,-0.2939253630971892,-0.7924691964656997,0.7773279352226721,0.8852942271088757,1.0,9/22,20.85%,PRKCE;PLA2G6;PLPP4;CD247;PLD2;PIK3CB;PLPP5;PIK3CA;ITPR1,excitatory_subtypes,Ex_L6_TLE4_CCBE1,c9ALS_vs_sALS,Reactome_2022
prerank,Lysosome Vesicle Biogenesis R-HSA-432720,0.2873551201910553,0.8639146465012898,0.6878980891719745,0.8870751411449419,1.0,14/31,24.10%,M6PR;AP4B1;VAMP8;ARRB1;AP1S1;AP1S2;APP;CLTC;CLTA;HSPA8;DNAJC6;CLVS2;AP4M1;CTSZ,excitatory_subtypes,Ex_L5_PCP4_NXPH2,c9ALS_vs_Control,Reactome_2022
prerank,Phase 4 - Resting Membrane Potential R-HSA-5576886,0.3339622539451058,0.905728512284675,0.5862646566164154,0.8878530566168019,1.0,8/18,20.28%,KCNJ4;KCNK13;KCNK1;KCNK15;KCNK10;KCNK3;KCNK2;KCNK16,broad,Glia,c9ALS_vs_Control,Reactome_2022
prerank,COPII-mediated Vesicle Transport R-HSA-204005,-0.1938330606857322,-0.7996159211287305,0.902439024390244,0.8884879451291232,1.0,17/61,17.59%,CNIH2;NSF;SEC24B;GORASP1;PREB;SEC22B;CSNK1D;CTSC;F8;SEC24C;USO1;GOLGA2;SEC31A;LMAN2;CTSZ;RAB1B;SAR1B,excitatory_subtypes,Ex_L5_L6_THEMIS_NR4A2,c9ALS_vs_Control,Reactome_2022
prerank,Selective Autophagy R-HSA-9663891,0.2499307239906393,0.8783329766607825,0.685025817555938,0.8897302838935285,1.0,21/54,25.25%,TOMM7;MTERF3;CFTR;MFN1;RPS27A;PRKAG2;DYNC1I2;VDAC1;ATM;HSPA8;ATG5;DYNC1LI1;HSP90AA1;TOMM70;PARK7;FUNDC1;DYNLL1;PRKAB2;TOMM20;UBE2N;EPAS1,excitatory_subtypes,Ex_L6_TLE4_MEGF11,c9ALS_vs_Control,Reactome_2022
prerank,Mitochondrial Calcium Ion Transport R-HSA-8949215,-0.2428883737197592,-0.7949854451351561,0.7810457516339869,0.892040116109265,1.0,4/20,10.18%,PMPCA;LETM1;MCUB;MAIP1,excitatory_subtypes,Ex_L5_L6_THEMIS_NR4A2,c9ALS_vs_Control,Reactome_2022
prerank,COPII-mediated Vesicle Transport R-HSA-204005,0.2997557245920744,0.9751310619124202,0.5132275132275133,0.8927318429687229,1.0,21/65,22.58%,MCFD2;GOLGA2;SEC22C;STX17;TRAPPC3;CNIH1;F5;TRAPPC4;CD59;TMED2;LMAN1;CTSC;SAR1B;SEC24A;SEC13;CTSZ;CNIH3;TRAPPC6B;NAPG;TRAPPC10;SEC23A,excitatory_subtypes,Ex_L5_L6_THEMIS_TMEM233,c9ALS_vs_Control,Reactome_2022
prerank,Role Of Phospholipids In Phagocytosis R-HSA-2029485,0.2724282991053187,0.7822952359874358,0.7897271268057785,0.8944040094911843,1.0,5/22,12.94%,PLCG1;PLPP4;ITPR3;PIK3CA;SYK,excitatory_subtypes,Ex_L5_L6_THEMIS_NR4A2,c9ALS_vs_sALS,Reactome_2022
prerank,Mitochondrial Calcium Ion Transport R-HSA-8949215,-0.2779314744011639,-0.8517339728721667,0.6890756302521008,0.8947180448117913,1.0,6/20,11.33%,YME1L1;MICU3;AKAP1;SLC8A3;MAIP1;PMPCA,excitatory_subtypes,Ex_L5_L6_THEMIS_NR4A2,c9ALS_vs_sALS,Reactome_2022
prerank,Mitochondrial Biogenesis R-HSA-1592230,0.2391135848823324,0.8715264674741174,0.7442218798151001,0.8952316651494,1.0,22/85,20.21%,IMMT;TFAM;HDAC3;SSBP1;ATP5PF;NCOR1;CALM1;ATP5ME;ATP5F1E;DMAC2L;MICOS10;APOO;TFB2M;CHCHD6;ATP5MC3;SAMM50;CREB1;ATP5PB;MEF2C;SIRT3;CREBBP;RXRA,broad,Inhibitory,c9ALS_vs_Control,Reactome_2022
prerank,Interferon Signaling R-HSA-913531,0.2132484614406661,0.8439848789714693,0.8185483870967742,0.9017785555461256,1.0,43/166,26.24%,NUP160;STAT1;TRIM5;NEDD4;IRF1;KPNB1;IFNGR2;IFNAR1;RPS27A;PTPN2;IRF3;MT2A;TRIM25;PTPN6;TPR;GNL3;TRIM17;RSAD2;SEC13;NUP37;NUP50;NUP88;GBP2;NUP155;IRF2;SUMO1;KPNA5;EIF4E2;UBE2N;JAK1;B2M;TRIM14;GBP6;SEH1L;TRIM45;EIF4G2;NUP93;TRIM35;PTAFR;UBB;GBP7;UBA52;HLA-DPA1,excitatory_subtypes,Ex_L5_PCP4_NXPH2,c9ALS_vs_Control,Reactome_2022
prerank,Fcgamma Receptor (FCGR) Dependent Phagocytosis R-HSA-2029480,0.2327438896668443,0.8394748213988966,0.7773109243697479,0.9046067579209828,1.0,27/78,26.27%,PIK3R1;VAV3;BAIAP2;HSP90AB1;DOCK1;GRB2;ACTR3;HSP90AA1;RNASE1;WAS;PLCG2;BRK1;CDC42;ARPC2;ACTR2;NCKAP1;NCK1;WIPF1;MAPK1;ITPR1;ARPC5;VPS72;WIPF2;PRKCE;ABI2;WIPF3;PIK3CB,excitatory_subtypes,Ex_L5_PCP4_NXPH2,c9ALS_vs_Control,Reactome_2022
prerank,Late Endosomal Microautophagy R-HSA-9615710,-0.2461435994200084,-0.7785971924497133,0.8421052631578947,0.907254913400066,1.0,7/30,16.88%,HDAC6;CHMP7;MVB12A;VPS37A;CHMP4B;VPS37B;PLIN2,excitatory_subtypes,Ex_L6_TLE4_MEGF11,c9ALS_vs_Control,Reactome_2022
prerank,STING Mediated Induction Of Host Immune Responses R-HSA-1834941,-0.2920593546288002,-0.7753301422796223,0.7511520737327189,0.9088235108663484,1.0,5/15,16.49%,DDX41;IFI16;DTX4;TRIM21;MRE11,excitatory_subtypes,Ex_L6_TLE4_MEGF11,c9ALS_vs_Control,Reactome_2022
prerank,Lysosome Vesicle Biogenesis R-HSA-432720,-0.2419347102325945,-0.7793853063366413,0.8509174311926605,0.9117041914026478,1.0,3/31,2.75%,HGS;AP1G2;VAMP8,excitatory_subtypes,Ex_L6_TLE4_MEGF11,c9ALS_vs_Control,Reactome_2022
prerank,Mitochondrial Calcium Ion Transport R-HSA-8949215,-0.2619051878344244,-0.7785439377455556,0.797979797979798,0.9144460654204908,1.0,5/20,14.89%,LETM1;PHB2;MCUB;AKAP1;MCU,broad,Glia,c9ALS_vs_Control,Reactome_2022
prerank,Mitochondrial tRNA Aminoacylation R-HSA-379726,0.2809815598235118,0.7554707221464043,0.8197026022304833,0.9154816490272664,1.0,6/19,17.34%,YARS2;TARS2;DTD1;NARS2;FARS2;LARS2,glia_subtypes,Glia_Micro,c9ALS_vs_Control,Reactome_2022
prerank,Synthesis Of PIPs At Early Endosome Membrane R-HSA-1660516,0.2850642806282705,0.7536403770433813,0.8106060606060606,0.915887803405318,1.0,4/16,19.46%,PI4K2A;INPP4B;MTMR4;PI4K2B,excitatory_subtypes,Ex_L5_L6_THEMIS_NR4A2,c9ALS_vs_sALS,Reactome_2022
prerank,Mitochondrial tRNA Aminoacylation R-HSA-379726,0.3606453517054438,0.9367375655632691,0.5580693815987934,0.917135811205846,1.0,7/19,20.91%,IARS2;YARS2;PARS2;DTD1;CARS2;NARS2;DARS2,excitatory_subtypes,Ex_L5_L6_THEMIS_TMEM233,c9ALS_vs_Control,Reactome_2022
prerank,Cell Recruitment (Pro-Inflammatory Response) R-HSA-9664424,-0.261213935664716,-0.8123456586040149,0.7592592592592593,0.9185563913941476,1.0,2/21,1.92%,NLRP3;P2RX4,excitatory_subtypes,Ex_L5_L6_THEMIS_NR4A2,c9ALS_vs_sALS,Reactome_2022
prerank,FCGR3A-mediated Phagocytosis R-HSA-9664422,-0.2046468121167261,-0.7496795836746366,0.9068627450980392,0.9197045243899736,1.0,15/55,22.75%,CYFIP1;MAPK3;ELMO1;WIPF1;ACTG1;ELMO2;VAV3;WIPF3;SRC;DOCK1;MYH9;VAV2;LYN;MYO9B;FYN,excitatory_subtypes,Ex_L6_TLE4_MEGF11,c9ALS_vs_Control,Reactome_2022
prerank,trans-Golgi Network Vesicle Budding R-HSA-199992,0.2374337879744639,0.8464436128723042,0.7658862876254181,0.9203876849429782,1.0,16/65,19.75%,CLVS2;DNAJC6;ARRB1;IGF2R;PICALM;YIPF6;HOMER2;SNAP23;SNX2;SH3GL2;VAMP7;GOLGB1;TGOLN2;HSPA8;AP1S3;CLVS1,excitatory_subtypes,Ex_L6_TLE4_MEGF11,c9ALS_vs_Control,Reactome_2022
prerank,DDX58/IFIH1-mediated Induction Of Interferon-Alpha/Beta R-HSA-168928,-0.2141881067117949,-0.7752609513056212,0.8919540229885058,0.9269492892209236,1.0,21/66,23.49%,TANK;IKBKG;PDZD2;HMGB1;PCBP2;UBE2L6;RNF135;ATG12;NFKBIB;TRAF6;OTUD5;RELA;CASP10;APP;TRIM4;CYLD;ISG15;ATG5;AGER;UBC;RIPK1,excitatory_subtypes,Ex_L6_TLE4_CCBE1,c9ALS_vs_Control,Reactome_2022
prerank,Mitochondrial Calcium Ion Transport R-HSA-8949215,0.343095287821131,0.9391664493570592,0.5718654434250765,0.9282473774865542,1.0,7/21,17.73%,AFG3L2;SMDT1;VDAC1;VDAC2;MICU3;YME1L1;STOML2,broad,Excitatory,c9ALS_vs_Control,Reactome_2022
prerank,Cell Recruitment (Pro-Inflammatory Response) R-HSA-9664424,-0.2627562198267855,-0.725950385854661,0.8823529411764706,0.9313525044270796,1.0,5/23,15.42%,RELA;TXN2;SUGT1;HSP90AB1;NFKB1,excitatory_subtypes,Ex_L5_L6_THEMIS_TMEM233,sALS_vs_Control,Reactome_2022
prerank,Lysosome Vesicle Biogenesis R-HSA-432720,-0.2124879055984606,-0.7576083879562836,0.873015873015873,0.9320747461604856,1.0,7/31,16.50%,VAMP8;AP1G1;AP1G2;CLTC;AP4B1;HGS;CTSZ,excitatory_subtypes,Ex_L5_L6_THEMIS_NR4A2,c9ALS_vs_Control,Reactome_2022
prerank,Interferon Alpha/Beta Signaling R-HSA-909733,0.2298916174867233,0.7746425946351693,0.8646616541353384,0.9339151127973806,1.0,6/54,10.25%,STAT1;IRF1;KPNB1;IFNAR1;IRF3;PTPN6,excitatory_subtypes,Ex_L5_PCP4_NXPH2,c9ALS_vs_Control,Reactome_2022
prerank,Mitochondrial Fatty Acid Beta-Oxidation R-HSA-77289,0.2356919989558282,0.7168459908824459,0.9256360078277888,0.939117948937438,1.0,13/36,21.23%,DBI;ACADVL;MCAT;ACOT2;ACSF2;ACAA2;ECI1;ECHS1;MMUT;NDUFAB1;ACSM6;ACADS;ACOT12,excitatory_subtypes,Ex_L6_TLE4_CCBE1,c9ALS_vs_sALS,Reactome_2022
prerank,Phase 4 - Resting Membrane Potential R-HSA-5576886,0.2875468802246314,0.7666671126597109,0.7880910683012259,0.9400255212005616,1.0,4/17,18.33%,KCNK9;KCNK10;KCNK13;KCNJ2,excitatory_subtypes,Ex_L6_TLE4_MEGF11,c9ALS_vs_Control,Reactome_2022
prerank,Phase 4 - Resting Membrane Potential R-HSA-5576886,0.3247169404599194,0.8199565985102656,0.705989110707804,0.9410466256522376,1.0,1/15,0.69%,KCNK13,glia_subtypes,Glia_Micro,sALS_vs_Control,Reactome_2022
prerank,SARS-CoV-2 Activates/Modulates Innate And Adaptive Immune Responses R-HSA-9705671,0.2122875783621466,0.7999037357228114,0.875366568914956,0.9472417550167456,1.0,25/104,21.69%,STAT1;NUP160;IFNAR1;LARP1;NUP88;TRIM25;NUP133;NUP107;NUP153;MASP2;NUP155;JAK1;TOMM70;CHUK;NUP37;ATG14;NUP93;MAVS;HLA-F;SFTPD;NOD1;CREBBP;BECN1;PTPN11;SEC23A,broad,Inhibitory,c9ALS_vs_Control,Reactome_2022
prerank,Mitochondrial Fatty Acid Beta-Oxidation R-HSA-77289,0.26530392867537,0.8178654959964585,0.8082474226804124,0.9476788060444876,1.0,17/35,27.46%,ACBD6;ACSM6;PCTP;ACADM;ACOT11;ACOT13;ACAA2;PCCB;HADHA;ACAD10;MMUT;NDUFAB1;ACADL;MCEE;ACOT2;MCAT;ACOT1,excitatory_subtypes,Ex_L6_TLE4_MEGF11,sALS_vs_Control,Reactome_2022
prerank,Mitochondrial tRNA Aminoacylation R-HSA-379726,0.5417446955070087,1.4787856234333754,0.0444015444015444,0.9499724890087458,1.0,7/19,12.02%,FARS2;CARS2;YARS2;DARS2;LARS2;AARS2;WARS2,excitatory_subtypes,Ex_L5_L6_THEMIS_NR4A2,sALS_vs_Control,Reactome_2022
prerank,Lysosome Vesicle Biogenesis R-HSA-432720,-0.2369456242526178,-0.7340653653570602,0.8778947368421053,0.950673964506154,1.0,7/31,19.04%,AP1G2;HGS;CLTB;AP1M1;CLVS1;APP;VAMP7,excitatory_subtypes,Ex_L6_TLE4_CCBE1,c9ALS_vs_Control,Reactome_2022
prerank,Activation Of IRF3/IRF7 Mediated By TBK1/IKK Epsilon R-HSA-936964,-0.2631649787002314,-0.6996477132205997,0.8795698924731182,0.9526909610100808,1.0,6/16,23.15%,PTPN11;SARM1;TRAF3;LY96;UBC;TANK,excitatory_subtypes,Ex_L6_TLE4_MEGF11,c9ALS_vs_Control,Reactome_2022
prerank,Role Of Phospholipids In Phagocytosis R-HSA-2029485,-0.2466749990686718,-0.6926387588533066,0.90625,0.955183527168206,1.0,10/22,20.39%,PLCG1;SYK;FCGR1A;PRKCSH;ITPR2;PRKCD;PLCG2;FCGR2A;PIK3R1;PLPP5,glia_subtypes,Glia_Micro,c9ALS_vs_sALS,Reactome_2022
prerank,STING Mediated Induction Of Host Immune Responses R-HSA-1834941,0.3081270295144135,0.7871528362596886,0.7459349593495935,0.9561205633016964,1.0,2/15,0.92%,PRKDC;TBK1,excitatory_subtypes,Ex_L6_TLE4_MEGF11,sALS_vs_Control,Reactome_2022
prerank,Macroautophagy R-HSA-1632852,0.2535280602574719,0.904642014372848,0.6765432098765433,0.9565445441001772,1.0,27/108,20.39%,TOMM7;RPS27A;CFTR;LAMTOR5;RRAGB;GABARAPL2;FUNDC1;PARK7;LAMTOR2;DYNLL1;TOMM22;ATG10;WIPI2;DYNC1LI1;VDAC1;TSC1;ATG4A;ATG3;TOMM20;RRAGD;BECN1;HSP90AA1;ATG101;ATG14;DYNC1H1;LAMTOR1;MAP1LC3C,excitatory_subtypes,Ex_L5_L6_THEMIS_TMEM233,c9ALS_vs_Control,Reactome_2022
prerank,Interferon Alpha/Beta Signaling R-HSA-909733,0.2324443281926161,0.791538853465073,0.8698010849909584,0.9591943047110892,1.0,7/57,9.82%,STAT1;MX2;KPNB1;IFNAR1;IRF1;PTPN11;USP18,excitatory_subtypes,Ex_L6_TLE4_CCBE1,c9ALS_vs_Control,Reactome_2022
prerank,Synthesis Of PIPs At Early Endosome Membrane R-HSA-1660516,0.3241524080994449,0.8321345201947768,0.7040816326530612,0.9600726430489024,1.0,7/16,21.54%,INPP4A;FIG4;PIKFYVE;PIK3C2A;MTMR10;MTM1;PIK3C3,excitatory_subtypes,Ex_L6_TLE4_MEGF11,sALS_vs_Control,Reactome_2022
prerank,STING Mediated Induction Of Host Immune Responses R-HSA-1834941,-0.2672895315103982,-0.6820274674136466,0.886,0.96126141656649,1.0,3/15,9.13%,DTX4;NLRP4;CGAS,glia_subtypes,Glia_Micro,c9ALS_vs_Control,Reactome_2022
prerank,Chaperone Mediated Autophagy R-HSA-9613829,0.2825032517375495,0.7638875812397806,0.8132075471698114,0.9615370854292572,1.0,6/19,22.19%,CFTR;PCNT;PARK7;RPS27A;RNASE1;HSPA8,excitatory_subtypes,Ex_L6_TLE4_CCBE1,c9ALS_vs_Control,Reactome_2022
prerank,Activation Of IRF3/IRF7 Mediated By TBK1/IKK Epsilon R-HSA-936964,0.2601150569939705,0.6706299568538724,0.8963815789473685,0.9630223399104124,1.0,6/16,29.36%,RPS27A;IRF3;NDUFA2;UBB;UBA52;TRAF3,excitatory_subtypes,Ex_L5_PCP4_NXPH2,c9ALS_vs_Control,Reactome_2022
prerank,Synthesis Of PIPs At Early Endosome Membrane R-HSA-1660516,0.3258327417882606,0.8245785213569633,0.7237569060773481,0.9635218300196748,1.0,5/16,10.25%,MTMR12;FIG4;INPP4A;VAC14;MTMR10,excitatory_subtypes,Ex_L5_L6_THEMIS_TMEM233,sALS_vs_Control,Reactome_2022
prerank,Phase 4 - Resting Membrane Potential R-HSA-5576886,-0.2710552562078024,-0.6721511735142729,0.908273381294964,0.9641604544392371,1.0,7/17,24.36%,KCNJ4;KCNJ14;KCNK6;KCNK12;KCNJ2;KCNK17;KCNJ12,excitatory_subtypes,Ex_L6_TLE4_CCBE1,sALS_vs_Control,Reactome_2022
prerank,Mitochondrial tRNA Aminoacylation R-HSA-379726,0.2945825875077042,0.7934453033006034,0.7850467289719626,0.9650655266030852,1.0,9/19,26.41%,LARS2;IARS2;NARS2;AARS2;WARS2;FARS2;YARS2;CARS2;DTD1,excitatory_subtypes,Ex_L6_TLE4_CCBE1,c9ALS_vs_Control,Reactome_2022
prerank,Cross-presentation Of Soluble Exogenous Antigens (Endosomes) R-HSA-1236978,0.2741594517582424,0.8987696592575758,0.6305555555555555,0.9673090448377208,1.0,23/46,31.93%,PSMA3;PSMA7;PSMD7;PSME1;PSMC5;PSMB6;PSMC4;PSMD4;PSMD8;PSMC1;PSMD12;PSMC6;PSMD14;PSMC3;PSMD2;PSMA5;PSMF1;PSMB5;PSMB7;PSMB1;PSMB3;PSMB2;PSMA4,broad,Excitatory,c9ALS_vs_Control,Reactome_2022
prerank,Late Endosomal Microautophagy R-HSA-9615710,0.2309198534244501,0.704268113546972,0.914179104477612,0.9676919302229086,1.0,6/30,15.43%,CFTR;PCNT;CHMP2B;PARK7;RPS27A;MVB12B,excitatory_subtypes,Ex_L6_TLE4_CCBE1,c9ALS_vs_Control,Reactome_2022
prerank,Autophagy R-HSA-9612973,0.2472121551560727,0.894003868679665,0.7044632086851629,0.968356151640838,1.0,46/122,30.13%,TOMM7;RPS27A;CFTR;RNASE1;LAMTOR5;RRAGB;GABARAPL2;GFAP;FUNDC1;PARK7;LAMTOR2;DYNLL1;TOMM22;ATG10;WIPI2;DYNC1LI1;VDAC1;TSC1;ATG4A;ATG3;TOMM20;RRAGD;BECN1;HSP90AA1;LAMP2;ATG101;ATG14;DYNC1H1;LAMTOR1;MAP1LC3C;HSPA8;PCNT;RRAGC;MVB12B;TOMM70;NBR1;IFT88;VPS37D;CHMP2B;ATG4C;RHEB;ATG13;WIPI1;UBA52;LAMTOR4;ATG7,excitatory_subtypes,Ex_L5_L6_THEMIS_TMEM233,c9ALS_vs_Control,Reactome_2022
prerank,trans-Golgi Network Vesicle Budding R-HSA-199992,0.1961350529531352,0.6866883015851383,0.9814814814814816,0.9684061073704762,1.0,16/65,18.81%,ARRB1;BLOC1S4;M6PR;TGOLN2;TFRC;YIPF6;IGF2R;SH3GL2;DTNBP1;AP1S1;AP4M1;ACBD3;GAK;CLINT1;PIK3C2A;SNX9,excitatory_subtypes,Ex_L6_TLE4_CCBE1,c9ALS_vs_Control,Reactome_2022
prerank,Cell Recruitment (Pro-Inflammatory Response) R-HSA-9664424,0.2560886705755776,0.7103079833655306,0.8907407407407407,0.969019146766875,1.0,5/23,19.63%,IL18;TXN2;P2RX4;C3;ENTPD5,excitatory_subtypes,Ex_L6_TLE4_CCBE1,c9ALS_vs_Control,Reactome_2022
prerank,Cell Recruitment (Pro-Inflammatory Response) R-HSA-9664424,-0.2203211796541849,-0.6905839026398582,0.921875,0.969083799616282,1.0,12/24,28.44%,TXNIP;NLRP3;PSTPIP1;HMOX1;GSDMD;RELA;IL1A;CASP1;IL1B;NFKB1;C3AR1;P2RX4,broad,Excitatory,c9ALS_vs_Control,Reactome_2022
prerank,Mitochondrial Fatty Acid Beta-Oxidation R-HSA-77289,0.259849453381731,0.8243598095730797,0.7836363636363637,0.9699970602248422,1.0,16/36,23.14%,PCCB;MCEE;ACADM;ACAD10;ACOT12;ACSM6;ACBD6;ACOT11;ACSM3;ACOT2;DECR1;THEM5;HADH;MECR;ACAA2;ACOT13,broad,Excitatory,sALS_vs_Control,Reactome_2022
prerank,Mitochondrial tRNA Aminoacylation R-HSA-379726,0.3588939195089754,0.958444320208151,0.5055555555555555,0.971574586439888,1.0,7/19,16.02%,IARS2;YARS2;CARS2;RARS2;FARS2;AARS2;LARS2,excitatory_subtypes,Ex_L5_L6_THEMIS_TMEM233,sALS_vs_Control,Reactome_2022
prerank,STING Mediated Induction Of Host Immune Responses R-HSA-1834941,0.3815125347320377,0.9597656253245924,0.5019011406844106,0.9766240574430228,1.0,4/15,2.70%,PRKDC;TBK1;MRE11;IFI16,excitatory_subtypes,Ex_L5_L6_THEMIS_TMEM233,sALS_vs_Control,Reactome_2022
prerank,Activation Of IRF3/IRF7 Mediated By TBK1/IKK Epsilon R-HSA-936964,0.3062081181791162,0.8021886925533442,0.7682926829268293,0.978575803915324,1.0,8/16,23.75%,NDUFA2;RPS27A;UBA52;IKBKE;TBK1;LY96;TMED7-TICAM2;TRAF3,broad,Glia,c9ALS_vs_Control,Reactome_2022
prerank,Mitochondrial Translation Termination R-HSA-5419276,0.3494671973689163,1.2349293912753474,0.1451612903225806,0.9805865485423074,1.0,32/73,30.90%,MTRF1L;MRPS18C;MRPS11;MRPL39;MRPS31;MRPS16;MRPL37;MRPL11;MRPL13;MRPL51;MRPL32;CHCHD1;MRPS15;MRPL33;MRPS30;MRPL40;AURKAIP1;MRPS35;MRPS21;MRPS36;MRPL35;MRPL14;MRPL17;MRRF;MRPS22;MRPL20;MRPL42;MRPS25;MRPL36;MRPL44;MRPS7;MRPL21,excitatory_subtypes,Ex_L5_L6_THEMIS_NR4A2,c9ALS_vs_Control,Reactome_2022
prerank,Mitochondrial tRNA Aminoacylation R-HSA-379726,0.2957299831412091,0.7979969182110702,0.7347611202635914,0.9809891129334406,1.0,11/19,30.41%,YARS2;AARS2;IARS2;WARS2;NARS2;DTD1;PARS2;GARS1;DARS2;CARS2;KARS1,broad,Glia,c9ALS_vs_Control,Reactome_2022
prerank,Activation Of IRF3/IRF7 Mediated By TBK1/IKK Epsilon R-HSA-936964,-0.2517862650079735,-0.6528411745183849,0.9267782426778244,0.9825907599045798,1.0,6/16,25.14%,TANK;TICAM1;LY96;SARM1;UBC;IRF3,excitatory_subtypes,Ex_L6_TLE4_CCBE1,c9ALS_vs_Control,Reactome_2022
prerank,STING Mediated Induction Of Host Immune Responses R-HSA-1834941,0.3159810688703039,0.8033611089277304,0.7431906614785992,0.9859014339006762,1.0,4/15,5.78%,PRKDC;MRE11;TBK1;IFI16,broad,Excitatory,sALS_vs_Control,Reactome_2022
prerank,Interferon Signaling R-HSA-913531,0.2265582601162259,0.8469881016020934,0.8158192090395481,0.9916526609531612,1.0,48/177,25.79%,TRIM22;STAT1;RPS27A;TRIM25;PLCG1;IFIT2;SUMO1;GNL3;IFIT3;IFNGR2;TRIM17;PTAFR;HLA-DRA;NUP160;EIF4A3;TRIM29;NUP88;ISG15;MX2;IRF1;TRIM62;HLA-DRB1;KPNA5;UBE2L6;IFIT1;IFNAR1;CIITA;SEC13;NUP93;NUP214;IFITM3;GBP1;CD44;NUP50;B2M;RSAD2;KPNA2;KPNB1;TPR;FLNB;PTPN2;EIF4G2;NUP37;OAS3;GBP2;NUP42;NDC1;MX1,excitatory_subtypes,Ex_L5_L6_THEMIS_TMEM233,c9ALS_vs_Control,Reactome_2022
prerank,Late Endosomal Microautophagy R-HSA-9615710,0.2149589635061327,0.6393963138612611,0.9570063694267515,0.991700861149394,1.0,8/30,21.65%,RPS27A;CFTR;PARK7;HSPA8;CHMP4C;CHMP2B;CHMP2A;PCNT,broad,Inhibitory,c9ALS_vs_Control,Reactome_2022
prerank,Selective Autophagy R-HSA-9663891,0.2708905176191066,0.8690260583837973,0.691358024691358,0.994112131843956,1.0,17/55,25.73%,TOMM7;RPS27A;CFTR;FUNDC1;PARK7;DYNLL1;TOMM22;DYNC1LI1;VDAC1;TOMM20;HSP90AA1;DYNC1H1;HSPA8;PCNT;TOMM70;NBR1;IFT88,excitatory_subtypes,Ex_L5_L6_THEMIS_TMEM233,c9ALS_vs_Control,Reactome_2022
prerank,Lysosome Vesicle Biogenesis R-HSA-432720,0.246036401822355,0.7502118186161127,0.8534621578099839,0.9963990127943032,1.0,12/32,26.70%,AP1S1;AP4M1;CLTA;SH3GL2;CLTC;M6PR;CLTB;AP1S2;AP1S3;ARRB1;CHMP2A;VAMP7,broad,Glia,c9ALS_vs_Control,Reactome_2022
prerank,Interferon Gamma Signaling R-HSA-877300,0.2506037383517883,0.8609853030672087,0.7315521628498728,0.9975810045241162,1.0,12/80,12.21%,TRIM22;STAT1;TRIM25;SUMO1;IFNGR2;TRIM17;PTAFR;HLA-DRA;TRIM29;IRF1;TRIM62;HLA-DRB1,excitatory_subtypes,Ex_L5_L6_THEMIS_TMEM233,c9ALS_vs_Control,Reactome_2022
prerank,Cell Recruitment (Pro-Inflammatory Response) R-HSA-9664424,0.20738177318798,0.5620350752587578,0.9755395683453236,0.9976965028118876,1.0,4/24,23.16%,IL18;C3AR1;C3;ENTPD5,excitatory_subtypes,Ex_L5_L6_THEMIS_TMEM233,c9ALS_vs_Control,Reactome_2022
prerank,Activation Of IRF3/IRF7 Mediated By TBK1/IKK Epsilon R-HSA-936964,-0.1956219338966485,-0.5271483476053848,0.9861431870669746,0.9980285458059014,1.0,5/16,25.19%,IKBKE;TANK;TICAM1;TRAF3;UBC,broad,Inhibitory,c9ALS_vs_Control,Reactome_2022
prerank,Mitochondrial Fatty Acid Beta-Oxidation R-HSA-77289,0.4250762104580418,1.3283442055381192,0.0801526717557251,1.0,1.0,13/36,13.70%,ACOT11;DECR1;MCEE;ACSM6;ACOT2;ACADM;PCCA;ACOT12;PCCB;ACSM3;PCTP;HADHB;ACAD10,excitatory_subtypes,Ex_L5_L6_THEMIS_TMEM233,sALS_vs_Control,Reactome_2022
prerank,Mitochondrial Translation Elongation R-HSA-5389840,0.340080086129614,1.2011624461937749,0.1730061349693251,1.0,1.0,31/73,30.90%,MRPS18C;MRPS11;MRPL39;GFM1;MRPS31;MRPS16;MRPL37;MRPL11;MRPL13;MRPL51;MRPL32;CHCHD1;MRPS15;MRPL33;MRPS30;MRPL40;AURKAIP1;MRPS35;MRPS21;MRPS36;MRPL35;MRPL14;MRPL17;MRPS22;MRPL20;MRPL42;MRPS25;MRPL36;MRPL44;MRPS7;MRPL21,excitatory_subtypes,Ex_L5_L6_THEMIS_NR4A2,c9ALS_vs_Control,Reactome_2022
prerank,Mitochondrial Translation R-HSA-5368287,0.332314820041819,1.1923964879740274,0.1884057971014492,1.0,1.0,26/79,23.25%,MTRF1L;MRPS18C;MRPS11;MRPL39;GFM1;MRPS31;MRPS16;MRPL37;MRPL11;MRPL13;MRPL51;MRPL32;CHCHD1;MRPS15;MRPL33;MRPS30;MRPL40;AURKAIP1;MRPS35;MRPS21;MRPS36;MRPL35;MRPL14;MRPL17;MRRF;MRPS22,excitatory_subtypes,Ex_L5_L6_THEMIS_NR4A2,c9ALS_vs_Control,Reactome_2022
prerank,Synthesis Of PIPs At Early Endosome Membrane R-HSA-1660516,0.4023795901068545,1.1341638320053482,0.2882205513784461,1.0,1.0,4/16,9.06%,INPP4A;MTM1;VAC14;PIKFYVE,excitatory_subtypes,Ex_L5_PCP4_NXPH2,sALS_vs_Control,Reactome_2022
prerank,Mitochondrial Translation Initiation R-HSA-5368286,0.309825018979788,1.093490546533933,0.3284132841328413,1.0,1.0,30/73,30.90%,MRPS18C;MRPS11;MRPL39;MRPS31;MRPS16;MRPL37;MRPL11;MRPL13;MRPL51;MRPL32;CHCHD1;MRPS15;MRPL33;MRPS30;MRPL40;AURKAIP1;MRPS35;MRPS21;MRPS36;MRPL35;MRPL14;MRPL17;MRPS22;MRPL20;MRPL42;MRPS25;MRPL36;MRPL44;MRPS7;MRPL21,excitatory_subtypes,Ex_L5_L6_THEMIS_NR4A2,c9ALS_vs_Control,Reactome_2022
prerank,Mitochondrial tRNA Aminoacylation R-HSA-379726,0.399285806191612,1.0922791761323525,0.3485064011379801,1.0,1.0,7/19,19.34%,YARS2;CARS2;LARS2;NARS2;FARS2;RARS2;AARS2,excitatory_subtypes,Ex_L5_L6_THEMIS_NR4A2,c9ALS_vs_Control,Reactome_2022
prerank,Mitochondrial Fatty Acid Beta-Oxidation R-HSA-77289,0.344267475333387,1.0767525090425445,0.3358925143953934,1.0,1.0,10/33,15.38%,ACBD6;ACSM3;ACADM;ACOT12;MCEE;PCCB;HADH;NDUFAB1;HADHB;ACSM6,excitatory_subtypes,Ex_L5_L6_THEMIS_NR4A2,sALS_vs_Control,Reactome_2022
prerank,Mitochondrial Protein Import R-HSA-1268020,0.3187267824332089,1.073618779668826,0.3580562659846547,1.0,1.0,16/58,17.89%,TIMM8A;TIMM9;COA6;DNAJC19;TOMM7;TIMM21;COQ2;CHCHD7;COX19;COA4;TIMM10;PMPCB;MTX2;TIMM8B;TIMM22;CHCHD4,excitatory_subtypes,Ex_L5_L6_THEMIS_NR4A2,c9ALS_vs_Control,Reactome_2022
prerank,Mitochondrial Fatty Acid Beta-Oxidation R-HSA-77289,0.347394548230071,1.0720286876244507,0.3783422459893048,1.0,1.0,10/33,20.27%,ACSM3;ACOT12;MCEE;MECR;ACSM6;ACBD6;ACBD7;ACADM;DBI;PCCA,excitatory_subtypes,Ex_L5_L6_THEMIS_NR4A2,c9ALS_vs_Control,Reactome_2022
prerank,SARS-CoV-2 Activates/Modulates Innate And Adaptive Immune Responses R-HSA-9705671,0.2881006432735739,1.0705801820687335,0.3198529411764705,1.0,1.0,29/102,18.04%,NUP160;TBK1;TRIM25;STAT1;TLR1;NUP214;NUP93;MAVS;ATG14;NUP37;NUP155;SEC13;NUP42;SEC24A;IFNAR1;NUP133;JAK1;NUP88;LARP1;IKBKB;TPR;NUP50;NUP35;PTPN11;CREBBP;IRAK2;PIK3C3;NUP210;CHUK,excitatory_subtypes,Ex_L5_L6_THEMIS_TMEM233,sALS_vs_Control,Reactome_2022
prerank,Mitochondrial Calcium Ion Transport R-HSA-8949215,0.3600104914214918,0.9980958050286308,0.4414587332053742,1.0,1.0,5/20,7.72%,SLC8A3;AFG3L2;YME1L1;MICU3;AKAP1,excitatory_subtypes,Ex_L5_L6_THEMIS_NR4A2,sALS_vs_Control,Reactome_2022
prerank,Interferon Gamma Signaling R-HSA-877300,0.2856416199219601,0.996867143968202,0.4738760631834751,1.0,1.0,14/71,13.74%,STAT1;PTAFR;ICAM1;MT2A;IRF1;HLA-DRB1;TRIM62;IFNGR2;PTPN6;CIITA;TRIM5;OAS1;HLA-DRB5;SP100,excitatory_subtypes,Ex_L5_L6_THEMIS_NR4A2,c9ALS_vs_Control,Reactome_2022
prerank,Interferon Alpha/Beta Signaling R-HSA-909733,0.2842268242319001,0.9512489893354494,0.5372945638432364,1.0,1.0,14/51,19.64%,STAT1;IRF1;RSAD2;IFIT2;PTPN6;OAS1;USP18;IFNAR2;IFITM2;GBP2;IFITM3;MX1;IFI6;HLA-E,excitatory_subtypes,Ex_L5_L6_THEMIS_NR4A2,c9ALS_vs_Control,Reactome_2022
prerank,Interferon Alpha/Beta Signaling R-HSA-909733,0.2511488265166262,0.8580679941454754,0.7183908045977011,1.0,1.0,9/51,15.68%,STAT1;IFIT2;IFNAR1;KPNA1;USP18;JAK1;PTPN1;MX1;MX2,excitatory_subtypes,Ex_L5_L6_THEMIS_NR4A2,sALS_vs_Control,Reactome_2022
prerank,Mitochondrial tRNA Aminoacylation R-HSA-379726,0.2960980844428686,0.8424679408731982,0.6990291262135923,1.0,1.0,2/19,1.48%,EARS2;FARS2,excitatory_subtypes,Ex_L5_PCP4_NXPH2,sALS_vs_Control,Reactome_2022
prerank,Late Endosomal Microautophagy R-HSA-9615710,0.2773557692802456,0.8285578698938377,0.7519260400616333,1.0,1.0,14/31,34.12%,RPS27A;CFTR;PARK7;CHMP2B;HSPA8;RNASE1;UBA52;CHMP2A;PCNT;VPS37C;MVB12B;IFT88;ARL13B;UBB,broad,Excitatory,c9ALS_vs_Control,Reactome_2022
prerank,DDX58/IFIH1-mediated Induction Of Interferon-Alpha/Beta R-HSA-168928,0.2434781949797861,0.8127698801456424,0.8059125964010283,1.0,1.0,11/69,14.07%,RPS27A;TRIM25;S100B;CASP8;TBK1;FADD;TAX1BP1;ISG15;CYLD;DHX58;UBE2L6,excitatory_subtypes,Ex_L5_L6_THEMIS_TMEM233,c9ALS_vs_Control,Reactome_2022
prerank,Late Endosomal Microautophagy R-HSA-9615710,0.2773545758123749,0.8041990279724179,0.774145616641902,1.0,1.0,3/30,2.28%,RPS27A;CFTR;RNASE1,excitatory_subtypes,Ex_L5_L6_THEMIS_TMEM233,c9ALS_vs_Control,Reactome_2022
prerank,STING Mediated Induction Of Host Immune Responses R-HSA-1834941,0.3103027753505433,0.7914866529403016,0.7844660194174757,1.0,1.0,3/15,15.71%,PRKDC;TBK1;NLRC3,excitatory_subtypes,Ex_L5_L6_THEMIS_NR4A2,sALS_vs_Control,Reactome_2022
prerank,Interferon Signaling R-HSA-913531,0.2012943891987204,0.777402169289179,0.9030837004405288,1.0,1.0,34/161,19.64%,STAT1;PTAFR;ICAM1;MT2A;KPNA7;IRF1;HLA-DRB1;NUP160;RSAD2;GNL3;IFIT2;RPS27A;TRIM62;IFNGR2;PTPN6;EIF2AK2;CIITA;TRIM5;OAS1;NUP153;USP18;HLA-DRB5;SP100;IFNAR2;IFITM2;SEC13;FLNB;GBP2;NUP88;IFITM3;MX1;IFI6;NUP93;HLA-E,excitatory_subtypes,Ex_L5_L6_THEMIS_NR4A2,c9ALS_vs_Control,Reactome_2022
prerank,Activation Of IRF3/IRF7 Mediated By TBK1/IKK Epsilon R-HSA-936964,0.316768727459198,0.773134527599011,0.7993527508090615,1.0,1.0,3/15,7.34%,RPS27A;NDUFA2;TBK1,excitatory_subtypes,Ex_L5_L6_THEMIS_TMEM233,c9ALS_vs_Control,Reactome_2022
prerank,Golgi Associated Vesicle Biogenesis R-HSA-432722,0.2286818263667506,0.7548602714049414,0.8813096862210096,1.0,1.0,9/51,15.49%,AP1M2;YIPF6;CLTA;AP1S1;TGOLN2;DTNBP1;FTH1;FTL;SNAPIN,broad,Excitatory,c9ALS_vs_Control,Reactome_2022
prerank,Phase 4 - Resting Membrane Potential R-HSA-5576886,0.2621293717695093,0.7108735375920998,0.8821752265861027,1.0,1.0,5/19,19.55%,KCNK3;KCNJ2;KCNK15;KCNK13;KCNJ12,broad,Excitatory,c9ALS_vs_Control,Reactome_2022
prerank,Response Of Mtb To Phagocytosis R-HSA-9637690,0.2631019468815222,0.7090998953335101,0.8780864197530864,1.0,1.0,7/20,23.20%,RPS27A;KPNB1;RNF213;RAB5A;DUSP16;UBA52;GSK3A,broad,Excitatory,c9ALS_vs_Control,Reactome_2022
prerank,Activation Of IRF3/IRF7 Mediated By TBK1/IKK Epsilon R-HSA-936964,0.2700784736343479,0.7017439528131991,0.8701854493580599,1.0,1.0,5/16,26.16%,TBK1;RPS27A;UBA52;IRF3;NDUFA2,excitatory_subtypes,Ex_L5_L6_THEMIS_NR4A2,c9ALS_vs_Control,Reactome_2022
prerank,Lysosome Vesicle Biogenesis R-HSA-432720,0.2260300524746343,0.6824569713452755,0.9197080291970804,1.0,1.0,10/31,26.68%,AP1M2;CLTA;AP1S1;M6PR;HSPA8;AP4M1;CTSZ;CHMP2A;CLTC;DNASE2,broad,Excitatory,c9ALS_vs_Control,Reactome_2022
prerank,STING Mediated Induction Of Host Immune Responses R-HSA-1834941,0.2632568950482891,0.6521758832940996,0.9069400630914828,1.0,1.0,5/15,21.74%,NLRC3;TBK1;IFI16;PRKDC;NLRP4,excitatory_subtypes,Ex_L5_L6_THEMIS_TMEM233,c9ALS_vs_Control,Reactome_2022
prerank,trans-Golgi Network Vesicle Budding R-HSA-199992,0.182707041333535,0.6275634708122374,0.9920212765957448,1.0,1.0,20/67,28.59%,AP1M2;YIPF6;CLTA;AP1S1;TGOLN2;DTNBP1;FTH1;FTL;SNAPIN;M6PR;HSPA8;AP4M1;CTSZ;CHMP2A;CLTC;SNX2;DNASE2;SNAP23;BLOC1S4;PUM1,broad,Excitatory,c9ALS_vs_Control,Reactome_2022
prerank,Cell Recruitment (Pro-Inflammatory Response) R-HSA-9664424,0.2185716587466723,0.6260038076692158,0.96579476861167,1.0,1.0,2/21,4.98%,NFKB1;IL18,excitatory_subtypes,Ex_L5_L6_THEMIS_NR4A2,sALS_vs_Control,Reactome_2022
prerank,Chaperone Mediated Autophagy R-HSA-9613829,0.2078102304437365,0.5582631696527602,0.967741935483871,1.0,1.0,5/19,22.89%,RPS27A;CFTR;IFT88;PCNT;UBA52,excitatory_subtypes,Ex_L5_L6_THEMIS_NR4A2,c9ALS_vs_Control,Reactome_2022
prerank,Cross-presentation Of Soluble Exogenous Antigens (Endosomes) R-HSA-1236978,0.1685242893393889,0.5404354614004598,0.9907651715039578,1.0,1.0,16/43,37.57%,PSMD14;MRC1;PSMA8;PSMD7;PSMA5;PSMB6;SEM1;PSMB5;PSMD11;PSMB1;MRC2;PSMA3;PSMA7;PSMD4;PSMB8;PSMC1,excitatory_subtypes,Ex_L5_L6_THEMIS_NR4A2,c9ALS_vs_Control,Reactome_2022
