Name,Term,ES,NES,NOM p-val,FDR q-val,FWER p-val,Tag %,Gene %,Lead_genes,level,cell_type,comparison,gene_set_library
prerank,Defective B3GAT3 Causes JDSSDHD R-HSA-3560801,-0.7361701334587306,-2.2873764650496096,0.001,0.001,0.001,9/18,14.58%,GPC1;SDC3;VCAN;AGRN;GPC3;CSPG4;B3GAT3;GPC4;CSPG5,excitatory_subtypes,Ex_L5_L6_THEMIS_NR4A2,c9ALS_vs_Control,Reactome_2022
prerank,"Defective B4GALT7 Causes EDS, Progeroid Type R-HSA-3560783",-0.7423887306649023,-2.2958606935024073,0.001,0.001,0.001,9/18,14.58%,GPC1;SDC3;B4GALT7;VCAN;AGRN;GPC3;CSPG4;GPC4;CSPG5,excitatory_subtypes,Ex_L5_L6_THEMIS_NR4A2,c9ALS_vs_Control,Reactome_2022
prerank,Signaling By NTRKs R-HSA-166520,-0.5055244352385853,-2.319887343715224,0.001,0.001,0.001,55/123,17.25%,MAPK3;NAB2;NELFB;AP2A1;PPP2R1A;CRK;MEF2D;RAP1A;RALGDS;ARC;EGR1;PPP2R5D;EGR3;SHC2;RPS6KA1;IRS1;DNM1;PTPN11;FRS3;IRS2;FOSB;FURIN;JUND;KIDINS220;MAPK1;CDK5R2;DUSP7;CRKL;MAP2K2;CDK5R1;SRC;PCSK6;MAPK12;PTPRU;ID2;MAPK13;PIK3R1;FRS2;AP2M1;MAPK11;NTRK1;CDK5;CLTC;EP300;PIGU;DUSP3;NRAS;AP2B1;MAP2K1;CHD4;KCNH8;RHOA;REST;DNM3;MAPKAPK2,excitatory_subtypes,Ex_L5_L6_THEMIS_NR4A2,c9ALS_vs_Control,Reactome_2022
prerank,Signaling By NTRK1 (TRKA) R-HSA-187037,-0.5133564329283731,-2.347450345545516,0.001,0.001,0.001,48/106,17.25%,MAPK3;NAB2;AP2A1;PPP2R1A;CRK;MEF2D;RAP1A;RALGDS;ARC;EGR1;PPP2R5D;EGR3;SHC2;RPS6KA1;IRS1;DNM1;IRS2;FOSB;JUND;KIDINS220;MAPK1;CDK5R2;DUSP7;CRKL;MAP2K2;CDK5R1;SRC;MAPK12;ID2;MAPK13;PIK3R1;FRS2;AP2M1;MAPK11;NTRK1;CDK5;CLTC;EP300;DUSP3;NRAS;AP2B1;MAP2K1;CHD4;KCNH8;RHOA;REST;DNM3;MAPKAPK2,excitatory_subtypes,Ex_L5_L6_THEMIS_NR4A2,c9ALS_vs_Control,Reactome_2022
prerank,G-protein Mediated Events R-HSA-112040,-0.6000864834398669,-2.3584394744860027,0.001,0.001,0.001,22/51,13.68%,GRK2;AHCYL1;GNAI2;GNA11;PDE1A;GNAI1;GNAI3;ITPR1;ITPR2;PRKCD;PRKAR1B;PRKAR1A;MAPK1;CAMK2B;PRKAR2A;CAMK2A;PRKCG;ADCY1;GNAQ;GNA15;GNA14;ADCY7,excitatory_subtypes,Ex_L5_L6_THEMIS_NR4A2,c9ALS_vs_Control,Reactome_2022
prerank,Integration Of Energy Metabolism R-HSA-163685,-0.5284735868744562,-2.3871617463987045,0.001,0.001,0.001,36/97,13.68%,AGPAT1;KCNS3;GNB2;AHCYL1;FASN;GNAI2;PPP2R1A;GNA11;STK11;RAP1A;PPP2R5D;PRKAB2;ABCC8;GNAI1;GNG12;ITPR1;ITPR2;RAPGEF3;PRKAR1B;SNAP25;PRKAR1A;KCNC2;PRKAR2A;PRKAA2;ADCY1;ADIPOR2;STXBP1;STX1A;GNAQ;SYT5;GNG7;GNA15;ADRA2A;GNA14;GNG3;ADCY7,excitatory_subtypes,Ex_L5_L6_THEMIS_NR4A2,c9ALS_vs_Control,Reactome_2022
prerank,Opioid Signaling R-HSA-111885,-0.5619958777939088,-2.4432663081515815,0.001,0.001,0.001,33/81,13.89%,GRK2;GNB2;AHCYL1;GNAI2;PPP2R1A;GNA11;PPP2R5D;PDE1A;GNAI1;GNAI3;GNG12;ITPR1;ITPR2;PRKCD;PRKAR1B;PPP1CA;PPP1R1B;PRKAR1A;MAPK1;CAMK2B;PRKAR2A;CAMK2A;PRKCG;ADCY1;GNAQ;GNG7;GNA15;GNA14;GNG3;PDE4A;ADCY7;PDE4B;CDK5,excitatory_subtypes,Ex_L5_L6_THEMIS_NR4A2,c9ALS_vs_Control,Reactome_2022
prerank,RAF-independent MAPK1/3 Activation R-HSA-112409,-0.7045501997021187,-2.2625431588362988,0.001,0.0011905182359727,0.003,11/21,10.86%,MAPK3;DUSP2;PEA15;JAK2;DUSP9;PTPN11;MAPK1;DUSP7;MAP2K2;DUSP5;DUSP8,excitatory_subtypes,Ex_L5_L6_THEMIS_NR4A2,c9ALS_vs_Control,Reactome_2022
prerank,Regulation Of Insulin Secretion R-HSA-422356,-0.5082306062173111,-2.169301704636701,0.001,0.0031747152959274,0.012,26/70,13.16%,KCNS3;GNB2;AHCYL1;GNAI2;GNA11;RAP1A;ABCC8;GNAI1;GNG12;ITPR1;ITPR2;RAPGEF3;PRKAR1B;SNAP25;PRKAR1A;KCNC2;PRKAR2A;STXBP1;STX1A;GNAQ;SYT5;GNG7;GNA15;ADRA2A;GNA14;GNG3,excitatory_subtypes,Ex_L5_L6_THEMIS_NR4A2,c9ALS_vs_Control,Reactome_2022
prerank,Nuclear Events (Kinase And Transcription Factor Activation) R-HSA-198725,-0.5382010359240744,-2.187339929465041,0.001,0.0031747152959274,0.011,33/56,23.55%,MAPK3;NAB2;PPP2R1A;MEF2D;ARC;EGR1;PPP2R5D;EGR3;RPS6KA1;FOSB;JUND;MAPK1;CDK5R2;DUSP7;CDK5R1;ID2;MAPK11;CDK5;EP300;DUSP3;CHD4;KCNH8;REST;MAPKAPK2;PPP2CB;RPS6KA5;DNM2;SRF;MAPK14;NAB1;EGR4;PPP2R1B;SGK1,excitatory_subtypes,Ex_L5_L6_THEMIS_NR4A2,c9ALS_vs_Control,Reactome_2022
prerank,Eukaryotic Translation Elongation R-HSA-156842,0.7073262846026176,2.613628129470495,0.001,0.001,0.001,62/83,18.99%,UBA52;RPL27;RPL12;RPL18;RPS4X;RPS28;EEF1A1;RPL4;RPS11;RPS13;RPLP1;RPS29;RPS27L;RPL8;RPLP0;RPL39L;RPL41;RPL37A;RPL23A;RPL11;RPS27;RPL19;RPL32;RPL39;RPS7;RPS14;EEF1A2;RPL27A;RPL36;RPL9;RPS27A;RPS2;RPL35A;FAU;RPL36AL;RPL28;RPL13A;RPS15;RPS25;RPL35;RPS3;RPS15A;RPL38;RPS21;RPL30;MRPL13;EEF2;RPS19;RPLP2;RPS9;EEF1B2;RPL18A;RPL10A;RPL7;RPL3;RPL15;RPS3A;RPS12;RPL29;RPL23;RPS23;RPL7A,excitatory_subtypes,Ex_L5_L6_THEMIS_NR4A2,c9ALS_vs_sALS,Reactome_2022
prerank,Peptide Chain Elongation R-HSA-156902,0.707288736490787,2.5980711875613873,0.001,0.001,0.001,60/80,18.99%,UBA52;RPL27;RPL12;RPL18;RPS4X;RPS28;EEF1A1;RPL4;RPS11;RPS13;RPLP1;RPS29;RPS27L;RPL8;RPLP0;RPL39L;RPL41;RPL37A;RPL23A;RPL11;RPS27;RPL19;RPL32;RPL39;RPS7;RPS14;RPL27A;RPL36;RPL9;RPS27A;RPS2;RPL35A;FAU;RPL36AL;RPL28;RPL13A;RPS15;RPS25;RPL35;RPS3;RPS15A;RPL38;RPS21;RPL30;MRPL13;EEF2;RPS19;RPLP2;RPS9;RPL18A;RPL10A;RPL7;RPL3;RPL15;RPS3A;RPS12;RPL29;RPL23;RPS23;RPL7A,excitatory_subtypes,Ex_L5_L6_THEMIS_NR4A2,c9ALS_vs_sALS,Reactome_2022
prerank,Eukaryotic Translation Termination R-HSA-72764,0.6921051479046881,2.568422941187668,0.001,0.001,0.001,60/84,18.99%,UBA52;RPL27;RPL12;RPL18;RPS4X;RPS28;RPL4;RPS11;RPS13;RPLP1;RPS29;RPS27L;APEH;RPL8;RPLP0;RPL39L;RPL41;RPL37A;RPL23A;TRMT112;RPL11;RPS27;RPL19;RPL32;RPL39;RPS7;RPS14;RPL27A;RPL36;RPL9;RPS27A;RPS2;RPL35A;FAU;RPL36AL;RPL28;RPL13A;RPS15;RPS25;RPL35;RPS3;RPS15A;RPL38;RPS21;RPL30;MRPL13;RPS19;RPLP2;RPS9;RPL18A;RPL10A;RPL7;RPL3;RPL15;RPS3A;RPS12;RPL29;RPL23;RPS23;RPL7A,excitatory_subtypes,Ex_L5_L6_THEMIS_NR4A2,c9ALS_vs_sALS,Reactome_2022
prerank,Viral mRNA Translation R-HSA-192823,0.6902169416598601,2.537665199378779,0.001,0.001,0.001,63/83,22.31%,UBA52;RPL27;RPL12;RPL18;RPS4X;RPS28;RPL4;RPS11;RPS13;RPLP1;RPS29;RPS27L;RPL8;RPLP0;RPL39L;RPL41;RPL37A;RPL23A;RPL11;RPS27;RPL19;RPL32;RPL39;RPS7;RPS14;RPL27A;RPL36;RPL9;RPS27A;RPS2;RPL35A;FAU;RPL36AL;RPL28;RPL13A;RPS15;RPS25;RPL35;RPS3;RPS15A;RPL38;RPS21;RPL30;MRPL13;RPS19;RPLP2;RPS9;RPL18A;RPL10A;RPL7;RPL3;RPL15;RPS3A;RPS12;RPL29;RPL23;RPS23;RPL7A;RPL6;RPL34;RPL14;GNL3;GRSF1,excitatory_subtypes,Ex_L5_L6_THEMIS_NR4A2,c9ALS_vs_sALS,Reactome_2022
prerank,Formation Of A Pool Of Free 40S Subunits R-HSA-72689,0.6766793434899433,2.5300356257504037,0.001,0.001,0.001,63/92,18.99%,UBA52;RPL27;RPL12;RPL18;RPS4X;RPS28;RPL4;RPS11;RPS13;RPLP1;RPS29;RPS27L;RPL8;RPLP0;RPL39L;RPL41;RPL37A;RPL23A;RPL11;RPS27;RPL19;RPL32;RPL39;RPS7;RPS14;EIF1AX;RPL27A;RPL36;RPL9;RPS27A;RPS2;RPL35A;FAU;RPL36AL;RPL28;RPL13A;RPS15;RPS25;RPL35;RPS3;RPS15A;RPL38;EIF3E;RPS21;RPL30;MRPL13;RPS19;EIF3H;RPLP2;EIF3G;RPS9;RPL18A;RPL10A;RPL7;RPL3;EIF3K;RPL15;RPS3A;RPS12;RPL29;RPL23;RPS23;RPL7A,excitatory_subtypes,Ex_L5_L6_THEMIS_NR4A2,c9ALS_vs_sALS,Reactome_2022
prerank,Nonsense Mediated Decay (NMD) Independent Of Exon Junction Complex (EJC) R-HSA-975956,0.6789613922814532,2.519201154543646,0.001,0.001,0.001,59/86,18.99%,UBA52;RPL27;RPL12;RPL18;RPS4X;RPS28;RPL4;RPS11;RPS13;RPLP1;RPS29;RPS27L;RPL8;RPLP0;RPL39L;RPL41;RPL37A;RPL23A;RPL11;RPS27;RPL19;RPL32;RPL39;RPS7;RPS14;RPL27A;RPL36;RPL9;RPS27A;RPS2;RPL35A;FAU;RPL36AL;RPL28;RPL13A;RPS15;RPS25;RPL35;RPS3;RPS15A;RPL38;PABPC1;RPS21;RPL30;MRPL13;RPS19;RPLP2;RPS9;RPL18A;RPL10A;RPL7;RPL3;RPL15;RPS3A;RPS12;RPL29;RPL23;RPS23;RPL7A,excitatory_subtypes,Ex_L5_L6_THEMIS_NR4A2,c9ALS_vs_sALS,Reactome_2022
prerank,SRP-dependent Cotranslational Protein Targeting To Membrane R-HSA-1799339,0.6602462732386964,2.516710849115923,0.001,0.001,0.001,71/102,21.74%,SSR4;UBA52;RPL27;RPL12;RPL18;RPS4X;SEC61A1;RPS28;RPL4;RPS11;RPS13;RPLP1;RPS29;RPS27L;RPL8;RPLP0;RPL39L;RPL41;RPL37A;RPL23A;RPL11;RPS27;RPL19;RPL32;RPL39;RPS7;RPS14;RPL27A;RPL36;RPL9;RPS27A;RPS2;RPL35A;FAU;RPL36AL;RPL28;RPL13A;RPS15;RPN2;SPCS2;RPS25;RPL35;RPS3;RPS15A;RPL38;RPS21;RPL30;MRPL13;RPS19;SSR3;RPLP2;SEC61G;RPS9;SPCS1;RPL18A;RPL10A;RPL7;RPL3;SEC61A2;RPL15;RPS3A;RPS12;RPL29;RPL23;RPS23;RPL7A;SEC61B;RPL6;SEC11A;RPL34;RPL14,excitatory_subtypes,Ex_L5_L6_THEMIS_NR4A2,c9ALS_vs_sALS,Reactome_2022
prerank,Response Of EIF2AK4 (GCN2) To Amino Acid Deficiency R-HSA-9633012,0.6641897622592697,2.484258611476685,0.001,0.001,0.001,65/90,21.74%,UBA52;RPL27;RPL12;RPL18;RPS4X;RPS28;RPL4;RPS11;RPS13;RPLP1;RPS29;RPS27L;RPL8;RPLP0;RPL39L;RPL41;RPL37A;RPL23A;RPL11;RPS27;RPL19;RPL32;RPL39;RPS7;RPS14;RPL27A;RPL36;RPL9;RPS27A;RPS2;RPL35A;FAU;EIF2S2;RPL36AL;RPL28;CEBPB;RPL13A;ATF3;RPS15;RPS25;RPL35;RPS3;RPS15A;RPL38;RPS21;RPL30;MRPL13;RPS19;RPLP2;RPS9;RPL18A;RPL10A;RPL7;RPL3;RPL15;RPS3A;RPS12;RPL29;RPL23;RPS23;RPL7A;RPL6;IMPACT;RPL34;RPL14,excitatory_subtypes,Ex_L5_L6_THEMIS_NR4A2,c9ALS_vs_sALS,Reactome_2022
prerank,L13a-mediated Translational Silencing Of Ceruloplasmin Expression R-HSA-156827,0.6576337068675273,2.4818938546604175,0.001,0.001,0.001,65/101,18.16%,UBA52;RPL27;RPL12;RPL18;RPS4X;RPS28;RPL4;RPS11;RPS13;RPLP1;RPS29;RPS27L;RPL8;RPLP0;RPL39L;RPL41;RPL37A;RPL23A;RPL11;RPS27;RPL19;EIF4A2;RPL32;RPL39;RPS7;RPS14;EIF1AX;RPL27A;RPL36;RPL9;RPS27A;RPS2;RPL35A;FAU;EIF2S2;RPL36AL;RPL28;RPL13A;RPS15;RPS25;RPL35;RPS3;RPS15A;RPL38;EIF3E;PABPC1;RPS21;RPL30;MRPL13;RPS19;EIF3H;RPLP2;EIF3G;RPS9;RPL18A;RPL10A;RPL7;RPL3;EIF3K;RPL15;RPS3A;RPS12;RPL29;RPL23;RPS23,excitatory_subtypes,Ex_L5_L6_THEMIS_NR4A2,c9ALS_vs_sALS,Reactome_2022
prerank,GTP Hydrolysis And Joining Of 60S Ribosomal Subunit R-HSA-72706,0.6536278221927514,2.4657330541679303,0.001,0.001,0.001,64/102,18.16%,UBA52;RPL27;RPL12;RPL18;RPS4X;RPS28;RPL4;RPS11;RPS13;RPLP1;RPS29;RPS27L;RPL8;RPLP0;RPL39L;RPL41;RPL37A;RPL23A;RPL11;RPS27;RPL19;EIF4A2;RPL32;RPL39;RPS7;RPS14;EIF1AX;RPL27A;RPL36;RPL9;RPS27A;RPS2;RPL35A;FAU;EIF2S2;RPL36AL;RPL28;RPL13A;RPS15;RPS25;RPL35;RPS3;RPS15A;RPL38;EIF3E;RPS21;RPL30;MRPL13;RPS19;EIF3H;RPLP2;EIF3G;RPS9;RPL18A;RPL10A;RPL7;RPL3;EIF3K;RPL15;RPS3A;RPS12;RPL29;RPL23;RPS23,excitatory_subtypes,Ex_L5_L6_THEMIS_NR4A2,c9ALS_vs_sALS,Reactome_2022
prerank,Signaling By FGFR3 R-HSA-5654741,-0.6540900424218918,-2.086200118882348,0.001,0.001,0.004,17/36,13.32%,MAPK3;PPP2R1A;FGF17;MAPK1;SPRY2;PPP2CB;PIK3CA;PLCG1;UBA52;SRC;GRB2;FGF9;UBB;UBC;FGF5;FRS3;HRAS,excitatory_subtypes,Ex_L5_L6_THEMIS_NR4A2,sALS_vs_Control,Reactome_2022
prerank,Cholesterol Biosynthesis R-HSA-191273,-0.7169471611201792,-2.1087489888714477,0.001,0.001,0.004,14/25,12.14%,ARV1;HMGCS1;TM7SF2;MVD;FDFT1;HMGCR;SREBF1;SC5D;FDPS;DHCR24;SQLE;MSMO1;DHCR7;PLPP6,excitatory_subtypes,Ex_L5_L6_THEMIS_NR4A2,sALS_vs_Control,Reactome_2022
prerank,ESR-mediated Signaling R-HSA-8939211,-0.5131378116233352,-2.1097553164777927,0.001,0.001,0.004,64/155,19.03%,MAPK3;JUND;CDK9;GNAI2;MAPK1;GNB2;H2AX;NRIP1;H2AZ2;FOSB;KAT2B;CDKN1B;YY1;POLR2L;GTF2F1;GNGT1;GNAI3;GNG3;POLR2J;AKT1;JUN;PIK3CA;FOXO3;RAD21;POLR2D;UHMK1;MYC;SRC;HBEGF;CREB1;GNB3;USF2;CARM1;FKBP5;DDX5;POLR2B;KAT5;GNG4;FKBP4;KANK1;PRMT1;SRF;CXXC5;CAV2;KPNA2;HRAS;GTF2A2;H2BC15;USF1;RUNX1;MBD4;POLR2H;GNG12;GTF2A1;EBAG9;H2AC6;GNAI1;NCOA1;STRN;POLR2E;CAV1;ZDHHC21;NRAS;H3-3B,excitatory_subtypes,Ex_L5_L6_THEMIS_NR4A2,sALS_vs_Control,Reactome_2022
prerank,Circadian Clock R-HSA-400253,-0.5996651430112382,-2.1106747276292217,0.001,0.001,0.004,31/64,17.24%,CRTC2;CSNK1E;PER1;NRIP1;NR1D1;MEF2D;NAMPT;NR3C1;NFIL3;PPP1CC;CSNK1D;CRTC1;UBA52;SREBF1;PPP1CA;CREB1;CARM1;PPARGC1A;LIN9;RORA;SMARCD3;UBB;UBC;SIRT1;PPARA;MEF2C;SERPINE1;FBXL3;MBD4;HIF1A;NCOA1,excitatory_subtypes,Ex_L5_L6_THEMIS_NR4A2,sALS_vs_Control,Reactome_2022
prerank,FOXO-mediated Transcription R-HSA-9614085,-0.6035452620495423,-2.1137278055548885,0.001,0.001,0.004,25/60,12.17%,STK11;CCNG2;PCBP4;KAT2B;DDIT3;NR3C1;CDKN1B;BTG1;AKT1;CITED2;BBC3;FOXO3;SMAD4;SREBF1;YWHAG;PPARGC1A;NFYC;HDAC2;YWHAZ;CDKN1A;SIRT3;MSTN;TXN2;SIRT1;MAP4K2,excitatory_subtypes,Ex_L5_L6_THEMIS_NR4A2,sALS_vs_Control,Reactome_2022
prerank,Negative Regulation Of MAPK Pathway R-HSA-5675221,-0.6595667089289655,-2.122010411288611,0.001,0.001,0.004,17/39,10.44%,MAPK3;PPP2R1A;PPP2R5B;DUSP8;MAPK1;ARAF;DUSP7;PPP2R5D;MAP2K2;PPP2CB;UBA52;DUSP2;DUSP12;UBB;PPP2R1B;MAPK12;UBC,excitatory_subtypes,Ex_L5_L6_THEMIS_NR4A2,sALS_vs_Control,Reactome_2022
prerank,Regulation Of Cholesterol Biosynthesis By SREBP (SREBF) R-HSA-1655829,-0.6141422916406549,-2.1361128369652005,0.001,0.001,0.003,28/54,18.50%,FASN;INSIG1;HMGCS1;TM7SF2;MVD;FDFT1;INSIG2;HMGCR;SREBF1;SC5D;FDPS;CARM1;SQLE;NFYC;LIN9;DHCR7;RAN;SMARCD3;PPARA;SEC24B;MBD4;LMBR1;ACACA;SEC24C;NCOA1;SCAP;NFYA;PMVK,excitatory_subtypes,Ex_L5_L6_THEMIS_NR4A2,sALS_vs_Control,Reactome_2022
prerank,Unfolded Protein Response (UPR) R-HSA-381119,-0.5901453716427161,-2.1534902773634914,0.001,0.001,0.003,39/82,20.24%,PPP2R5B;ATF4;ARFGAP1;EXOSC6;KLHDC3;CXXC1;EXTL1;ACADVL;HYOU1;TSPYL2;SSR1;KHSRP;DDIT3;ATF3;SERP1;CREBRF;CALR;HERPUD1;SYVN1;SRPRA;CEBPB;WFS1;NFYC;HSP90B1;EXOSC9;EXTL3;ACD;EIF2S3;CREB3L2;HDGF;EDEM1;EIF2AK3;NFYA;WIPI1;LMNA;SEC31A;DCP2;KDELR3;CREB3L4,excitatory_subtypes,Ex_L5_L6_THEMIS_NR4A2,sALS_vs_Control,Reactome_2022
prerank,Activation Of Gene Expression By SREBF (SREBP) R-HSA-2426168,-0.6615096550724424,-2.175459677782696,0.001,0.001,0.002,22/41,18.50%,FASN;HMGCS1;TM7SF2;MVD;FDFT1;HMGCR;SREBF1;SC5D;FDPS;CARM1;SQLE;NFYC;LIN9;DHCR7;SMARCD3;PPARA;MBD4;LMBR1;ACACA;NCOA1;NFYA;PMVK,excitatory_subtypes,Ex_L5_L6_THEMIS_NR4A2,sALS_vs_Control,Reactome_2022
prerank,Nuclear Events (Kinase And Transcription Factor Activation) R-HSA-198725,-0.6335995639910245,-2.207359885087192,0.001,0.001,0.001,28/56,13.75%,MAPK3;JUND;CDK5R1;PPP2R1A;MAPK1;DUSP7;FOSB;PPP2R5D;MEF2D;CDK5R2;PPP2CB;VGF;CDK5;EGR3;NAB2;EGR4;MAPK11;CREB1;ID2;REST;NAB1;PPP2R1B;SRF;ARC;EGR2;MAPK7;MEF2C;RRAD,excitatory_subtypes,Ex_L5_L6_THEMIS_NR4A2,sALS_vs_Control,Reactome_2022
prerank,Viral mRNA Translation R-HSA-192823,0.7948245817993006,2.727464611633504,0.001,0.001,0.001,67/83,13.25%,RPL30;RPL38;RPL37A;RPS27A;RPS28;RPL37;RPL5;RPL35A;RPS24;RPL23;RPS12;RPL21;RPS23;RPL36AL;RPS21;RPL11;RPS27;RPS6;RPLP1;RPS3A;RPL12;RPL23A;RPS20;RPL27;RPL34;RPS15A;RPS7;RPL9;RPL22;RPL32;RPL10A;GNL3;RPL41;RPS4X;RPL6;RPL7;RPLP2;RPL36;RPL27A;RPL31;RPS14;RPS25;RPL14;RSL24D1;RPS27L;RPS3;RPS8;RPS15;RPS19;RPS11;RPL19;RPSA;RPL18A;RPL35;RPS16;DNAJC3;RPS13;FAU;RPL22L1;RPL26L1;RPL29;RPS2;RPL3;RPL8;RPL7A;RPL13A;RPL15,excitatory_subtypes,Ex_L5_L6_THEMIS_TMEM233,c9ALS_vs_Control,Reactome_2022
prerank,Peptide Chain Elongation R-HSA-156902,0.7964585622235528,2.7253897410924544,0.001,0.001,0.001,65/81,13.25%,RPL30;RPL38;RPL37A;RPS27A;RPS28;RPL37;RPL5;RPL35A;RPS24;RPL23;RPS12;RPL21;RPS23;RPL36AL;RPS21;RPL11;RPS27;RPS6;RPLP1;RPS3A;RPL12;RPL23A;RPS20;RPL27;RPL34;RPS15A;RPS7;RPL9;RPL22;RPL32;RPL10A;RPL41;RPS4X;RPL6;RPL7;RPLP2;RPL36;RPL27A;RPL31;RPS14;RPS25;RPL14;RSL24D1;RPS27L;RPS3;RPS8;RPS15;RPS19;RPS11;RPL19;RPSA;RPL18A;RPL35;RPS16;RPS13;FAU;RPL22L1;RPL26L1;RPL29;RPS2;RPL3;RPL8;RPL7A;RPL13A;RPL15,excitatory_subtypes,Ex_L5_L6_THEMIS_TMEM233,c9ALS_vs_Control,Reactome_2022
prerank,Eukaryotic Translation Termination R-HSA-72764,0.7903908471272678,2.7240427270599756,0.001,0.001,0.001,66/85,13.25%,RPL30;RPL38;RPL37A;RPS27A;RPS28;RPL37;RPL5;RPL35A;RPS24;RPL23;RPS12;N6AMT1;RPL21;RPS23;RPL36AL;RPS21;RPL11;RPS27;RPS6;RPLP1;RPS3A;RPL12;RPL23A;RPS20;RPL27;RPL34;RPS15A;RPS7;RPL9;RPL22;RPL32;RPL10A;RPL41;RPS4X;RPL6;RPL7;RPLP2;RPL36;RPL27A;RPL31;RPS14;RPS25;RPL14;RSL24D1;RPS27L;RPS3;RPS8;RPS15;RPS19;RPS11;RPL19;RPSA;RPL18A;RPL35;RPS16;RPS13;FAU;RPL22L1;RPL26L1;RPL29;RPS2;RPL3;RPL8;RPL7A;RPL13A;RPL15,excitatory_subtypes,Ex_L5_L6_THEMIS_TMEM233,c9ALS_vs_Control,Reactome_2022
prerank,Nonsense Mediated Decay (NMD) Independent Of Exon Junction Complex (EJC) R-HSA-975956,0.7799730914717203,2.7107058572010696,0.001,0.001,0.001,65/87,13.25%,RPL30;RPL38;RPL37A;RPS27A;RPS28;RPL37;RPL5;RPL35A;RPS24;RPL23;RPS12;RPL21;RPS23;RPL36AL;RPS21;RPL11;RPS27;RPS6;RPLP1;RPS3A;RPL12;RPL23A;RPS20;RPL27;RPL34;RPS15A;RPS7;RPL9;RPL22;RPL32;RPL10A;RPL41;RPS4X;RPL6;RPL7;RPLP2;RPL36;RPL27A;RPL31;RPS14;RPS25;RPL14;RSL24D1;RPS27L;RPS3;RPS8;RPS15;RPS19;RPS11;RPL19;RPSA;RPL18A;RPL35;RPS16;RPS13;FAU;RPL22L1;RPL26L1;RPL29;RPS2;RPL3;RPL8;RPL7A;RPL13A;RPL15,excitatory_subtypes,Ex_L5_L6_THEMIS_TMEM233,c9ALS_vs_Control,Reactome_2022
prerank,SRP-dependent Cotranslational Protein Targeting To Membrane R-HSA-1799339,0.7568703027211787,2.691689992507962,0.001,0.001,0.001,80/103,16.01%,RPL30;RPL38;RPL37A;RPS27A;RPS28;RPL37;RPL5;RPL35A;RPS24;RPL23;RPS12;RPL21;RPS23;RPL36AL;RPS21;RPL11;RPS27;RPS6;RPLP1;RPS3A;RPL12;RPL23A;RPS20;RPL27;RPL34;RPS15A;RPS7;RPL9;RPL22;RPL32;RPL10A;RPL41;SPCS3;RPS4X;RPL6;RPL7;RPLP2;RPL36;RPL27A;RPL31;RPS14;RPS25;RPL14;RSL24D1;RPS27L;SEC61G;RPS3;RPS8;RPS15;RPS19;SEC61B;RPS11;RPL19;SEC11C;SRP14;SPCS1;RPSA;RPL18A;RPL35;RPS16;SPCS2;RPS13;SEC11A;FAU;RPL22L1;RPL26L1;SRP54;RPL29;RPS2;RPL3;RPL8;RPL7A;RPL13A;SSR3;RPL15;SEC61A2;RPS9;RPS29;RPL18;SSR2,excitatory_subtypes,Ex_L5_L6_THEMIS_TMEM233,c9ALS_vs_Control,Reactome_2022
prerank,Formation Of A Pool Of Free 40S Subunits R-HSA-72689,0.7745619676570762,2.6861997466279823,0.001,0.001,0.001,69/93,13.25%,RPL30;RPL38;RPL37A;EIF3J;RPS27A;RPS28;RPL37;RPL5;RPL35A;RPS24;RPL23;RPS12;RPL21;RPS23;RPL36AL;RPS21;RPL11;RPS27;RPS6;RPLP1;RPS3A;RPL12;RPL23A;RPS20;RPL27;RPL34;RPS15A;RPS7;RPL9;RPL22;RPL32;RPL10A;RPL41;RPS4X;RPL6;RPL7;RPLP2;RPL36;RPL27A;RPL31;RPS14;RPS25;RPL14;RSL24D1;RPS27L;EIF3A;RPS3;RPS8;RPS15;RPS19;RPS11;RPL19;RPSA;RPL18A;RPL35;RPS16;EIF3D;RPS13;EIF3K;FAU;RPL22L1;RPL26L1;RPL29;RPS2;RPL3;RPL8;RPL7A;RPL13A;RPL15,excitatory_subtypes,Ex_L5_L6_THEMIS_TMEM233,c9ALS_vs_Control,Reactome_2022
prerank,Eukaryotic Translation Elongation R-HSA-156842,0.7832659039026361,2.6803768096889344,0.001,0.001,0.001,66/84,13.25%,RPL30;RPL38;RPL37A;RPS27A;RPS28;RPL37;RPL5;RPL35A;RPS24;RPL23;RPS12;RPL21;RPS23;RPL36AL;RPS21;RPL11;RPS27;RPS6;RPLP1;RPS3A;RPL12;RPL23A;RPS20;RPL27;RPL34;RPS15A;RPS7;RPL9;RPL22;RPL32;RPL10A;RPL41;RPS4X;RPL6;RPL7;RPLP2;RPL36;RPL27A;RPL31;RPS14;RPS25;RPL14;RSL24D1;RPS27L;RPS3;RPS8;RPS15;RPS19;RPS11;RPL19;RPSA;RPL18A;RPL35;RPS16;RPS13;FAU;RPL22L1;EEF1B2;RPL26L1;RPL29;RPS2;RPL3;RPL8;RPL7A;RPL13A;RPL15,excitatory_subtypes,Ex_L5_L6_THEMIS_TMEM233,c9ALS_vs_Control,Reactome_2022
prerank,Selenocysteine Synthesis R-HSA-2408557,0.7790061386726956,2.6764458808672105,0.001,0.001,0.001,71/85,17.39%,RPL30;RPL38;RPL37A;RPS27A;RPS28;RPL37;RPL5;RPL35A;RPS24;RPL23;RPS12;RPL21;RPS23;RPL36AL;RPS21;RPL11;RPS27;RPS6;RPLP1;RPS3A;RPL12;RPL23A;RPS20;RPL27;RPL34;RPS15A;RPS7;RPL9;RPL22;RPL32;RPL10A;RPL41;RPS4X;RPL6;RPL7;RPLP2;RPL36;RPL27A;RPL31;RPS14;RPS25;RPL14;RSL24D1;RPS27L;RPS3;RPS8;RPS15;RPS19;RPS11;RPL19;RPSA;RPL18A;RPL35;RPS16;RPS13;FAU;RPL22L1;RPL26L1;RPL29;RPS2;RPL3;RPL8;RPL7A;RPL13A;RPL15;RPS9;RPS29;RPL18;EEFSEC;RPS5;RPL39,excitatory_subtypes,Ex_L5_L6_THEMIS_TMEM233,c9ALS_vs_Control,Reactome_2022
prerank,Nonsense Mediated Decay (NMD) Enhanced By Exon Junction Complex (EJC) R-HSA-975957,0.7419257237785758,2.662699669079331,0.001,0.001,0.001,70/105,13.25%,RPL30;RPL38;RPL37A;RPS27A;RPS28;RPL37;RPL5;RPL35A;RPS24;RPL23;RPS12;RPL21;RPS23;RPL36AL;RPS21;RPL11;RPS27;RPS6;RPLP1;RPS3A;RPL12;RPL23A;RPS20;RPL27;RPL34;RPS15A;RPS7;RPL9;RPL22;RPL32;RPL10A;RPL41;RPS4X;RPL6;RPL7;RPLP2;RPL36;RPL27A;RPL31;MAGOHB;RPS14;RPS25;RPL14;RBM8A;RSL24D1;RPS27L;RPS3;RPS8;RPS15;RPS19;RPS11;RPL19;RPSA;RPL18A;RPL35;RPS16;UPF2;EIF4A3;RPS13;FAU;RPL22L1;RPL26L1;RPL29;RPS2;RPL3;RPL8;SMG6;RPL7A;RPL13A;RPL15,excitatory_subtypes,Ex_L5_L6_THEMIS_TMEM233,c9ALS_vs_Control,Reactome_2022
prerank,L13a-mediated Translational Silencing Of Ceruloplasmin Expression R-HSA-156827,0.7547989374396586,2.6572316514796985,0.001,0.001,0.001,70/102,13.25%,RPL30;RPL38;RPL37A;EIF3J;RPS27A;RPS28;RPL37;RPL5;RPL35A;RPS24;RPL23;RPS12;RPL21;RPS23;RPL36AL;RPS21;RPL11;RPS27;RPS6;RPLP1;RPS3A;RPL12;RPL23A;RPS20;RPL27;RPL34;RPS15A;RPS7;RPL9;RPL22;RPL32;RPL10A;RPL41;RPS4X;RPL6;RPL7;RPLP2;RPL36;RPL27A;RPL31;RPS14;RPS25;RPL14;RSL24D1;RPS27L;EIF3A;RPS3;RPS8;RPS15;EIF2S2;RPS19;RPS11;RPL19;RPSA;RPL18A;RPL35;RPS16;EIF3D;RPS13;EIF3K;FAU;RPL22L1;RPL26L1;RPL29;RPS2;RPL3;RPL8;RPL7A;RPL13A;RPL15,excitatory_subtypes,Ex_L5_L6_THEMIS_TMEM233,c9ALS_vs_Control,Reactome_2022
prerank,Eukaryotic Translation Elongation R-HSA-156842,0.8829693364466062,3.2400735594154457,0.001,0.001,0.001,74/84,7.98%,EEF1A2;RPS28;UBA52;RPL28;RPL15;RPL18;EEF2;RPL27;RPS2;RPS15;RPL30;RPS16;RPL36;RPL18A;RPL8;RPL29;RPS19;RPS3;RPS5;RPS11;RPLP1;RPLP2;RPS27L;RPL19;RPL23;RPS20;RPL7A;RPL32;RPL35A;RPS4X;RPSA;RPL23A;RPS21;RPL9;RPL13A;RPL7;RPS7;RPS13;RPL27A;RPL12;RPL35;RPS27;RPL11;RPS27A;RPS14;RPL5;RPL41;RPL37A;RPS15A;RPS9;RPL34;RPL10A;RPL14;RSL24D1;FAU;RPS25;RPS23;RPL39;EEF1A1;RPS3A;RPL21;EEF1D;RPL26L1;RPS24;RPL38;RPS29;RPS8;RPS12;RPL4;RPL3;RPLP0;RPL31;RPS6;RPL36AL,excitatory_subtypes,Ex_L5_L6_THEMIS_TMEM233,c9ALS_vs_sALS,Reactome_2022
prerank,SRP-dependent Cotranslational Protein Targeting To Membrane R-HSA-1799339,0.8559242362478316,3.225859185667123,0.001,0.001,0.001,81/103,7.98%,RPS28;UBA52;RPL28;RPL15;RPL18;RPL27;RPS2;RPS15;SRP14;RPL30;RPS16;RPL36;RPL18A;RPL8;SRP72;SEC61G;RPL29;RPS19;RPS3;RPS5;RPS11;RPLP1;RPLP2;SPCS2;RPS27L;RPL19;RPL23;RPS20;RPL7A;RPL32;RPL35A;RPS4X;RPSA;RPL23A;SPCS3;RPS21;RPL9;RPL13A;RPL7;RPS7;RPS13;RPL27A;SRP19;RPL12;RPL35;RPS27;RPL11;RPS27A;RPS14;RPL5;RPL41;RPL37A;SPCS1;RPS15A;RPS9;RPL34;RPL10A;SSR4;RPL14;RSL24D1;FAU;RPS25;RPS23;RPL39;SSR2;SRPRB;RPS3A;RPL21;RPL26L1;RPS24;RPL38;RPS29;RPS8;RPS12;SSR3;RPL4;RPL3;RPLP0;RPL31;RPS6;RPL36AL,excitatory_subtypes,Ex_L5_L6_THEMIS_TMEM233,c9ALS_vs_sALS,Reactome_2022
prerank,Eukaryotic Translation Termination R-HSA-72764,0.8800348031184705,3.2252336576426948,0.001,0.001,0.001,74/85,8.46%,RPS28;UBA52;RPL28;RPL15;RPL18;RPL27;RPS2;RPS15;RPL30;RPS16;RPL36;RPL18A;RPL8;TRMT112;RPL29;RPS19;RPS3;RPS5;RPS11;RPLP1;RPLP2;RPS27L;RPL19;RPL23;RPS20;RPL7A;RPL32;RPL35A;GSPT2;RPS4X;RPSA;RPL23A;RPS21;RPL9;RPL13A;RPL7;RPS7;RPS13;RPL27A;RPL12;RPL35;RPS27;RPL11;RPS27A;RPS14;RPL5;RPL41;RPL37A;RPS15A;RPS9;RPL34;RPL10A;RPL14;RSL24D1;FAU;RPS25;RPS23;RPL39;APEH;RPS3A;RPL21;RPL26L1;RPS24;RPL38;RPS29;RPS8;RPS12;RPL4;RPL3;RPLP0;RPL31;RPS6;RPL36AL;GSPT1,excitatory_subtypes,Ex_L5_L6_THEMIS_TMEM233,c9ALS_vs_sALS,Reactome_2022
prerank,Peptide Chain Elongation R-HSA-156902,0.8863999326191884,3.224889599128883,0.001,0.001,0.001,72/81,7.98%,RPS28;UBA52;RPL28;RPL15;RPL18;EEF2;RPL27;RPS2;RPS15;RPL30;RPS16;RPL36;RPL18A;RPL8;RPL29;RPS19;RPS3;RPS5;RPS11;RPLP1;RPLP2;RPS27L;RPL19;RPL23;RPS20;RPL7A;RPL32;RPL35A;RPS4X;RPSA;RPL23A;RPS21;RPL9;RPL13A;RPL7;RPS7;RPS13;RPL27A;RPL12;RPL35;RPS27;RPL11;RPS27A;RPS14;RPL5;RPL41;RPL37A;RPS15A;RPS9;RPL34;RPL10A;RPL14;RSL24D1;FAU;RPS25;RPS23;RPL39;EEF1A1;RPS3A;RPL21;RPL26L1;RPS24;RPL38;RPS29;RPS8;RPS12;RPL4;RPL3;RPLP0;RPL31;RPS6;RPL36AL,excitatory_subtypes,Ex_L5_L6_THEMIS_TMEM233,c9ALS_vs_sALS,Reactome_2022
prerank,Response Of EIF2AK4 (GCN2) To Amino Acid Deficiency R-HSA-9633012,0.8671411414409094,3.209504976004118,0.001,0.001,0.001,75/92,7.98%,RPS28;UBA52;RPL28;RPL15;RPL18;RPL27;RPS2;RPS15;DDIT3;RPL30;RPS16;RPL36;RPL18A;RPL8;RPL29;RPS19;RPS3;RPS5;RPS11;RPLP1;RPLP2;RPS27L;RPL19;RPL23;ATF4;RPS20;RPL7A;RPL32;RPL35A;RPS4X;RPSA;RPL23A;RPS21;RPL9;RPL13A;RPL7;RPS7;RPS13;CEBPB;EIF2S2;RPL27A;RPL12;RPL35;RPS27;RPL11;RPS27A;RPS14;RPL5;RPL41;RPL37A;RPS15A;RPS9;RPL34;ATF3;RPL10A;RPL14;RSL24D1;FAU;RPS25;RPS23;RPL39;RPS3A;RPL21;RPL26L1;RPS24;RPL38;RPS29;RPS8;RPS12;RPL4;RPL3;RPLP0;RPL31;RPS6;RPL36AL,excitatory_subtypes,Ex_L5_L6_THEMIS_TMEM233,c9ALS_vs_sALS,Reactome_2022
prerank,Formation Of A Pool Of Free 40S Subunits R-HSA-72689,0.8654105279335775,3.19468790591966,0.001,0.001,0.001,78/93,7.98%,RPS28;EIF1AX;UBA52;RPL28;RPL15;RPL18;EIF3G;RPL27;RPS2;RPS15;RPL30;RPS16;RPL36;RPL18A;RPL8;RPL29;RPS19;RPS3;RPS5;RPS11;RPLP1;RPLP2;RPS27L;RPL19;RPL23;RPS20;RPL7A;EIF3M;RPL32;RPL35A;RPS4X;RPSA;RPL23A;RPS21;RPL9;RPL13A;RPL7;RPS7;RPS13;RPL27A;RPL12;RPL35;RPS27;RPL11;EIF3K;EIF3F;EIF3E;RPS27A;RPS14;RPL5;EIF3I;RPL41;RPL37A;RPS15A;RPS9;RPL34;RPL10A;RPL14;RSL24D1;FAU;RPS25;RPS23;RPL39;RPS3A;RPL21;EIF3H;RPL26L1;RPS24;RPL38;RPS29;RPS8;RPS12;RPL4;RPL3;RPLP0;RPL31;RPS6;RPL36AL,excitatory_subtypes,Ex_L5_L6_THEMIS_TMEM233,c9ALS_vs_sALS,Reactome_2022
prerank,Viral mRNA Translation R-HSA-192823,0.8671487410963156,3.1738584171122826,0.001,0.001,0.001,71/83,7.98%,RPS28;UBA52;RPL28;RPL15;RPL18;RPL27;RPS2;RPS15;RPL30;RPS16;RPL36;RPL18A;RPL8;RPL29;RPS19;RPS3;RPS5;RPS11;RPLP1;RPLP2;RPS27L;RPL19;RPL23;RPS20;RPL7A;RPL32;RPL35A;RPS4X;RPSA;RPL23A;RPS21;RPL9;RPL13A;RPL7;RPS7;RPS13;RPL27A;RPL12;RPL35;RPS27;RPL11;RPS27A;RPS14;RPL5;GRSF1;RPL41;RPL37A;RPS15A;RPS9;RPL34;RPL10A;RPL14;RSL24D1;FAU;RPS25;RPS23;RPL39;RPS3A;RPL21;RPL26L1;RPS24;RPL38;RPS29;RPS8;RPS12;RPL4;RPL3;RPLP0;RPL31;RPS6;RPL36AL,excitatory_subtypes,Ex_L5_L6_THEMIS_TMEM233,c9ALS_vs_sALS,Reactome_2022
prerank,L13a-mediated Translational Silencing Of Ceruloplasmin Expression R-HSA-156827,0.8504948154580029,3.173448060495422,0.001,0.001,0.001,85/102,10.06%,RPS28;EIF1AX;UBA52;EIF4A2;RPL28;RPL15;RPL18;EIF3G;RPL27;RPS2;RPS15;RPL30;RPS16;RPL36;RPL18A;RPL8;RPL29;RPS19;RPS3;RPS5;RPS11;RPLP1;RPLP2;RPS27L;RPL19;RPL23;RPS20;RPL7A;EIF3M;RPL32;RPL35A;RPS4X;RPSA;RPL23A;RPS21;RPL9;RPL13A;RPL7;RPS7;RPS13;EIF2S2;RPL27A;RPL12;RPL35;RPS27;RPL11;EIF3K;EIF3F;EIF3E;RPS27A;RPS14;RPL5;EIF3I;RPL41;RPL37A;RPS15A;RPS9;RPL34;RPL10A;RPL14;RSL24D1;FAU;RPS25;RPS23;RPL39;RPS3A;RPL21;EIF3H;RPL26L1;RPS24;RPL38;RPS29;RPS8;RPS12;RPL4;RPL3;RPLP0;EIF4H;RPL31;RPS6;RPL36AL;PABPC1;EIF4G1;EIF3D;RPL6,excitatory_subtypes,Ex_L5_L6_THEMIS_TMEM233,c9ALS_vs_sALS,Reactome_2022
prerank,GTP Hydrolysis And Joining Of 60S Ribosomal Subunit R-HSA-72706,0.8476376856447077,3.1727083395469755,0.001,0.001,0.001,82/103,7.98%,RPS28;EIF1AX;UBA52;EIF4A2;RPL28;RPL15;RPL18;EIF3G;RPL27;RPS2;RPS15;RPL30;RPS16;RPL36;RPL18A;RPL8;RPL29;RPS19;RPS3;RPS5;RPS11;RPLP1;RPLP2;EIF5;RPS27L;RPL19;RPL23;RPS20;RPL7A;EIF3M;RPL32;RPL35A;RPS4X;RPSA;RPL23A;RPS21;RPL9;RPL13A;RPL7;RPS7;RPS13;EIF2S2;RPL27A;RPL12;RPL35;RPS27;RPL11;EIF3K;EIF3F;EIF3E;RPS27A;RPS14;RPL5;EIF3I;RPL41;RPL37A;RPS15A;RPS9;RPL34;RPL10A;RPL14;RSL24D1;FAU;RPS25;RPS23;RPL39;RPS3A;RPL21;EIF3H;RPL26L1;RPS24;RPL38;RPS29;RPS8;RPS12;RPL4;RPL3;RPLP0;EIF4H;RPL31;RPS6;RPL36AL,excitatory_subtypes,Ex_L5_L6_THEMIS_TMEM233,c9ALS_vs_sALS,Reactome_2022
prerank,Nonsense Mediated Decay (NMD) Independent Of Exon Junction Complex (EJC) R-HSA-975956,0.8622069625264693,3.1692903204883356,0.001,0.001,0.001,74/87,9.18%,RPS28;UBA52;RPL28;RPL15;RPL18;RPL27;RPS2;RPS15;RPL30;RPS16;RPL36;RPL18A;RPL8;RPL29;RPS19;RPS3;RPS5;RPS11;RPLP1;RPLP2;RPS27L;RPL19;RPL23;RPS20;RPL7A;RPL32;RPL35A;GSPT2;RPS4X;RPSA;RPL23A;RPS21;RPL9;RPL13A;RPL7;RPS7;RPS13;RPL27A;RPL12;RPL35;RPS27;RPL11;RPS27A;RPS14;RPL5;RPL41;RPL37A;RPS15A;RPS9;RPL34;RPL10A;RPL14;RSL24D1;FAU;RPS25;RPS23;RPL39;RPS3A;RPL21;RPL26L1;RPS24;RPL38;RPS29;RPS8;RPS12;RPL4;RPL3;RPLP0;RPL31;RPS6;RPL36AL;GSPT1;PABPC1;EIF4G1,excitatory_subtypes,Ex_L5_L6_THEMIS_TMEM233,c9ALS_vs_sALS,Reactome_2022
prerank,Insertion Of Tail-Anchored Proteins Into Endoplasmic Reticulum Membrane R-HSA-9609523,-0.7926829589119834,-2.192601449966025,0.001,0.001,0.001,12/20,11.66%,EMD;STX1A;SGTA;BAG6;UBL4A;GET3;UBE2J2;PRNP;STX5;APP;VAPA;ALDH3A2,excitatory_subtypes,Ex_L5_L6_THEMIS_TMEM233,sALS_vs_Control,Reactome_2022
prerank,Nuclear Events (Kinase And Transcription Factor Activation) R-HSA-198725,-0.6621827083102685,-2.2809858854558556,0.001,0.001,0.001,26/60,7.27%,PPP2R1A;MAPK11;ARC;NAB2;CDK5;JUND;CDK5R2;MAPK3;SRF;EGR1;RRAD;PPP2CB;CDK5R1;EGR4;DUSP6;DUSP3;FOSB;VGF;EGR3;DUSP7;EGR2;MAPK7;MEF2D;ID2;MAPK1;PPP2R5D,excitatory_subtypes,Ex_L5_L6_THEMIS_TMEM233,sALS_vs_Control,Reactome_2022
prerank,Signaling By NTRK1 (TRKA) R-HSA-187037,-0.6036913298251959,-2.2916723930615626,0.001,0.001,0.001,46/110,10.18%,AP2M1;PPP2R1A;MAPK11;ARC;NAB2;CDK5;HRAS;JUND;CDK5R2;MAPK3;MAP2K2;DNM1;SRF;EGR1;RRAD;PPP2CB;CDK5R1;IRS1;EGR4;MAPK12;DUSP6;DUSP3;FOSB;RALGDS;VGF;AP2S1;SHC2;EGR3;DUSP7;EGR2;MAPK7;MEF2D;ID2;AP2A1;MAPK1;IRS2;PPP2R5D;YWHAB;PIK3CA;BCL11B;ADCYAP1;MAP2K5;DNM3;MAPKAPK2;CRKL;FOS,excitatory_subtypes,Ex_L5_L6_THEMIS_TMEM233,sALS_vs_Control,Reactome_2022
prerank,NGF-stimulated Transcription R-HSA-9031628,-0.6843706972968466,-2.1759849508331355,0.001,0.0013727402510153,0.002,16/39,5.37%,ARC;NAB2;CDK5;JUND;CDK5R2;SRF;EGR1;RRAD;CDK5R1;EGR4;FOSB;VGF;EGR3;EGR2;MEF2D;ID2,excitatory_subtypes,Ex_L5_L6_THEMIS_TMEM233,sALS_vs_Control,Reactome_2022
prerank,WNT5A-dependent Internalization Of FZD4 R-HSA-5099900,-0.8126385776030496,-2.139833583530626,0.001,0.0015252669455726,0.003,8/15,6.07%,AP2M1;PRKCG;DVL2;ARRB2;CLTB;WNT5A;AP2S1;AP2A1,excitatory_subtypes,Ex_L5_L6_THEMIS_TMEM233,sALS_vs_Control,Reactome_2022
prerank,Signaling By NTRKs R-HSA-166520,-0.554714447079295,-2.1436503687883484,0.001,0.0018303203346871,0.003,51/127,10.18%,AP2M1;PPP2R1A;MAPK11;ARC;NAB2;CDK5;HRAS;JUND;CDK5R2;MAPK3;MAP2K2;DNM1;SRF;EGR1;RRAD;PPP2CB;FRS3;CDK5R1;IRS1;EGR4;MAPK12;DUSP6;DUSP3;FOSB;RALGDS;VGF;AP2S1;SHC2;EGR3;DUSP7;EGR2;PTPRU;MAPK7;NELFB;MEF2D;ID2;AP2A1;MAPK1;IRS2;FURIN;PPP2R5D;BAX;YWHAB;PIK3CA;BCL11B;ADCYAP1;MAP2K5;DNM3;MAPKAPK2;CRKL;FOS,excitatory_subtypes,Ex_L5_L6_THEMIS_TMEM233,sALS_vs_Control,Reactome_2022
prerank,PCP/CE Pathway R-HSA-4086400,-0.5646600589141998,-2.0907375229248037,0.001,0.0029742705438666,0.01,31/85,12.81%,AP2M1;PRKCG;DVL2;PFN1;PSMD10;PSMB4;ARRB2;PSMD3;CLTB;SCRIB;PSMA4;WNT5A;SEM1;UBC;AP2S1;DVL3;UBA52;PSMD4;PARD6A;PSMB3;AP2A1;WNT5B;PSMC4;PSMC3;PSMB5;UBB;PSME2;PSMA1;RHOA;AP2B1;PRICKLE1,excitatory_subtypes,Ex_L5_L6_THEMIS_TMEM233,sALS_vs_Control,Reactome_2022
prerank,Unfolded Protein Response (UPR) R-HSA-381119,-0.5660783587091168,-2.0844310934294743,0.001,0.0030505338911452,0.011,32/86,10.37%,ARFGAP1;EXTL1;CXXC1;ACADVL;KLHDC3;ATF4;HYOU1;ATF3;TSPYL2;DDIT3;HERPUD1;KHSRP;ACD;EXOSC6;HDGF;ATP6V0D1;CEBPB;PPP2R5B;PREB;CALR;SYVN1;CREBRF;NFYC;CUL7;WFS1;SRPRB;HSP90B1;EIF2S3;EIF2AK3;CEBPG;CREB3L4;EXOSC4,excitatory_subtypes,Ex_L5_L6_THEMIS_TMEM233,sALS_vs_Control,Reactome_2022
prerank,Negative Regulation Of MAPK Pathway R-HSA-5675221,-0.6573081950089523,-2.103235440437113,0.001,0.0031376920023208,0.009,20/39,9.36%,PPP2R1A;HRAS;MAPK3;MAP2K2;PAQR3;DUSP5;PPP2CB;MAPK12;PPP2R5B;DUSP6;DUSP8;UBC;UBA52;DUSP7;MAPK1;PPP2R5D;YWHAB;DUSP2;PPP5C;UBB,excitatory_subtypes,Ex_L5_L6_THEMIS_TMEM233,sALS_vs_Control,Reactome_2022
prerank,Sealing Of Nuclear Envelope (NE) By ESCRT-III R-HSA-9668328,-0.6860897719321267,-2.0609734566854003,0.001,0.0031614623962777,0.015,12/29,7.84%,TUBB4A;TUBA4A;VPS4A;TUBA1B;TUBB4B;TUBB;IST1;CHMP4B;CHMP2A;CHMP7;TUBB2A;TUBA1C,excitatory_subtypes,Ex_L5_L6_THEMIS_TMEM233,sALS_vs_Control,Reactome_2022
prerank,L13a-mediated Translational Silencing Of Ceruloplasmin Expression R-HSA-156827,0.7119063927138723,2.694116516519918,0.001,0.001,0.001,76/101,21.71%,EIF2S2;EIF3M;RPS28;EIF3J;RPS8;RPS15A;RPS13;RPL30;RPL38;RPL31;RPL37A;RPS16;RPL27A;RPL37;EIF3K;RPS12;RPL5;RPL7;EIF3D;RPS27L;RPS21;RPL6;RPS27A;RPSA;RSL24D1;RPS3A;RPL35A;RPS19;RPL27;RPL21;RPS7;RPL7A;RPL18A;RPL22L1;RPL29;EIF3A;RPL23A;FAU;RPS24;RPS2;RPL36AL;RPL3;RPL32;EIF4H;RPL23;RPL34;RPS23;RPL11;RPS4X;RPL26L1;RPS14;RPS9;RPS20;RPL19;RPS5;RPL10A;RPS3;RPLP1;RPS27;RPS29;EIF3E;RPL9;RPL13A;RPL12;RPS25;RPS15;RPL15;RPLP2;RPL41;RPL36;RPL22;RPL14;RPS11;EIF3H;RPL28;RPL18,excitatory_subtypes,Ex_L5_PCP4_NXPH2,c9ALS_vs_Control,Reactome_2022
prerank,Eukaryotic Translation Termination R-HSA-72764,0.7285879435125335,2.691619730518092,0.001,0.001,0.001,70/84,21.71%,RPS28;RPS8;RPS15A;RPS13;RPL30;RPL38;RPL31;RPL37A;RPS16;RPL27A;RPL37;RPS12;RPL5;RPL7;RPS27L;RPS21;N6AMT1;RPL6;RPS27A;RPSA;RSL24D1;RPS3A;RPL35A;RPS19;RPL27;RPL21;RPS7;RPL7A;RPL18A;RPL22L1;RPL29;RPL23A;FAU;RPS24;RPS2;RPL36AL;RPL3;RPL32;RPL23;RPL34;RPS23;RPL11;RPS4X;RPL26L1;GSPT1;RPS14;RPS9;RPS20;RPL19;RPS5;RPL10A;RPS3;RPLP1;RPS27;RPS29;RPL9;RPL13A;RPL12;RPS25;RPS15;RPL15;RPLP2;RPL41;RPL36;TRMT112;RPL22;RPL14;RPS11;RPL28;RPL18,excitatory_subtypes,Ex_L5_PCP4_NXPH2,c9ALS_vs_Control,Reactome_2022
prerank,GTP Hydrolysis And Joining Of 60S Ribosomal Subunit R-HSA-72706,0.7133905317825212,2.688898923303816,0.001,0.001,0.001,78/102,21.71%,EIF2S2;EIF3M;RPS28;EIF3J;RPS8;RPS15A;RPS13;RPL30;RPL38;RPL31;RPL37A;RPS16;RPL27A;RPL37;EIF3K;RPS12;RPL5;RPL7;EIF3D;RPS27L;RPS21;RPL6;RPS27A;RPSA;RSL24D1;RPS3A;RPL35A;RPS19;RPL27;RPL21;RPS7;EIF5;RPL7A;RPL18A;RPL22L1;RPL29;EIF3A;RPL23A;FAU;RPS24;RPS2;RPL36AL;RPL3;RPL32;EIF4H;RPL23;RPL34;RPS23;RPL11;RPS4X;RPL26L1;RPS14;RPS9;RPS20;RPL19;RPS5;RPL10A;RPS3;RPLP1;RPS27;RPS29;EIF3E;RPL9;RPL13A;RPL12;RPS25;RPS15;RPL15;RPLP2;RPL41;RPL36;RPL22;RPL14;EIF5B;RPS11;EIF3H;RPL28;RPL18,excitatory_subtypes,Ex_L5_PCP4_NXPH2,c9ALS_vs_Control,Reactome_2022
prerank,Eukaryotic Translation Elongation R-HSA-156842,0.7308759007550704,2.6851147811032043,0.001,0.001,0.001,70/83,21.71%,RPS28;RPS8;RPS15A;RPS13;RPL30;RPL38;EEF1B2;RPL31;RPL37A;RPS16;RPL27A;RPL37;RPS12;RPL5;RPL7;RPS27L;RPS21;EEF1D;RPL6;RPS27A;RPSA;RSL24D1;RPS3A;RPL35A;RPS19;RPL27;RPL21;RPS7;RPL7A;RPL18A;RPL22L1;RPL29;RPL23A;FAU;RPS24;RPS2;RPL36AL;RPL3;RPL32;RPL23;RPL34;RPS23;RPL11;RPS4X;RPL26L1;RPS14;RPS9;RPS20;RPL19;RPS5;RPL10A;RPS3;RPLP1;RPS27;RPS29;RPL9;RPL13A;RPL12;RPS25;EEF1A1;RPS15;RPL15;RPLP2;RPL41;RPL36;RPL22;RPL14;RPS11;RPL28;RPL18,excitatory_subtypes,Ex_L5_PCP4_NXPH2,c9ALS_vs_Control,Reactome_2022
prerank,Cap-dependent Translation Initiation R-HSA-72737,0.7043277223123114,2.684656304090556,0.001,0.001,0.001,82/109,22.19%,EIF2S2;EIF3M;RPS28;EIF3J;RPS8;RPS15A;RPS13;RPL30;RPL38;RPL31;EIF4EBP1;RPL37A;RPS16;RPL27A;RPL37;EIF3K;RPS12;RPL5;RPL7;EIF3D;RPS27L;RPS21;RPL6;RPS27A;RPSA;RSL24D1;RPS3A;RPL35A;RPS19;RPL27;RPL21;RPS7;EIF5;RPL7A;RPL18A;RPL22L1;RPL29;EIF3A;RPL23A;FAU;RPS24;RPS2;RPL36AL;RPL3;EIF2B2;RPL32;EIF4H;RPL23;EIF2B1;RPL34;RPS23;RPL11;RPS4X;RPL26L1;RPS14;RPS9;RPS20;RPL19;RPS5;RPL10A;RPS3;RPLP1;RPS27;RPS29;EIF3E;RPL9;RPL13A;RPL12;RPS25;RPS15;RPL15;RPLP2;RPL41;RPL36;RPL22;RPL14;EIF5B;RPS11;EIF3H;RPL28;RPL18;EIF2B4,excitatory_subtypes,Ex_L5_PCP4_NXPH2,c9ALS_vs_Control,Reactome_2022
prerank,Peptide Chain Elongation R-HSA-156902,0.7309123124067383,2.675389984159883,0.001,0.001,0.001,68/80,21.71%,RPS28;RPS8;RPS15A;RPS13;RPL30;RPL38;RPL31;RPL37A;RPS16;RPL27A;RPL37;RPS12;RPL5;RPL7;RPS27L;RPS21;RPL6;RPS27A;RPSA;RSL24D1;RPS3A;RPL35A;RPS19;RPL27;RPL21;RPS7;RPL7A;RPL18A;RPL22L1;RPL29;RPL23A;FAU;RPS24;RPS2;RPL36AL;RPL3;RPL32;RPL23;RPL34;RPS23;RPL11;RPS4X;RPL26L1;RPS14;RPS9;RPS20;RPL19;RPS5;RPL10A;RPS3;RPLP1;RPS27;RPS29;RPL9;RPL13A;RPL12;RPS25;EEF1A1;RPS15;RPL15;RPLP2;RPL41;RPL36;RPL22;RPL14;RPS11;RPL28;RPL18,excitatory_subtypes,Ex_L5_PCP4_NXPH2,c9ALS_vs_Control,Reactome_2022
prerank,Formation Of A Pool Of Free 40S Subunits R-HSA-72689,0.7167228526186117,2.672089233947879,0.001,0.001,0.001,74/92,21.71%,EIF3M;RPS28;EIF3J;RPS8;RPS15A;RPS13;RPL30;RPL38;RPL31;RPL37A;RPS16;RPL27A;RPL37;EIF3K;RPS12;RPL5;RPL7;EIF3D;RPS27L;RPS21;RPL6;RPS27A;RPSA;RSL24D1;RPS3A;RPL35A;RPS19;RPL27;RPL21;RPS7;RPL7A;RPL18A;RPL22L1;RPL29;EIF3A;RPL23A;FAU;RPS24;RPS2;RPL36AL;RPL3;RPL32;RPL23;RPL34;RPS23;RPL11;RPS4X;RPL26L1;RPS14;RPS9;RPS20;RPL19;RPS5;RPL10A;RPS3;RPLP1;RPS27;RPS29;EIF3E;RPL9;RPL13A;RPL12;RPS25;RPS15;RPL15;RPLP2;RPL41;RPL36;RPL22;RPL14;RPS11;EIF3H;RPL28;RPL18,excitatory_subtypes,Ex_L5_PCP4_NXPH2,c9ALS_vs_Control,Reactome_2022
prerank,Selenocysteine Synthesis R-HSA-2408557,0.7229897853425069,2.6652596548315133,0.001,0.001,0.001,69/84,21.71%,RPS28;RPS8;RPS15A;RPS13;RPL30;RPL38;RPL31;RPL37A;RPS16;RPL27A;RPL37;RPS12;RPL5;RPL7;RPS27L;RPS21;RPL6;RPS27A;RPSA;RSL24D1;RPS3A;SEPHS2;SARS1;RPL35A;RPS19;RPL27;RPL21;RPS7;RPL7A;RPL18A;RPL22L1;RPL29;RPL23A;FAU;RPS24;RPS2;RPL36AL;RPL3;RPL32;RPL23;RPL34;RPS23;RPL11;RPS4X;RPL26L1;RPS14;RPS9;RPS20;RPL19;RPS5;RPL10A;RPS3;RPLP1;RPS27;RPS29;RPL9;RPL13A;RPL12;RPS25;RPS15;RPL15;RPLP2;RPL41;RPL36;RPL22;RPL14;RPS11;RPL28;RPL18,excitatory_subtypes,Ex_L5_PCP4_NXPH2,c9ALS_vs_Control,Reactome_2022
prerank,Viral mRNA Translation R-HSA-192823,0.7270416082720171,2.651360704733739,0.001,0.001,0.001,68/82,21.71%,RPS28;RPS8;RPS15A;RPS13;RPL30;RPL38;RPL31;RPL37A;RPS16;RPL27A;RPL37;RPS12;RPL5;RPL7;RPS27L;RPS21;RPL6;RPS27A;RPSA;RSL24D1;RPS3A;RPL35A;RPS19;RPL27;RPL21;RPS7;RPL7A;RPL18A;RPL22L1;RPL29;RPL23A;FAU;RPS24;RPS2;RPL36AL;RPL3;RPL32;RPL23;GNL3;RPL34;RPS23;RPL11;RPS4X;RPL26L1;RPS14;RPS9;RPS20;RPL19;RPS5;RPL10A;RPS3;RPLP1;RPS27;RPS29;RPL9;RPL13A;RPL12;RPS25;RPS15;RPL15;RPLP2;RPL41;RPL36;RPL22;RPL14;RPS11;RPL28;RPL18,excitatory_subtypes,Ex_L5_PCP4_NXPH2,c9ALS_vs_Control,Reactome_2022
prerank,Nonsense Mediated Decay (NMD) Independent Of Exon Junction Complex (EJC) R-HSA-975956,0.7191318098780642,2.6513154832764534,0.001,0.001,0.001,69/86,21.71%,RPS28;RPS8;RPS15A;RPS13;RPL30;RPL38;RPL31;RPL37A;RPS16;RPL27A;RPL37;RPS12;RPL5;RPL7;RPS27L;RPS21;RPL6;RPS27A;RPSA;RSL24D1;RPS3A;RPL35A;RPS19;RPL27;RPL21;RPS7;NCBP1;RPL7A;RPL18A;RPL22L1;RPL29;RPL23A;FAU;RPS24;RPS2;RPL36AL;RPL3;RPL32;RPL23;RPL34;RPS23;RPL11;RPS4X;RPL26L1;GSPT1;RPS14;RPS9;RPS20;RPL19;RPS5;RPL10A;RPS3;RPLP1;RPS27;RPS29;RPL9;RPL13A;RPL12;RPS25;RPS15;RPL15;RPLP2;RPL41;RPL36;RPL22;RPL14;RPS11;RPL28;RPL18,excitatory_subtypes,Ex_L5_PCP4_NXPH2,c9ALS_vs_Control,Reactome_2022
prerank,Eukaryotic Translation Elongation R-HSA-156842,0.8699965226971196,3.1187151760840224,0.001,0.001,0.001,70/83,6.17%,RPL31;RPS28;RPS21;EEF1B2;RPS12;RPS6;RPS24;RPS23;RPS8;RPL9;EEF1D;RPS15A;RPL14;RPL13A;RPS27A;RPL10A;FAU;RPS9;RPL19;RPS7;UBA52;RPL32;RPL30;RPL11;RPL6;RPL41;RPLP0;RPL37;RPS16;RPS4X;RPL18;RPL23A;RPL35A;RPL7A;RPL18A;RPS11;RPL12;RPS14;RPL38;RPS25;RPL34;EEF1A1;RPL37A;RPLP1;RPL8;RPS27;RPLP2;RPL7;RPS2;RPS20;RPL3;RPL29;RPS15;RPL21;RPS5;RPS13;RPSA;RPL27;RPS29;RPL35;RPL5;RSL24D1;RPL27A;RPL36;RPS27L;RPL28;RPL23;RPS19;EEF1A2;RPS3,excitatory_subtypes,Ex_L5_PCP4_NXPH2,c9ALS_vs_sALS,Reactome_2022
prerank,Viral mRNA Translation R-HSA-192823,0.8664815272833899,3.101384676184495,0.001,0.001,0.001,67/82,6.17%,RPL31;RPS28;RPS21;RPS12;RPS6;RPS24;RPS23;RPS8;RPL9;RPS15A;RPL14;RPL13A;RPS27A;RPL10A;FAU;RPS9;RPL19;RPS7;UBA52;RPL32;RPL30;RPL11;RPL6;RPL41;RPLP0;RPL37;RPS16;RPS4X;RPL18;RPL23A;RPL35A;RPL7A;RPL18A;RPS11;RPL12;RPS14;RPL38;RPS25;RPL34;RPL37A;RPLP1;RPL8;RPS27;RPLP2;RPL7;RPS2;RPS20;RPL3;RPL29;RPS15;RPL21;RPS5;RPS13;RPSA;RPL27;RPS29;RPL35;RPL5;RSL24D1;RPL27A;RPL36;RPS27L;GNL3;RPL28;RPL23;RPS19;RPS3,excitatory_subtypes,Ex_L5_PCP4_NXPH2,c9ALS_vs_sALS,Reactome_2022
prerank,Peptide Chain Elongation R-HSA-156902,0.8666007220108995,3.0887459897027454,0.001,0.001,0.001,67/80,6.17%,RPL31;RPS28;RPS21;RPS12;RPS6;RPS24;RPS23;RPS8;RPL9;RPS15A;RPL14;RPL13A;RPS27A;RPL10A;FAU;RPS9;RPL19;RPS7;UBA52;RPL32;RPL30;RPL11;RPL6;RPL41;RPLP0;RPL37;RPS16;RPS4X;RPL18;RPL23A;RPL35A;RPL7A;RPL18A;RPS11;RPL12;RPS14;RPL38;RPS25;RPL34;EEF1A1;RPL37A;RPLP1;RPL8;RPS27;RPLP2;RPL7;RPS2;RPS20;RPL3;RPL29;RPS15;RPL21;RPS5;RPS13;RPSA;RPL27;RPS29;RPL35;RPL5;RSL24D1;RPL27A;RPL36;RPS27L;RPL28;RPL23;RPS19;RPS3,excitatory_subtypes,Ex_L5_PCP4_NXPH2,c9ALS_vs_sALS,Reactome_2022
prerank,Response Of EIF2AK4 (GCN2) To Amino Acid Deficiency R-HSA-9633012,0.8451748136610904,3.0875561958397117,0.001,0.001,0.001,71/91,6.68%,RPL31;RPS28;RPS21;RPS12;RPS6;RPS24;RPS23;RPS8;ATF4;RPL9;RPS15A;RPL14;RPL13A;RPS27A;RPL10A;FAU;RPS9;RPL19;RPS7;UBA52;RPL32;RPL30;RPL11;RPL6;RPL41;DDIT3;RPLP0;RPL37;RPS16;RPS4X;RPL18;RPL23A;RPL35A;RPL7A;RPL18A;RPS11;RPL12;RPS14;RPL38;EIF2S1;RPS25;RPL34;RPL37A;RPLP1;RPL8;RPS27;RPLP2;RPL7;RPS2;RPS20;RPL3;RPL29;RPS15;RPL21;RPS5;RPS13;RPSA;RPL27;RPS29;RPL35;RPL5;RSL24D1;RPL27A;RPL36;CEBPG;RPS27L;RPL28;RPL23;RPS19;RPS3;EIF2S2,excitatory_subtypes,Ex_L5_PCP4_NXPH2,c9ALS_vs_sALS,Reactome_2022
prerank,Formation Of A Pool Of Free 40S Subunits R-HSA-72689,0.8416536502319478,3.080812805446942,0.001,0.001,0.001,78/92,11.43%,RPL31;RPS28;RPS21;RPS12;RPS6;RPS24;RPS23;RPS8;EIF3I;RPL9;RPS15A;RPL14;RPL13A;RPS27A;RPL10A;FAU;RPS9;EIF1AX;RPL19;RPS7;UBA52;EIF3G;RPL32;EIF3M;RPL30;RPL11;RPL6;RPL41;RPLP0;RPL37;RPS16;RPS4X;RPL18;RPL23A;RPL35A;RPL7A;RPL18A;RPS11;RPL12;RPS14;RPL38;RPS25;RPL34;RPL37A;RPLP1;RPL8;RPS27;RPLP2;RPL7;RPS2;RPS20;RPL3;RPL29;RPS15;RPL21;RPS5;RPS13;RPSA;RPL27;EIF3D;RPS29;RPL35;RPL5;RSL24D1;RPL27A;RPL36;RPS27L;RPL28;RPL23;RPS19;RPS3;EIF3K;RPL36AL;RPL4;EIF3H;EIF3F;RPL15;EIF3E,excitatory_subtypes,Ex_L5_PCP4_NXPH2,c9ALS_vs_sALS,Reactome_2022
prerank,Cap-dependent Translation Initiation R-HSA-72737,0.8259141577569408,3.0803209753526652,0.001,0.001,0.001,89/109,11.71%,RPL31;RPS28;RPS21;RPS12;RPS6;RPS24;RPS23;RPS8;EIF3I;RPL9;EIF4A2;RPS15A;RPL14;RPL13A;RPS27A;RPL10A;FAU;RPS9;EIF1AX;RPL19;RPS7;UBA52;EIF3G;RPL32;EIF3M;RPL30;RPL11;RPL6;RPL41;RPLP0;RPL37;EIF5;RPS16;RPS4X;RPL18;RPL23A;RPL35A;RPL7A;RPL18A;RPS11;RPL12;RPS14;RPL38;EIF2S1;RPS25;RPL34;RPL37A;RPLP1;RPL8;RPS27;RPLP2;RPL7;RPS2;RPS20;RPL3;RPL29;RPS15;RPL21;RPS5;RPS13;RPSA;RPL27;EIF3D;RPS29;RPL35;RPL5;RSL24D1;RPL27A;RPL36;RPS27L;RPL28;EIF4EBP1;RPL23;RPS19;RPS3;EIF4G1;EIF2S2;EIF3K;EIF5B;EIF4H;RPL36AL;RPL4;EIF3H;EIF3F;EIF2B2;EIF2B5;RPL15;EIF3E;EIF2B4,excitatory_subtypes,Ex_L5_PCP4_NXPH2,c9ALS_vs_sALS,Reactome_2022
prerank,Eukaryotic Translation Termination R-HSA-72764,0.8551686131398741,3.0741397514370363,0.001,0.001,0.001,68/84,6.17%,RPL31;RPS28;RPS21;RPS12;RPS6;RPS24;RPS23;RPS8;RPL9;RPS15A;RPL14;RPL13A;RPS27A;RPL10A;GSPT1;FAU;RPS9;RPL19;RPS7;UBA52;RPL32;RPL30;RPL11;RPL6;RPL41;RPLP0;RPL37;RPS16;RPS4X;RPL18;RPL23A;RPL35A;RPL7A;RPL18A;TRMT112;RPS11;RPL12;RPS14;RPL38;RPS25;RPL34;RPL37A;RPLP1;RPL8;RPS27;RPLP2;RPL7;RPS2;RPS20;RPL3;RPL29;RPS15;RPL21;RPS5;RPS13;RPSA;RPL27;RPS29;RPL35;RPL5;RSL24D1;RPL27A;RPL36;RPS27L;RPL28;RPL23;RPS19;RPS3,excitatory_subtypes,Ex_L5_PCP4_NXPH2,c9ALS_vs_sALS,Reactome_2022
prerank,GTP Hydrolysis And Joining Of 60S Ribosomal Subunit R-HSA-72706,0.8293087352260721,3.0738414709142146,0.001,0.001,0.001,82/102,9.38%,RPL31;RPS28;RPS21;RPS12;RPS6;RPS24;RPS23;RPS8;EIF3I;RPL9;EIF4A2;RPS15A;RPL14;RPL13A;RPS27A;RPL10A;FAU;RPS9;EIF1AX;RPL19;RPS7;UBA52;EIF3G;RPL32;EIF3M;RPL30;RPL11;RPL6;RPL41;RPLP0;RPL37;EIF5;RPS16;RPS4X;RPL18;RPL23A;RPL35A;RPL7A;RPL18A;RPS11;RPL12;RPS14;RPL38;EIF2S1;RPS25;RPL34;RPL37A;RPLP1;RPL8;RPS27;RPLP2;RPL7;RPS2;RPS20;RPL3;RPL29;RPS15;RPL21;RPS5;RPS13;RPSA;RPL27;EIF3D;RPS29;RPL35;RPL5;RSL24D1;RPL27A;RPL36;RPS27L;RPL28;RPL23;RPS19;RPS3;EIF4G1;EIF2S2;EIF3K;EIF5B;EIF4H;RPL36AL;RPL4;EIF3H,excitatory_subtypes,Ex_L5_PCP4_NXPH2,c9ALS_vs_sALS,Reactome_2022
prerank,L13a-mediated Translational Silencing Of Ceruloplasmin Expression R-HSA-156827,0.8268365378247758,3.055134221263381,0.001,0.001,0.001,83/101,11.43%,RPL31;RPS28;RPS21;RPS12;RPS6;RPS24;RPS23;RPS8;EIF3I;RPL9;EIF4A2;RPS15A;RPL14;RPL13A;RPS27A;RPL10A;FAU;RPS9;EIF1AX;RPL19;RPS7;UBA52;EIF3G;RPL32;EIF3M;RPL30;RPL11;RPL6;RPL41;RPLP0;RPL37;RPS16;RPS4X;RPL18;RPL23A;RPL35A;RPL7A;RPL18A;RPS11;RPL12;RPS14;RPL38;EIF2S1;RPS25;RPL34;RPL37A;RPLP1;RPL8;RPS27;RPLP2;RPL7;RPS2;RPS20;RPL3;RPL29;RPS15;RPL21;RPS5;RPS13;RPSA;RPL27;EIF3D;RPS29;RPL35;RPL5;RSL24D1;RPL27A;RPL36;RPS27L;RPL28;RPL23;RPS19;RPS3;EIF4G1;EIF2S2;EIF3K;EIF4H;RPL36AL;RPL4;EIF3H;EIF3F;RPL15;EIF3E,excitatory_subtypes,Ex_L5_PCP4_NXPH2,c9ALS_vs_sALS,Reactome_2022
prerank,SRP-dependent Cotranslational Protein Targeting To Membrane R-HSA-1799339,0.8280963247591441,3.0525196791405738,0.001,0.001,0.001,80/102,8.32%,RPL31;RPS28;RPS21;SEC61G;RPS12;SEC61A1;RPS6;RPS24;RPS23;RPS8;RPL9;RPS15A;RPL14;RPL13A;RPS27A;RPL10A;FAU;RPS9;RPL19;SPCS1;RPS7;UBA52;SSR4;RPL32;RPL30;DDOST;RPL11;RPL6;RPL41;RPLP0;RPL37;SPCS2;RPS16;RPS4X;RPL18;RPL23A;RPL35A;RPL7A;RPL18A;RPS11;RPL12;RPS14;RPL38;RPS25;RPL34;SSR1;RPL37A;RPLP1;RPL8;RPS27;RPLP2;RPL7;RPS2;SEC11C;RPS20;RPL3;RPL29;RPS15;RPL21;RPS5;RPS13;RPSA;RPL27;RPS29;RPL35;SPCS3;RPL5;RSL24D1;RPL27A;RPL36;RPS27L;RPL28;RPL23;RPS19;RPS3;SRP14;SSR2;SSR3;RPL36AL;TRAM1,excitatory_subtypes,Ex_L5_PCP4_NXPH2,c9ALS_vs_sALS,Reactome_2022
prerank,Influenza Viral RNA Transcription And Replication R-HSA-168273,-0.501270528313834,-1.9590309731770497,0.001,0.001,0.062,88/127,28.18%,POLR2E;GTF2F1;POLR2K;AAAS;RPLP0;RPL31;RPS6;POLR2J;POLR2F;POM121C;RPS28;POLR2D;RPL9;RPS23;RPL10A;RPS25;RPL41;RPL7A;GRSF1;UBA52;RPL19;RPS11;RPL4;RPL18;RPS21;RPL11;POLR2H;RPL35;NUP50;RPS29;RPL36;RPL14;RANBP2;FAU;POLR2B;RPL15;RPL18A;IPO5;RPL8;RPS2;NUP205;RPL37;RPS14;RPS4X;RPSA;RPL13A;RPLP1;RSL24D1;SEC13;RPS12;RPS8;RPS24;NUP54;RPS5;POLR2C;NUP42;RPL34;HSP90AA1;RPL12;RPL23A;PARP1;RPL28;RPLP2;RPS16;POLR2I;RPS20;RPS7;NUP98;RPS9;RPL32;GNL3;RPL29;RPS15;SEH1L;RPS27A;RPS27;MRPL13;RPL3;NUP188;RPS27L;RPL23;RPS15A;RPL7;RPL38;POM121;DNAJC3;RPL35A;RPL5,excitatory_subtypes,Ex_L5_PCP4_NXPH2,sALS_vs_Control,Reactome_2022
prerank,Beta-catenin Independent WNT Signaling R-HSA-3858494,-0.5029668484519239,-1.959401205042704,0.001,0.001,0.062,72/132,27.78%,PFN1;PSME3;GNG3;PSMD2;AP2M1;PSMD12;GNB2;DVL3;AP2S1;ITPR2;PSME2;DAAM1;PSMB5;CLTB;PSMD11;SCRIB;UBB;CLTA;UBC;PSMB2;PSME1;UBA52;PSMD3;PSMD10;CLTC;GNB3;AP2A1;GNGT2;DVL2;RYK;PSMD7;PSMB6;CALM1;ARRB2;WNT5A;PLCB3;PSMD13;PSMC6;CTNNB1;FZD6;PRKCA;PSME4;PARD6A;NCOA3;PSMD8;CAMK2A;PSMB3;NLK;PPP3CA;PRKCG;PSMA1;GNG12;FZD1;PRKG2;MYC;PSMC4;GNG4;PPP3CB;PSMC5;RPS27A;PRKG1;PSMB4;PSMA7;PSMA4;AP2B1;GNG7;PDE6B;ITPR1;GNAO1;TCF7;PSMC1;RHOA,excitatory_subtypes,Ex_L5_PCP4_NXPH2,sALS_vs_Control,Reactome_2022
prerank,RUNX1 Regulates Transcription Of Genes Involved In Differentiation Of HSCs R-HSA-8939236,-0.5323891741008517,-1.962928081682237,0.001,0.001,0.058,39/75,25.48%,PSME3;H2AZ2;PSMD2;PSMD12;RUNX1;H2AX;PSME2;PSMB5;PSMD11;H2AZ1;UBB;UBC;PSMB2;PSME1;UBA52;PSMD3;PSMD10;CCNH;SPI1;PSMD7;PSMB6;YAP1;PSMD13;PSMC6;H3-3B;PSME4;PSMD8;H2AC6;PSMB3;CBFB;TCF12;PSMA1;PSMC4;PSMC5;RPS27A;PSMB4;PSMA7;PSMA4;KMT2A,excitatory_subtypes,Ex_L5_PCP4_NXPH2,sALS_vs_Control,Reactome_2022
prerank,COPI-dependent Golgi-to-ER Retrograde Traffic R-HSA-6811434,-0.5493142730890951,-1.9632458186671664,0.001,0.001,0.057,33/71,17.99%,PTGES2;ARFGAP1;KIF1A;KDELR1;COPZ1;KIFC2;KLC4;KLC1;COPE;COPA;CENPE;COPB1;TMED2;COPG2;RAB1B;TMED3;KIF27;RACGAP1;ARFGAP2;TMED9;ARCN1;KIF15;NSF;KIF3C;KIF22;KIF4A;KIF25;UBE2Z;COPG1;KIF5B;KIF5A;KIF13B;SEC22B,excitatory_subtypes,Ex_L5_PCP4_NXPH2,sALS_vs_Control,Reactome_2022
prerank,Regulation Of Ornithine Decarboxylase (ODC) R-HSA-350562,-0.5911543663159816,-1.963688637565291,0.001,0.001,0.057,29/44,29.74%,PSME3;PSMD2;PSMD12;OAZ2;PSME2;PSMB5;AZIN1;PSMD11;PSMB2;PSME1;PSMD3;PSMD10;PSMD7;PSMB6;PSMD13;PSMC6;PSME4;PSMD8;PSMB3;PSMA1;PSMC4;PSMC5;PSMB4;PSMA7;PSMA4;PSMC1;PSMC3;SLC25A21;PSMD6,excitatory_subtypes,Ex_L5_PCP4_NXPH2,sALS_vs_Control,Reactome_2022
prerank,Intra-Golgi And Retrograde Golgi-to-ER Traffic R-HSA-6811442,-0.4871978235267809,-1.963694173409135,0.001,0.001,0.057,63/166,15.36%,ARFRP1;PTGES2;DYNLL2;ARFGAP1;KIF1A;KDELR1;COPZ1;STX10;ACTR1A;KIFC2;RAB6B;KLC4;VPS52;KLC1;COPE;COPA;CENPE;COPB1;RAB39A;TMED2;COPG2;COG7;PAFAH1B2;RAB1B;TMED3;COG6;KIF27;ARFIP2;RACGAP1;COG2;ARFGAP2;RAB30;DCTN3;DCTN6;TMED9;ARCN1;GCC2;DYNC1H1;STX5;KIF15;NSF;VAMP4;DCTN5;KIF3C;KIF22;KIF4A;KIF25;RAB6A;UBE2Z;CYTH2;BET1L;MAN2A2;NAA30;CAPZA1;DYNLL1;COPG1;PLIN3;GOLGA8B;SCOC;COG4;DYNC1LI2;KIF5B;TGOLN2,excitatory_subtypes,Ex_L5_PCP4_NXPH2,sALS_vs_Control,Reactome_2022
prerank,Cross-presentation Of Soluble Exogenous Antigens (Endosomes) R-HSA-1236978,-0.5947846090404115,-1.9677797177004015,0.001,0.001,0.055,24/41,25.18%,PSME3;PSMD2;PSMD12;PSME2;PSMB5;PSMD11;MRC2;PSMB2;PSME1;PSMD3;PSMD10;PSMD7;PSMB6;PSMD13;PSMC6;PSME4;PSMD8;PSMB3;PSMA1;PSMC4;PSMC5;PSMB4;PSMA7;PSMA4,excitatory_subtypes,Ex_L5_PCP4_NXPH2,sALS_vs_Control,Reactome_2022
prerank,Neddylation R-HSA-8951664,-0.4703770605572042,-1.9721420883659435,0.001,0.001,0.052,72/216,13.43%,GPS1;FBXL14;FBXO44;PSME3;FEM1C;KLHL9;DDA1;KEAP1;COMMD4;PSMD2;ANKRD9;UBE2M;FBXO21;OBSL1;ASB7;FBXW5;FBXO7;PSMD12;COMMD5;WSB2;SKP1;NEURL2;KCTD6;DCAF8;ASB6;CUL4B;PSME2;PSMB5;ELOC;PSMD11;COMMD9;UBA3;SQSTM1;FBXO2;FBXL5;MUL1;COPS7A;RBBP5;BTBD6;FBXL15;KLHL21;COPS8;FEM1B;CUL9;DCAF4;WDR5;UBB;ASB8;WSB1;FBXO4;KBTBD7;UBC;PSMB2;SOCS6;KLHL42;VCP;DCUN1D1;COPS2;ELOB;FBXO32;PSME1;UBA52;PSMD3;PSMD10;KBTBD6;DDB1;RBBP7;FBXO10;PSMD7;FBXO15;PSMB6;CCNF,excitatory_subtypes,Ex_L5_PCP4_NXPH2,sALS_vs_Control,Reactome_2022
prerank,Signaling By Nuclear Receptors R-HSA-9006931,-0.4737834684181767,-1.9750726030328127,0.001,0.001,0.049,100/219,24.13%,AKT1;FKBP4;GNG3;PRMT1;RDH14;UHMK1;H2AZ2;AKR1C3;FASN;RXRB;RDH13;MAPK3;KAT5;USF2;CDKN1B;GNB2;KCTD6;RUNX1;RAD21;POLR2E;JUND;GTF2F1;FABP6;POLR2K;H2AX;PTGES3;FKBP5;MBD4;ARL4C;PDHB;HRAS;ABCA1;PDK2;H2AZ1;GNAI2;FOSB;POLR2J;POLR2F;MAPK1;CRABP2;HDAC1;POLR2D;CCNT1;KPNA2;KANK1;DDX5;HBEGF;GNB3;GNGT2;PPP5C;ZDHHC7;ERBB4;SRF;SMC3;CYP26B1;CALM1;POLR2H;SCD;STRN;JUN;YY1;USF1;POLR2B;PDPK1;ESR2;PDHX;HSP90AB1;H3-3B;TBP;EGFR;NCOA3;ESR1;RARG;CPT1A;CARM1;KCNH8;H2AC6;APOE;CBFB;POLR2C;CXXC5;ZDHHC21;HSP90AA1;FOXO3;ZNF217;GNG12;TBL1XR1;STAG2;KAT2B;POLR2I;PPID;MYC;ABCG1;GNG4;ABCG5;GTF2A2;GPS2;LDHD;EBAG9;S1PR3,excitatory_subtypes,Ex_L5_PCP4_NXPH2,sALS_vs_Control,Reactome_2022
prerank,Opioid Signaling R-HSA-111885,-0.5433519161272224,-1.975684315225541,0.001,0.001,0.048,46/82,22.87%,GNAL;PPP1R1B;GNG3;GRK2;CDK5;PPP2CB;GNB2;PRKAR1B;PPP2R1A;ITPR2;PRKACB;ADCY5;PDE1C;GNAI2;ADCY8;PRKAR1A;CAMK2B;PRKX;MAPK1;GNA11;KPNA2;PDE1A;AHCYL1;ADCY1;GNB3;GNGT2;CALM1;PDE4B;PLCB3;PDE1B;ADCY7;CAMK2G;PRKAR2A;PRKCA;CAMK2A;PPP3CC;PDE4A;PDE4D;CAMKK1;PPP3CA;ADCY6;PRKCG;GNG12;PPP2R5D;GNG4;PPP3CB,excitatory_subtypes,Ex_L5_PCP4_NXPH2,sALS_vs_Control,Reactome_2022
prerank,Eukaryotic Translation Termination R-HSA-72764,0.5889617790903242,2.1224845130771395,0.001,0.002329762195916,0.002,51/85,25.14%,RPS27;RPL22;RPS7;RPL37;RPS3A;RPL35A;RPS13;RPL7A;RPS28;N6AMT1;RPL11;RPL30;MRPL13;RPL6;RPS23;RPL5;RPL26L1;RPL36AL;RPL12;RPS8;RPS24;RPS3;ETF1;RPL23A;RSL24D1;RPS12;RPS21;RPLP2;RPL29;RPL41;RPS27A;RPS2;RPL32;RPL10A;RPL34;RPL3;RPL38;RPS4X;RPS9;RPL23;RPL37A;RPS15;RPLP1;GSPT1;RPL21;RPS14;GSPT2;RPS16;APEH;RPL14;RPS19,excitatory_subtypes,Ex_L6_TLE4_CCBE1,c9ALS_vs_Control,Reactome_2022
prerank,Nonsense Mediated Decay (NMD) Independent Of Exon Junction Complex (EJC) R-HSA-975956,0.5552390162739755,2.0219831418202765,0.001,0.0032616670742824,0.018,49/87,25.14%,RPS27;RPL22;RPS7;RPL37;RPS3A;RPL35A;RPS13;RPL7A;RPS28;RPL11;RPL30;MRPL13;RPL6;RPS23;RPL5;RPL26L1;RPL36AL;RPL12;RPS8;RPS24;RPS3;ETF1;RPL23A;RSL24D1;RPS12;RPS21;RPLP2;RPL29;RPL41;RPS27A;RPS2;RPL32;RPL10A;RPL34;RPL3;RPL38;RPS4X;RPS9;RPL23;RPL37A;RPS15;RPLP1;GSPT1;RPL21;RPS14;GSPT2;RPS16;RPL14;RPS19,excitatory_subtypes,Ex_L6_TLE4_CCBE1,c9ALS_vs_Control,Reactome_2022
prerank,"Respiratory Electron Transport, ATP Synthesis By Chemiosmotic Coupling, Heat Production By Uncoupling Proteins R-HSA-163200",0.5491004206547747,2.026396051932617,0.001,0.0036887901435336,0.016,46/94,20.39%,NDUFA5;CYCS;NDUFS1;SDHB;NDUFB1;COA1;NDUFB3;ACAD9;NDUFB9;UCP1;ATP5PB;NDUFS6;NDUFA1;UQCRFS1;NDUFA12;UQCR10;ATP5PF;ETFA;UQCRH;SURF1;NDUFV3;ATP5MC1;NDUFC1;ATP5F1C;COQ10A;ATP5F1E;SCO1;COX20;NDUFA8;NDUFS2;NDUFB10;COX5A;COX7B;TMEM126B;NDUFAF4;NDUFB2;COX18;CCNI;COX7C;UQCRC2;NDUFA10;COX6C;ATP5MC3;ATP5ME;ETFB;SLC25A14,excitatory_subtypes,Ex_L6_TLE4_CCBE1,c9ALS_vs_Control,Reactome_2022
prerank,Viral mRNA Translation R-HSA-192823,0.5732050563553402,2.0533425935416103,0.001,0.0038829369931933,0.008,48/83,25.14%,GNL3;PBRM1;RPS27;RPL22;RPS7;RPL37;RPS3A;RPL35A;RPS13;RPL7A;RPS28;RPL11;RPL30;MRPL13;RPL6;RPS23;RPL5;RPL26L1;RPL36AL;RPL12;RPS8;RPS24;RPS3;RPL23A;RSL24D1;RPS12;RPS21;RPLP2;RPL29;RPL41;RPS27A;RPS2;RPL32;RPL10A;RPL34;RPL3;RPL38;RPS4X;RPS9;RPL23;RPL37A;RPS15;RPLP1;RPL21;RPS14;RPS16;RPL14;RPS19,excitatory_subtypes,Ex_L6_TLE4_CCBE1,c9ALS_vs_Control,Reactome_2022
prerank,Peptide Chain Elongation R-HSA-156902,0.5505823293445783,1.971075638717375,0.001,0.0040241347020367,0.049,46/81,25.14%,RPS27;RPL22;RPS7;RPL37;RPS3A;RPL35A;RPS13;RPL7A;RPS28;RPL11;RPL30;MRPL13;RPL6;RPS23;RPL5;RPL26L1;RPL36AL;RPL12;RPS8;RPS24;RPS3;RPL23A;RSL24D1;RPS12;RPS21;RPLP2;RPL29;RPL41;RPS27A;RPS2;RPL32;RPL10A;RPL34;RPL3;RPL38;RPS4X;RPS9;RPL23;RPL37A;RPS15;RPLP1;RPL21;RPS14;RPS16;RPL14;RPS19,excitatory_subtypes,Ex_L6_TLE4_CCBE1,c9ALS_vs_Control,Reactome_2022
prerank,rRNA Processing R-HSA-72312,0.4927505878775682,1.992751874154666,0.001,0.0042157601640384,0.033,75/187,18.28%,WDR12;MPHOSPH10;GNL3;TFB1M;EXOSC10;MTERF4;TSR1;DIS3;LTV1;RPS27;EMG1;RPP38;EXOSC8;MTREX;TRMT10C;RPL22;RPS7;RPL37;RPS3A;RPL35A;ELAC2;RPS13;RBM28;RPL7A;RPS28;EXOSC7;DIMT1;GAR1;RPL11;RPL30;MRPL13;RPL6;RPS23;RPL5;RPL26L1;UTP14A;UTP3;NSUN4;RPL36AL;RPL12;RPS8;EXOSC1;DDX52;RPS24;BUD23;RPS3;WDR43;RPL23A;RSL24D1;RPS12;EXOSC9;RPS21;FTSJ3;RRP36;UTP18;RPLP2;RPL29;RPL41;RPS27A;RPS2;PDCD11;RIOK2;WDR75;RIOK1;RPL32;EBNA1BP2;RPL10A;RPL34;RPL3;RPL38;RCL1;NOL9;WDR3;RPS4X;RPS9,excitatory_subtypes,Ex_L6_TLE4_CCBE1,c9ALS_vs_Control,Reactome_2022
prerank,Respiratory Electron Transport R-HSA-611105,0.5573048137866904,1.972227161888923,0.001,0.0044265481722404,0.049,36/75,18.26%,NDUFA5;CYCS;NDUFS1;SDHB;NDUFB1;COA1;NDUFB3;ACAD9;NDUFB9;NDUFS6;NDUFA1;UQCRFS1;NDUFA12;UQCR10;ETFA;UQCRH;SURF1;NDUFV3;NDUFC1;COQ10A;SCO1;COX20;NDUFA8;NDUFS2;NDUFB10;COX5A;COX7B;TMEM126B;NDUFAF4;NDUFB2;COX18;CCNI;COX7C;UQCRC2;NDUFA10;COX6C,excitatory_subtypes,Ex_L6_TLE4_CCBE1,c9ALS_vs_Control,Reactome_2022
prerank,Selenocysteine Synthesis R-HSA-2408557,0.5488948713160832,1.9771607029395393,0.001,0.0045732369030943,0.045,51/85,26.19%,RPS27;RPL22;RPS7;RPL37;SEPHS2;RPS3A;RPL35A;RPS13;RPL7A;RPS28;RPL11;RPL30;EEFSEC;MRPL13;RPL6;RPS23;RPL5;RPL26L1;RPL36AL;RPL12;RPS8;RPS24;RPS3;RPL23A;RSL24D1;RPS12;RPS21;RPLP2;RPL29;RPL41;RPS27A;RPS2;RPL32;RPL10A;RPL34;RPL3;RPL38;RPS4X;RPS9;RPL23;SARS1;RPL37A;RPS15;RPLP1;RPL21;RPS14;RPS16;RPL14;RPS19;SECISBP2;FAU,excitatory_subtypes,Ex_L6_TLE4_CCBE1,c9ALS_vs_Control,Reactome_2022
prerank,Selenoamino Acid Metabolism R-HSA-2408522,0.5297395681715492,1.9803349724631512,0.001,0.0048536712414916,0.044,60/105,26.19%,RPS27;RPL22;RPS7;RPL37;SEPHS2;RPS3A;RPL35A;RPS13;RPL7A;RPS28;AIMP2;AIMP1;RPL11;RPL30;EEFSEC;MRPL13;RPL6;RPS23;RPL5;RPL26L1;RPL36AL;RPL12;RPS8;RPS24;GSR;AHCY;RPS3;RPL23A;RSL24D1;RPS12;RPS21;RPLP2;RPL29;RPL41;RPS27A;RPS2;RPL32;MARS1;RPL10A;RPL34;RPL3;RPL38;RPS4X;RPS9;VSIG2;RPL23;LARS1;PAPSS2;SARS1;RPL37A;RPS15;RPLP1;HNMT;RPL21;RPS14;RPS16;RPL14;RPS19;SECISBP2;FAU,excitatory_subtypes,Ex_L6_TLE4_CCBE1,c9ALS_vs_Control,Reactome_2022
prerank,SRP-dependent Cotranslational Protein Targeting To Membrane R-HSA-1799339,0.5470628628277903,2.0269247497118257,0.001,0.0049183868580449,0.016,59/103,26.19%,SEC61A2;RPS27;SEC11C;RPL22;RPS7;RPL37;RPS3A;RPL35A;RPS13;SEC61B;RPL7A;RPS28;SPCS1;SPCS2;RPL11;RPL30;MRPL13;RPL6;RPS23;RPL5;RPL26L1;DDOST;RPL36AL;RPL12;RPS8;RPS24;RPS3;RPL23A;RSL24D1;RPS12;RPS21;RPLP2;RPL29;RPL41;RPS27A;RPS2;RPN2;RPL32;RPL10A;RPL34;RPL3;SEC61G;RPL38;SEC11A;RPS4X;RPS9;RPL23;SSR3;RPL37A;RPS15;RPLP1;RPL21;RPS14;RPS16;SSR4;RPL14;RPS19;SRP14;FAU,excitatory_subtypes,Ex_L6_TLE4_CCBE1,c9ALS_vs_Control,Reactome_2022
prerank,Eukaryotic Translation Termination R-HSA-72764,0.8274359705274874,3.039817628723518,0.001,0.001,0.001,71/85,13.24%,RPS2;RPS28;RPS11;RPS24;TRMT112;RPL15;RPL30;RPS5;RPL29;RPL7A;RPS16;RPL4;RPS27;RPS15;UBA52;RPL13A;RPL8;RPS14;RPLP1;RPL6;RPL34;RPS3;RPS21;RPL38;RPL3;RPL35;RPL36;GSPT2;RPL11;RPL41;RPLP2;RPL32;RPL35A;RPL19;RPL37;RPL9;FAU;RPS4X;RPS19;RPS7;RPS13;RPS25;RPS8;RPL5;RPL12;RPS3A;RPL10A;RPS27A;RPL18;RPS9;RPS20;RPL23;RPS27L;RPL31;RPS23;RPL21;RPL28;RPL18A;RPL14;RPL36AL;RPS15A;GSPT1;RPL27A;RPL22L1;RPL26L1;RPLP0;RPL7;RPSA;RPL27;RPL23A;APEH,excitatory_subtypes,Ex_L6_TLE4_CCBE1,c9ALS_vs_sALS,Reactome_2022
prerank,Eukaryotic Translation Elongation R-HSA-156842,0.837681226118897,3.0379631122449076,0.001,0.001,0.001,72/84,13.02%,EEF1A2;RPS2;RPS28;RPS11;EEF2;RPS24;RPL15;RPL30;RPS5;RPL29;RPL7A;RPS16;RPL4;RPS27;RPS15;UBA52;RPL13A;RPL8;RPS14;RPLP1;RPL6;RPL34;RPS3;RPS21;RPL38;RPL3;RPL35;RPL36;RPL11;RPL41;RPLP2;RPL32;RPL35A;RPL19;RPL37;RPL9;FAU;RPS4X;RPS19;RPS7;RPS13;RPS25;RPS8;RPL5;EEF1A1;RPL12;RPS3A;RPL10A;RPS27A;RPL18;RPS9;RPS20;RPL23;RPS27L;RPL31;RPS23;RPL21;RPL28;RPL18A;RPL14;RPL36AL;RPS15A;RPL27A;RPL22L1;EEF1B2;RPL26L1;RPLP0;EEF1D;RPL7;RPSA;RPL27;RPL23A,excitatory_subtypes,Ex_L6_TLE4_CCBE1,c9ALS_vs_sALS,Reactome_2022
prerank,SRP-dependent Cotranslational Protein Targeting To Membrane R-HSA-1799339,0.8012284334768105,3.0278475127094255,0.001,0.001,0.001,79/103,13.02%,RPS2;RPS28;RPS11;RPS24;RPL15;RPL30;RPS5;RPL29;RPL7A;RPS16;RPL4;RPS27;RPS15;UBA52;RPL13A;RPL8;SRP19;RPS14;RPLP1;RPL6;RPL34;RPS3;RPS21;RPL38;RPL3;RPL35;SPCS1;RPL36;SPCS3;RPL11;RPL41;RPLP2;RPL32;RPL35A;RPL19;RPL37;SRP14;RPL9;FAU;SEC61G;RPS4X;RPS19;RPS7;RPS13;RPS25;RPS8;RPL5;SEC61B;RPL12;RPS3A;SPCS2;RPL10A;RPS27A;SSR4;RPL18;RPS9;RPS20;RPL23;RPS27L;RPL31;RPS23;SSR3;RPL21;RPL28;SRPRA;SEC61A1;RPL18A;RPL14;RPL36AL;RPS15A;RPL27A;SRP68;RPL22L1;RPL26L1;RPLP0;RPL7;RPSA;RPL27;RPL23A,excitatory_subtypes,Ex_L6_TLE4_CCBE1,c9ALS_vs_sALS,Reactome_2022
prerank,Nonsense Mediated Decay (NMD) Independent Of Exon Junction Complex (EJC) R-HSA-975956,0.823543445977452,3.0218031625245785,0.001,0.001,0.001,71/87,13.02%,RPS2;RPS28;RPS11;RPS24;RPL15;RPL30;RPS5;RPL29;RPL7A;RPS16;RPL4;RPS27;RPS15;UBA52;RPL13A;RPL8;RPS14;RPLP1;RPL6;RPL34;RPS3;RPS21;RPL38;RPL3;RPL35;RPL36;GSPT2;RPL11;RPL41;RPLP2;RPL32;RPL35A;RPL19;RPL37;RPL9;FAU;RPS4X;RPS19;RPS7;RPS13;RPS25;RPS8;RPL5;RPL12;EIF4G1;RPS3A;RPL10A;RPS27A;RPL18;RPS9;RPS20;RPL23;RPS27L;RPL31;RPS23;RPL21;RPL28;RPL18A;RPL14;RPL36AL;RPS15A;GSPT1;RPL27A;RPL22L1;RPL26L1;RPLP0;RPL7;PABPC1;RPSA;RPL27;RPL23A,excitatory_subtypes,Ex_L6_TLE4_CCBE1,c9ALS_vs_sALS,Reactome_2022
prerank,Peptide Chain Elongation R-HSA-156902,0.8360833189004863,3.0207848253391165,0.001,0.001,0.001,69/81,13.02%,RPS2;RPS28;RPS11;EEF2;RPS24;RPL15;RPL30;RPS5;RPL29;RPL7A;RPS16;RPL4;RPS27;RPS15;UBA52;RPL13A;RPL8;RPS14;RPLP1;RPL6;RPL34;RPS3;RPS21;RPL38;RPL3;RPL35;RPL36;RPL11;RPL41;RPLP2;RPL32;RPL35A;RPL19;RPL37;RPL9;FAU;RPS4X;RPS19;RPS7;RPS13;RPS25;RPS8;RPL5;EEF1A1;RPL12;RPS3A;RPL10A;RPS27A;RPL18;RPS9;RPS20;RPL23;RPS27L;RPL31;RPS23;RPL21;RPL28;RPL18A;RPL14;RPL36AL;RPS15A;RPL27A;RPL22L1;RPL26L1;RPLP0;RPL7;RPSA;RPL27;RPL23A,excitatory_subtypes,Ex_L6_TLE4_CCBE1,c9ALS_vs_sALS,Reactome_2022
prerank,Viral mRNA Translation R-HSA-192823,0.8333715655437592,3.016539468102769,0.001,0.001,0.001,70/84,13.02%,RPS2;RPS28;RPS11;RPS24;RPL15;RPL30;RPS5;RPL29;RPL7A;RPS16;RPL4;RPS27;RPS15;GNL3;UBA52;RPL13A;RPL8;RPS14;RPLP1;RPL6;DNAJC3;RPL34;RPS3;RPS21;RPL38;RPL3;RPL35;RPL36;RPL11;RPL41;RPLP2;RPL32;RPL35A;RPL19;RPL37;RPL9;FAU;RPS4X;RPS19;RPS7;RPS13;RPS25;RPS8;RPL5;RPL12;RPS3A;RPL10A;RPS27A;RPL18;RPS9;RPS20;RPL23;RPS27L;RPL31;RPS23;RPL21;RPL28;RPL18A;RPL14;RPL36AL;RPS15A;RPL27A;RPL22L1;RPL26L1;RPLP0;RPL7;RPSA;GRSF1;RPL27;RPL23A,excitatory_subtypes,Ex_L6_TLE4_CCBE1,c9ALS_vs_sALS,Reactome_2022
prerank,Response Of EIF2AK4 (GCN2) To Amino Acid Deficiency R-HSA-9633012,0.8005476263369636,2.947232199730835,0.001,0.001,0.001,70/92,13.02%,RPS2;RPS28;CEBPB;RPS11;RPS24;RPL15;RPL30;RPS5;RPL29;RPL7A;RPS16;RPL4;RPS27;RPS15;UBA52;RPL13A;RPL8;RPS14;ATF4;RPLP1;RPL6;RPL34;RPS3;RPS21;RPL38;RPL3;RPL35;RPL36;RPL11;RPL41;RPLP2;RPL32;RPL35A;RPL19;RPL37;RPL9;FAU;RPS4X;RPS19;RPS7;RPS13;RPS25;RPS8;RPL5;RPL12;RPS3A;RPL10A;RPS27A;RPL18;RPS9;RPS20;RPL23;RPS27L;RPL31;RPS23;RPL21;RPL28;CEBPG;RPL18A;RPL14;RPL36AL;RPS15A;RPL27A;RPL22L1;RPL26L1;RPLP0;RPL7;RPSA;RPL27;RPL23A,excitatory_subtypes,Ex_L6_TLE4_CCBE1,c9ALS_vs_sALS,Reactome_2022
prerank,L13a-mediated Translational Silencing Of Ceruloplasmin Expression R-HSA-156827,0.7802806386385468,2.938705222222694,0.001,0.001,0.001,80/102,14.03%,EIF1AX;RPS2;RPS28;EIF4A2;RPS11;RPS24;RPL15;RPL30;RPS5;RPL29;RPL7A;RPS16;RPL4;RPS27;RPS15;UBA52;RPL13A;RPL8;EIF3M;RPS14;RPLP1;RPL6;RPL34;RPS3;RPS21;RPL38;RPL3;RPL35;RPL36;RPL11;RPL41;RPLP2;RPL32;RPL35A;RPL19;RPL37;RPL9;FAU;RPS4X;RPS19;RPS7;RPS13;RPS25;RPS8;RPL5;RPL12;EIF4G1;RPS3A;RPL10A;RPS27A;EIF4H;RPL18;RPS9;RPS20;RPL23;RPS27L;RPL31;RPS23;RPL21;EIF3B;RPL28;RPL18A;RPL14;RPL36AL;RPS15A;RPL27A;RPL22L1;RPL26L1;EIF3D;RPLP0;EIF4E;RPL7;PABPC1;EIF3J;RPSA;EIF3G;RPL27;RPL23A;EIF3A;EIF3I,excitatory_subtypes,Ex_L6_TLE4_CCBE1,c9ALS_vs_sALS,Reactome_2022
prerank,Formation Of A Pool Of Free 40S Subunits R-HSA-72689,0.7870842585083576,2.9332359226206295,0.001,0.001,0.001,75/93,14.03%,EIF1AX;RPS2;RPS28;RPS11;RPS24;RPL15;RPL30;RPS5;RPL29;RPL7A;RPS16;RPL4;RPS27;RPS15;UBA52;RPL13A;RPL8;EIF3M;RPS14;RPLP1;RPL6;RPL34;RPS3;RPS21;RPL38;RPL3;RPL35;RPL36;RPL11;RPL41;RPLP2;RPL32;RPL35A;RPL19;RPL37;RPL9;FAU;RPS4X;RPS19;RPS7;RPS13;RPS25;RPS8;RPL5;RPL12;RPS3A;RPL10A;RPS27A;RPL18;RPS9;RPS20;RPL23;RPS27L;RPL31;RPS23;RPL21;EIF3B;RPL28;RPL18A;RPL14;RPL36AL;RPS15A;RPL27A;RPL22L1;RPL26L1;EIF3D;RPLP0;RPL7;EIF3J;RPSA;EIF3G;RPL27;RPL23A;EIF3A;EIF3I,excitatory_subtypes,Ex_L6_TLE4_CCBE1,c9ALS_vs_sALS,Reactome_2022
prerank,Cap-dependent Translation Initiation R-HSA-72737,0.7647593586130376,2.922797057315236,0.001,0.001,0.001,81/110,14.03%,EIF1AX;RPS2;RPS28;EIF4A2;RPS11;RPS24;RPL15;RPL30;RPS5;RPL29;RPL7A;RPS16;RPL4;RPS27;RPS15;UBA52;RPL13A;RPL8;EIF3M;RPS14;RPLP1;RPL6;EIF5;RPL34;RPS3;RPS21;RPL38;RPL3;RPL35;RPL36;RPL11;RPL41;RPLP2;RPL32;RPL35A;RPL19;RPL37;RPL9;FAU;RPS4X;RPS19;RPS7;RPS13;RPS25;RPS8;RPL5;RPL12;EIF4G1;RPS3A;RPL10A;RPS27A;EIF4H;RPL18;RPS9;RPS20;RPL23;RPS27L;RPL31;RPS23;RPL21;EIF3B;RPL28;RPL18A;RPL14;RPL36AL;RPS15A;RPL27A;RPL22L1;RPL26L1;EIF3D;RPLP0;EIF4E;RPL7;PABPC1;EIF3J;RPSA;EIF3G;RPL27;RPL23A;EIF3A;EIF3I,excitatory_subtypes,Ex_L6_TLE4_CCBE1,c9ALS_vs_sALS,Reactome_2022
prerank,Formation Of Tubulin Folding Intermediates By CCT/TriC R-HSA-389960,-0.746687206074681,-2.0024194759792713,0.001,0.001,0.014,17/24,13.90%,TUBA1B;TUBB;TUBB4A;TUBA1C;TUBB2B;CCT3;TUBB2A;CCT5;TUBA4A;CCT2;TCP1;CCT8;TUBA8;TUBA3D;TUBB4B;CCT7;CCT6A,excitatory_subtypes,Ex_L6_TLE4_CCBE1,sALS_vs_Control,Reactome_2022
prerank,"mRNA Activation Upon Binding Of Cap-Binding Complex And eIFs, Subsequent Binding To 43S R-HSA-72662",-0.6300267551270056,-2.0035445557584355,0.001,0.001,0.014,30/54,18.18%,EIF1AX;EIF4A2;RPS2;EIF3B;EIF3E;RPS11;RPS28;RPS5;EIF4H;EIF4G1;RPS25;FAU;RPS16;EIF3M;RPS15;EIF3G;PABPC1;EIF3F;EIF2S3;RPS14;RPS27L;RPS15A;RPS27;RPS21;RPS19;RPS29;RPS20;EIF4E;EIF3I;RPS6,excitatory_subtypes,Ex_L6_TLE4_CCBE1,sALS_vs_Control,Reactome_2022
prerank,Nonsense Mediated Decay (NMD) Enhanced By Exon Junction Complex (EJC) R-HSA-975957,-0.5656295585886515,-2.007900284545166,0.001,0.001,0.014,64/105,23.23%,PPP2R1A;RPS2;RPLP0;RPL35;RPL4;RPL15;RPS11;UBA52;RPS28;RPS5;RNPS1;UPF1;RPL8;GSPT2;EIF4G1;RPL19;RPS25;RPL13A;FAU;RPL36;RPS16;RPL28;CASC3;RPS15;PABPC1;SMG9;RPL18;RPLP1;RPL29;PNRC2;RPL38;RPS14;RPS27L;RPL41;RPS15A;RPL9;RPS27;RPL22L1;RPL7;RPS21;RPL18A;RPS19;RPS29;RPLP2;RPS20;RPL3;RPL27;RPL34;RPL32;RPL21;RPL27A;RPL31;RPS6;RPS4X;RPL6;RPL12;RPS27A;RPSA;RPL7A;GSPT1;RPS24;RPL30;RPS9;RPL10A,excitatory_subtypes,Ex_L6_TLE4_CCBE1,sALS_vs_Control,Reactome_2022
prerank,Ribosomal Scanning And Start Codon Recognition R-HSA-72702,-0.6357771902977943,-2.019328197148714,0.001,0.001,0.007,30/53,18.18%,EIF1AX;EIF4A2;RPS2;EIF3B;EIF3E;RPS11;RPS28;RPS5;EIF4H;EIF4G1;RPS25;FAU;RPS16;EIF3M;RPS15;EIF3G;EIF3F;EIF2S3;RPS14;RPS27L;RPS15A;RPS27;EIF5;RPS21;RPS19;RPS29;RPS20;EIF4E;EIF3I;RPS6,excitatory_subtypes,Ex_L6_TLE4_CCBE1,sALS_vs_Control,Reactome_2022
prerank,Translation Initiation Complex Formation R-HSA-72649,-0.6369384169822416,-2.026280972254836,0.001,0.001,0.005,30/53,18.18%,EIF1AX;EIF4A2;RPS2;EIF3B;EIF3E;RPS11;RPS28;RPS5;EIF4H;EIF4G1;RPS25;FAU;RPS16;EIF3M;RPS15;EIF3G;PABPC1;EIF3F;EIF2S3;RPS14;RPS27L;RPS15A;RPS27;RPS21;RPS19;RPS29;RPS20;EIF4E;EIF3I;RPS6,excitatory_subtypes,Ex_L6_TLE4_CCBE1,sALS_vs_Control,Reactome_2022
prerank,Prefoldin Mediated Transfer Of Substrate To CCT/TriC R-HSA-389957,-0.7525947301824991,-2.0290066727957745,0.001,0.001,0.005,19/25,13.90%,TUBB;TUBB4A;TUBA1C;TUBB2B;CCT3;TUBB2A;PFDN4;CCT5;TUBA4A;PFDN2;VBP1;CCT2;TCP1;CCT8;TUBA3D;TUBB4B;PFDN6;CCT7;CCT6A,excitatory_subtypes,Ex_L6_TLE4_CCBE1,sALS_vs_Control,Reactome_2022
prerank,XBP1(S) Activates Chaperone Genes R-HSA-381038,-0.6757935294902062,-2.0746685092155723,0.001,0.001,0.001,22/44,15.77%,KLHDC3;PPP2R5B;EXTL1;ARFGAP1;HYOU1;CXXC1;ACADVL;TSPYL2;ATP6V0D1;WFS1;DNAJC3;SYVN1;CUL7;HDGF;EXTL3;LMNA;PREB;ACD;SRPRA;DDX11;CTDSP2;KDELR3,excitatory_subtypes,Ex_L6_TLE4_CCBE1,sALS_vs_Control,Reactome_2022
prerank,Inhibition Of DNA Recombination At Telomere R-HSA-9670095,-0.7193043573152637,-2.0870311984823657,0.001,0.001,0.001,18/34,13.82%,H2AX;H2AZ2;POLR2J;POLR2L;POLR2E;POLR2I;TERF2IP;POLR2C;H3-3B;POLR2B;POLR2H;TINF2;H2AZ1;ACD;H2BC21;POLR2K;DAXX;H2BC5,excitatory_subtypes,Ex_L6_TLE4_CCBE1,sALS_vs_Control,Reactome_2022
prerank,Cellular Response To Starvation R-HSA-9711097,-0.5663699834857717,-2.0997140018749003,0.001,0.001,0.001,74/143,18.33%,MLST8;ATP6V0E2;ATF4;CEBPB;RPS2;ATP6V1B2;RPLP0;ATP6V0D1;KPTN;CEBPG;RPL35;RPL4;WDR24;SEH1L;CASTOR2;RPL15;LAMTOR4;RRAGA;ATP6V0B;RPS11;UBA52;RPS28;RPS5;RPL8;ATF3;RPL19;RPS25;LAMTOR3;RPL13A;FAU;LAMTOR1;RPL36;RPS16;SESN2;ATP6V1G1;RPL28;LAMTOR5;RPS15;ATP6V1C1;BMT2;ATP6V1D;RPL18;RPLP1;ATP6V1F;RPL29;EIF2S3;RPL38;RPS14;RPS27L;RPL41;RPS15A;RPL9;FNIP2;NPRL2;RPS27;ATP6V0D2;RPL22L1;RPL7;RPS21;RRAGC;RPL18A;RPS19;RPS29;RPLP2;RPS20;RPL3;RPL27;RPL34;RPL32;RPL21;RPL27A;RPL31;RPS6;ATP6V1E1,excitatory_subtypes,Ex_L6_TLE4_CCBE1,sALS_vs_Control,Reactome_2022
prerank,Selenocysteine Synthesis R-HSA-2408557,-0.615889296195593,-2.125657121163909,0.001,0.001,0.001,58/85,24.17%,RPS2;RPLP0;RPL35;RPL4;RPL15;RPS11;UBA52;RPS28;RPS5;RPL8;RPL19;RPS25;RPL13A;FAU;RPL36;RPS16;RPL28;RPS15;RPL18;RPLP1;RPL29;RPL38;RPS14;RPS27L;RPL41;RPS15A;RPL9;RPS27;RPL22L1;RPL7;RPS21;SEPHS2;RPL18A;RPS19;RPS29;RPLP2;RPS20;PSTK;RPL3;RPL27;RPL34;RPL32;RPL21;RPL27A;RPL31;RPS6;RPS4X;RPL6;RPL12;RPS27A;RPSA;RPL7A;RPS24;RPL30;RPS9;RPL10A;RPL39;RPL23,excitatory_subtypes,Ex_L6_TLE4_CCBE1,sALS_vs_Control,Reactome_2022
prerank,Eukaryotic Translation Termination R-HSA-72764,0.6574179550377128,2.440720384676574,0.001,0.001,0.001,60/84,25.17%,RPL37A;RPL37;RPL38;RPS20;RPL21;RPL30;RPL35A;RPL23;RPL39;RPS23;RPL36AL;RPL34;RPL23A;RPS21;RPS7;RPS29;RPL12;MRPL13;RPS28;RPL7;RPL27;RPS12;RPL31;N6AMT1;RPS27A;RPS27;RPL5;RPL6;RPS25;RPS24;RPL22;RSL24D1;RPL32;RPL27A;RPLP1;RPL35;RPLP2;RPS15A;RPS9;RPL11;RPS13;FAU;RPL15;RPL8;RPL14;RPL41;RPL19;RPL36;RPS4X;RPS8;RPS16;RPS2;RPS14;RPS11;RPL9;RPS3;GSPT1;RPS19;RPL7A;RPL13A,excitatory_subtypes,Ex_L6_TLE4_MEGF11,c9ALS_vs_Control,Reactome_2022
prerank,Selenocysteine Synthesis R-HSA-2408557,0.6523183449282729,2.4396896016853513,0.001,0.001,0.001,61/84,25.17%,RPL37A;RPL37;RPL38;RPS20;RPL21;RPL30;RPL35A;RPL23;RPL39;RPS23;RPL36AL;RPL34;RPL23A;RPS21;RPS7;RPS29;RPL12;MRPL13;RPS28;RPL7;RPL27;RPS12;PSTK;RPL31;RPS27A;RPS27;RPL5;RPL6;RPS25;RPS24;RPL22;RSL24D1;RPL32;RPL27A;RPLP1;RPL35;RPLP2;SARS1;RPS15A;RPS9;RPL11;RPS13;FAU;RPL15;RPL8;EEFSEC;RPL14;RPL41;RPL19;RPL36;RPS4X;RPS8;RPS16;RPS2;RPS14;RPS11;RPL9;RPS3;RPS19;RPL7A;RPL13A,excitatory_subtypes,Ex_L6_TLE4_MEGF11,c9ALS_vs_Control,Reactome_2022
prerank,Nonsense Mediated Decay (NMD) Independent Of Exon Junction Complex (EJC) R-HSA-975956,0.6501363484909634,2.4231205451872535,0.001,0.001,0.001,62/86,25.17%,RPL37A;RPL37;RPL38;RPS20;RPL21;RPL30;RPL35A;RPL23;RPL39;RPS23;RPL36AL;NCBP2;RPL34;RPL23A;RPS21;RPS7;RPS29;RPL12;MRPL13;RPS28;RPL7;RPL27;EIF4G1;RPS12;RPL31;RPS27A;RPS27;RPL5;RPL6;RPS25;RPS24;RPL22;RSL24D1;RPL32;PABPC1;RPL27A;RPLP1;RPL35;RPLP2;RPS15A;RPS9;RPL11;RPS13;FAU;RPL15;RPL8;RPL14;RPL41;RPL19;RPL36;RPS4X;RPS8;RPS16;RPS2;RPS14;RPS11;RPL9;RPS3;GSPT1;RPS19;RPL7A;RPL13A,excitatory_subtypes,Ex_L6_TLE4_MEGF11,c9ALS_vs_Control,Reactome_2022
prerank,Formation Of A Pool Of Free 40S Subunits R-HSA-72689,0.6383528136676696,2.411550219735034,0.001,0.001,0.001,60/92,21.61%,EIF3J;EIF3A;RPL37A;RPL37;RPL38;RPS20;RPL21;RPL30;RPL35A;RPL23;RPL39;RPS23;RPL36AL;RPL34;RPL23A;RPS21;RPS7;RPS29;RPL12;MRPL13;RPS28;RPL7;RPL27;EIF3C;RPS12;RPL31;RPS27A;RPS27;RPL5;RPL6;EIF3H;RPS25;RPS24;RPL22;RSL24D1;RPL32;RPL27A;EIF3K;RPLP1;RPL35;RPLP2;RPS15A;RPS9;RPL11;RPS13;FAU;RPL15;RPL8;RPL14;EIF3E;RPL41;EIF3M;RPL19;RPL36;RPS4X;RPS8;RPS16;RPS2;RPS14;RPS11,excitatory_subtypes,Ex_L6_TLE4_MEGF11,c9ALS_vs_Control,Reactome_2022
prerank,GTP Hydrolysis And Joining Of 60S Ribosomal Subunit R-HSA-72706,0.6253335016863224,2.3998072987841814,0.001,0.001,0.001,64/102,21.61%,EIF3J;EIF3A;RPL37A;RPL37;RPL38;RPS20;RPL21;RPL30;RPL35A;RPL23;RPL39;RPS23;RPL36AL;RPL34;RPL23A;RPS21;RPS7;EIF2S2;RPS29;RPL12;MRPL13;RPS28;RPL7;RPL27;EIF4G1;EIF3C;RPS12;RPL31;RPS27A;RPS27;RPL5;RPL6;EIF3H;RPS25;RPS24;RPL22;RSL24D1;RPL32;EIF5B;RPL27A;EIF3K;RPLP1;RPL35;RPLP2;RPS15A;RPS9;RPL11;RPS13;FAU;RPL15;RPL8;EIF5;RPL14;EIF3E;RPL41;EIF3M;RPL19;RPL36;RPS4X;RPS8;RPS16;RPS2;RPS14;RPS11,excitatory_subtypes,Ex_L6_TLE4_MEGF11,c9ALS_vs_Control,Reactome_2022
prerank,L13a-mediated Translational Silencing Of Ceruloplasmin Expression R-HSA-156827,0.6239066059301184,2.3960906865504423,0.001,0.001,0.001,63/101,21.61%,EIF3J;EIF3A;RPL37A;RPL37;RPL38;RPS20;RPL21;RPL30;RPL35A;RPL23;RPL39;RPS23;RPL36AL;RPL34;RPL23A;RPS21;RPS7;EIF2S2;RPS29;RPL12;MRPL13;RPS28;RPL7;RPL27;EIF4G1;EIF3C;RPS12;RPL31;RPS27A;RPS27;RPL5;RPL6;EIF3H;RPS25;RPS24;RPL22;RSL24D1;RPL32;PABPC1;RPL27A;EIF3K;RPLP1;RPL35;RPLP2;RPS15A;RPS9;RPL11;RPS13;FAU;RPL15;RPL8;RPL14;EIF3E;RPL41;EIF3M;RPL19;RPL36;RPS4X;RPS8;RPS16;RPS2;RPS14;RPS11,excitatory_subtypes,Ex_L6_TLE4_MEGF11,c9ALS_vs_Control,Reactome_2022
prerank,SRP-dependent Cotranslational Protein Targeting To Membrane R-HSA-1799339,0.6118335257481922,2.377216896624322,0.001,0.001,0.001,60/102,21.61%,RPL37A;RPL37;RPL38;RPS20;RPL21;RPL30;RPL35A;RPL23;SPCS3;RPL39;RPS23;RPL36AL;RPL34;RPL23A;RPS21;RPS7;RPS29;RPL12;MRPL13;RPS28;RPL7;RPL27;RPS12;SRP72;RPL31;RPS27A;SPCS2;RPN1;RPS27;RPL5;RPL6;RPS25;RPS24;RPL22;RSL24D1;RPL32;RPN2;RPL27A;RPLP1;RPL35;RPLP2;RPS15A;RPS9;RPL11;RPS13;FAU;RPL15;RPL8;SRPRB;RPL14;RPL41;RPL19;RPL36;RPS4X;RPS8;RPS16;SRP14;RPS2;RPS14;RPS11,excitatory_subtypes,Ex_L6_TLE4_MEGF11,c9ALS_vs_Control,Reactome_2022
prerank,Viral mRNA Translation R-HSA-192823,0.6380947364351601,2.3677473237921354,0.001,0.001,0.001,60/82,25.17%,RPL37A;RPL37;RPL38;RPS20;GNL3;RPL21;RPL30;RPL35A;RPL23;RPL39;RPS23;RPL36AL;RPL34;RPL23A;RPS21;RPS7;RPS29;RPL12;MRPL13;RPS28;RPL7;RPL27;RPS12;PBRM1;RPL31;RPS27A;RPS27;RPL5;RPL6;RPS25;RPS24;RPL22;RSL24D1;RPL32;RPL27A;RPLP1;RPL35;RPLP2;RPS15A;RPS9;RPL11;RPS13;FAU;RPL15;RPL8;RPL14;RPL41;RPL19;RPL36;RPS4X;RPS8;RPS16;RPS2;RPS14;RPS11;RPL9;RPS3;RPS19;RPL7A;RPL13A,excitatory_subtypes,Ex_L6_TLE4_MEGF11,c9ALS_vs_Control,Reactome_2022
prerank,Peptide Chain Elongation R-HSA-156902,0.6397897529453422,2.360911158218207,0.001,0.001,0.001,58/80,25.17%,RPL37A;RPL37;RPL38;RPS20;RPL21;RPL30;RPL35A;RPL23;RPL39;RPS23;RPL36AL;RPL34;RPL23A;RPS21;RPS7;RPS29;RPL12;MRPL13;RPS28;RPL7;RPL27;RPS12;RPL31;RPS27A;RPS27;RPL5;RPL6;RPS25;RPS24;RPL22;RSL24D1;RPL32;RPL27A;RPLP1;RPL35;RPLP2;RPS15A;RPS9;RPL11;RPS13;FAU;RPL15;RPL8;RPL14;RPL41;RPL19;RPL36;RPS4X;RPS8;RPS16;RPS2;RPS14;RPS11;RPL9;RPS3;RPS19;RPL7A;RPL13A,excitatory_subtypes,Ex_L6_TLE4_MEGF11,c9ALS_vs_Control,Reactome_2022
prerank,Eukaryotic Translation Elongation R-HSA-156842,0.6281714583684518,2.3344183055278815,0.001,0.001,0.001,59/83,25.17%,RPL37A;RPL37;RPL38;RPS20;RPL21;RPL30;RPL35A;RPL23;RPL39;RPS23;RPL36AL;RPL34;RPL23A;RPS21;RPS7;RPS29;RPL12;MRPL13;RPS28;RPL7;RPL27;RPS12;RPL31;RPS27A;RPS27;RPL5;RPL6;RPS25;RPS24;RPL22;RSL24D1;RPL32;RPL27A;RPLP1;RPL35;RPLP2;RPS15A;RPS9;RPL11;RPS13;FAU;RPL15;RPL8;RPL14;RPL41;RPL19;RPL36;RPS4X;RPS8;RPS16;RPS2;RPS14;RPS11;RPL9;RPS3;EEF1B2;RPS19;RPL7A;RPL13A,excitatory_subtypes,Ex_L6_TLE4_MEGF11,c9ALS_vs_Control,Reactome_2022
prerank,Eukaryotic Translation Termination R-HSA-72764,0.8681756491198576,3.189906423463057,0.001,0.001,0.001,68/84,7.66%,RPL18A;RPS2;RPL15;RPS3;RPS16;RPL8;RPS7;RPL3;RPL23A;RPL9;RPS15;RPLP2;RPS14;UBA52;RPS21;RPL41;RPL12;RPL7A;RPS19;RPS9;RPL35;RPS5;RPS27A;RPL27A;RPL36AL;RPLP1;RPL14;RPS11;RPL13A;RPL7;RPS28;RPS23;RPS29;RPL37A;RPL19;RPL32;RPL37;RPL29;RPL35A;RPL31;RPL11;RPL30;RPL34;FAU;RPS15A;RPS20;RPS8;RPS4X;RPS27L;RPS12;RPL18;RPL28;RPS27;RPL4;TRMT112;RPS25;RPL23;RPL6;RPSA;RPL36;RSL24D1;RPL21;RPS24;RPS13;RPL27;RPL38;GSPT1;RPL5,excitatory_subtypes,Ex_L6_TLE4_MEGF11,c9ALS_vs_sALS,Reactome_2022
prerank,Peptide Chain Elongation R-HSA-156902,0.8834459770805155,3.1758386826942036,0.001,0.001,0.001,67/80,6.54%,RPL18A;RPS2;RPL15;RPS3;RPS16;RPL8;RPS7;RPL3;RPL23A;RPL9;RPS15;RPLP2;RPS14;UBA52;RPS21;RPL41;RPL12;RPL7A;RPS19;RPS9;RPL35;RPS5;RPS27A;RPL27A;RPL36AL;RPLP1;RPL14;RPS11;RPL13A;RPL7;RPS28;RPS23;RPS29;RPL37A;RPL19;RPL32;RPL37;RPL29;RPL35A;EEF2;RPL31;RPL11;RPL30;RPL34;FAU;RPS15A;RPS20;RPS8;EEF1A1;RPS4X;RPS27L;RPS12;RPL18;RPL28;RPS27;RPL4;RPS25;RPL23;RPL6;RPSA;RPL36;RSL24D1;RPL21;RPS24;RPS13;RPL27;RPL38,excitatory_subtypes,Ex_L6_TLE4_MEGF11,c9ALS_vs_sALS,Reactome_2022
prerank,Nonsense Mediated Decay (NMD) Independent Of Exon Junction Complex (EJC) R-HSA-975956,0.8629954601237092,3.1617533048065405,0.001,0.001,0.001,73/86,9.45%,RPL18A;RPS2;RPL15;RPS3;RPS16;RPL8;RPS7;RPL3;RPL23A;RPL9;RPS15;RPLP2;RPS14;UBA52;RPS21;RPL41;RPL12;RPL7A;RPS19;RPS9;RPL35;RPS5;RPS27A;RPL27A;RPL36AL;RPLP1;RPL14;RPS11;RPL13A;RPL7;RPS28;RPS23;RPS29;RPL37A;RPL19;RPL32;RPL37;RPL29;RPL35A;RPL31;RPL11;RPL30;RPL34;FAU;RPS15A;RPS20;RPS8;RPS4X;RPS27L;RPS12;RPL18;RPL28;RPS27;RPL4;RPS25;RPL23;RPL6;RPSA;EIF4G1;UPF1;RPL36;RSL24D1;RPL21;PABPC1;RPS24;RPS13;RPL27;RPL38;GSPT1;RPL5;GSPT2;NCBP2;RPS6,excitatory_subtypes,Ex_L6_TLE4_MEGF11,c9ALS_vs_sALS,Reactome_2022
prerank,Eukaryotic Translation Elongation R-HSA-156842,0.8728576726594669,3.1525741137809407,0.001,0.001,0.001,68/83,6.54%,RPL18A;RPS2;RPL15;RPS3;RPS16;RPL8;RPS7;RPL3;RPL23A;RPL9;RPS15;RPLP2;EEF1A2;RPS14;UBA52;RPS21;RPL41;RPL12;RPL7A;RPS19;RPS9;RPL35;RPS5;RPS27A;RPL27A;RPL36AL;RPLP1;RPL14;RPS11;RPL13A;RPL7;RPS28;RPS23;RPS29;RPL37A;RPL19;RPL32;RPL37;RPL29;RPL35A;EEF2;RPL31;RPL11;RPL30;RPL34;FAU;RPS15A;RPS20;RPS8;EEF1A1;RPS4X;RPS27L;RPS12;RPL18;RPL28;RPS27;RPL4;RPS25;RPL23;RPL6;RPSA;RPL36;RSL24D1;RPL21;RPS24;RPS13;RPL27;RPL38,excitatory_subtypes,Ex_L6_TLE4_MEGF11,c9ALS_vs_sALS,Reactome_2022
prerank,Response Of EIF2AK4 (GCN2) To Amino Acid Deficiency R-HSA-9633012,0.8513357862987516,3.1466975494804217,0.001,0.001,0.001,70/91,7.66%,RPL18A;RPS2;RPL15;RPS3;RPS16;RPL8;DDIT3;RPS7;RPL3;RPL23A;RPL9;RPS15;RPLP2;RPS14;UBA52;RPS21;RPL41;RPL12;RPL7A;RPS19;RPS9;RPL35;RPS5;RPS27A;ATF4;RPL27A;RPL36AL;RPLP1;RPL14;RPS11;RPL13A;CEBPB;RPL7;RPS28;RPS23;RPS29;RPL37A;RPL19;RPL32;RPL37;RPL29;RPL35A;RPL31;RPL11;RPL30;RPL34;FAU;RPS15A;RPS20;RPS8;RPS4X;RPS27L;RPS12;RPL18;RPL28;RPS27;RPL4;RPS25;RPL23;RPL6;RPSA;RPL36;RSL24D1;RPL21;RPS24;RPS13;RPL27;RPL38;EIF2S2;RPL5,excitatory_subtypes,Ex_L6_TLE4_MEGF11,c9ALS_vs_sALS,Reactome_2022
prerank,Viral mRNA Translation R-HSA-192823,0.864868346511404,3.142287076685222,0.001,0.001,0.001,65/82,6.54%,RPL18A;RPS2;RPL15;RPS3;RPS16;RPL8;RPS7;RPL3;RPL23A;RPL9;RPS15;RPLP2;RPS14;UBA52;RPS21;RPL41;RPL12;RPL7A;RPS19;RPS9;RPL35;RPS5;RPS27A;RPL27A;RPL36AL;RPLP1;RPL14;RPS11;RPL13A;RPL7;RPS28;RPS23;RPS29;RPL37A;RPL19;RPL32;RPL37;RPL29;RPL35A;RPL31;RPL11;RPL30;RPL34;FAU;RPS15A;RPS20;RPS8;RPS4X;RPS27L;RPS12;RPL18;RPL28;RPS27;RPL4;RPS25;RPL23;RPL6;RPSA;RPL36;RSL24D1;RPL21;RPS24;RPS13;RPL27;RPL38,excitatory_subtypes,Ex_L6_TLE4_MEGF11,c9ALS_vs_sALS,Reactome_2022
prerank,Formation Of A Pool Of Free 40S Subunits R-HSA-72689,0.8475436806443926,3.13836570420155,0.001,0.001,0.001,71/92,7.66%,RPL18A;RPS2;RPL15;RPS3;RPS16;RPL8;RPS7;RPL3;EIF1AX;RPL23A;RPL9;RPS15;RPLP2;RPS14;UBA52;RPS21;RPL41;RPL12;RPL7A;RPS19;RPS9;RPL35;RPS5;RPS27A;RPL27A;RPL36AL;RPLP1;RPL14;RPS11;RPL13A;RPL7;RPS28;RPS23;RPS29;RPL37A;RPL19;RPL32;RPL37;RPL29;RPL35A;RPL31;RPL11;RPL30;RPL34;FAU;RPS15A;RPS20;RPS8;RPS4X;RPS27L;RPS12;RPL18;RPL28;RPS27;RPL4;EIF3I;EIF3E;RPS25;RPL23;RPL6;RPSA;RPL36;RSL24D1;RPL21;RPS24;RPS13;RPL27;EIF3M;RPL38;EIF3J;RPL5,excitatory_subtypes,Ex_L6_TLE4_MEGF11,c9ALS_vs_sALS,Reactome_2022
prerank,Selenocysteine Synthesis R-HSA-2408557,0.8612375354854231,3.1329095449968434,0.001,0.001,0.001,67/84,6.54%,RPL18A;RPS2;RPL15;RPS3;RPS16;RPL8;RPS7;RPL3;RPL23A;RPL9;RPS15;RPLP2;RPS14;UBA52;RPS21;RPL41;RPL12;RPL7A;PSTK;RPS19;RPS9;RPL35;RPS5;RPS27A;RPL27A;RPL36AL;RPLP1;RPL14;RPS11;RPL13A;RPL7;RPS28;RPS23;RPS29;RPL37A;RPL19;RPL32;RPL37;RPL29;RPL35A;RPL31;RPL11;RPL30;RPL34;FAU;RPS15A;RPS20;RPS8;RPS4X;RPS27L;RPS12;RPL18;RPL28;RPS27;RPL4;RPS25;RPL23;RPL6;RPSA;SEPHS2;RPL36;RSL24D1;RPL21;RPS24;RPS13;RPL27;RPL38,excitatory_subtypes,Ex_L6_TLE4_MEGF11,c9ALS_vs_sALS,Reactome_2022
prerank,SRP-dependent Cotranslational Protein Targeting To Membrane R-HSA-1799339,0.8282883603557076,3.1283992909245413,0.001,0.001,0.001,72/102,6.94%,RPL18A;RPS2;RPL15;RPS3;RPS16;RPL8;RPS7;RPL3;RPL23A;RPL9;RPS15;RPLP2;RPS14;UBA52;RPS21;RPL41;RPL12;RPL7A;RPS19;RPS9;RPL35;RPS5;RPS27A;RPL27A;RPL36AL;RPLP1;RPL14;RPS11;RPL13A;RPL7;RPS28;RPS23;SPCS1;RPS29;RPL37A;RPL19;RPL32;RPL37;RPL29;RPL35A;SSR1;RPL31;RPL11;RPL30;RPL34;FAU;RPS15A;RPS20;RPS8;RPS4X;SRP14;RPS27L;RPS12;RPL18;RPL28;RPS27;RPL4;SRPRB;SPCS3;RPS25;RPL23;SRP72;RPL6;RPSA;RPL36;RSL24D1;RPL21;RPS24;RPS13;RPL27;RPL38;SSR4,excitatory_subtypes,Ex_L6_TLE4_MEGF11,c9ALS_vs_sALS,Reactome_2022
prerank,L13a-mediated Translational Silencing Of Ceruloplasmin Expression R-HSA-156827,0.8298339741515586,3.1229143784333395,0.001,0.001,0.001,75/101,7.66%,RPL18A;RPS2;RPL15;EIF4A2;RPS3;RPS16;RPL8;RPS7;RPL3;EIF1AX;RPL23A;RPL9;RPS15;RPLP2;RPS14;UBA52;RPS21;RPL41;RPL12;RPL7A;RPS19;RPS9;RPL35;RPS5;RPS27A;RPL27A;RPL36AL;RPLP1;RPL14;RPS11;RPL13A;RPL7;RPS28;RPS23;RPS29;RPL37A;RPL19;RPL32;RPL37;RPL29;RPL35A;RPL31;RPL11;RPL30;RPL34;FAU;RPS15A;RPS20;RPS8;RPS4X;RPS27L;RPS12;RPL18;RPL28;RPS27;RPL4;EIF3I;EIF3E;RPS25;RPL23;RPL6;RPSA;EIF4G1;RPL36;RSL24D1;RPL21;PABPC1;RPS24;RPS13;RPL27;EIF3M;RPL38;EIF2S2;EIF3J;RPL5,excitatory_subtypes,Ex_L6_TLE4_MEGF11,c9ALS_vs_sALS,Reactome_2022
prerank,Formation Of A Pool Of Free 40S Subunits R-HSA-72689,-0.5691471964514667,-2.0573876867895335,0.001,0.001,0.006,55/92,21.32%,EIF1AX;RPL18A;EIF3I;RPLP0;RPL15;RPS2;RPL3;RPL29;RPS15;EIF3G;RPSA;RPL41;RPL28;RPS5;UBA52;RPS3;RPS16;RPL18;RPL8;RPS27L;RPL4;RPL9;EIF3B;RPL7A;RPS19;FAU;RPL35;RPLP2;RPL19;RPS14;RPS28;RPL13A;RPL26L1;RPS4X;RPS15A;RPS11;RPL27A;RPS27;RPLP1;RPS8;RPL11;RPS27A;RPL32;RPS25;RPL14;RPL7;EIF3E;RPS21;RPS9;RPS6;RPS29;RPL10A;RPL36AL;RPS7;RPL3L,excitatory_subtypes,Ex_L6_TLE4_MEGF11,sALS_vs_Control,Reactome_2022
prerank,Selenocysteine Synthesis R-HSA-2408557,-0.5864808088528565,-2.090377305931086,0.001,0.001,0.004,54/84,23.01%,RPL18A;RPLP0;RPL15;RPS2;RPL3;RPL29;RPS15;RPSA;RPL41;RPL28;RPS5;UBA52;RPS3;RPS16;RPL18;SEPHS2;RPL8;RPS27L;RPL4;RPL9;RPL7A;RPS19;FAU;RPL35;RPLP2;RPL19;RPS14;RPS28;RPL13A;RPL26L1;RPS4X;RPS15A;RPS11;RPL27A;RPS27;RPLP1;RPS8;RPL11;RPS27A;RPL32;RPS25;RPL14;RPL7;RPS21;RPS9;RPS6;RPS29;RPL10A;RPL36AL;RPS7;RPL3L;RPL12;RPL23A;RPL36,excitatory_subtypes,Ex_L6_TLE4_MEGF11,sALS_vs_Control,Reactome_2022
prerank,Cellular Response To Starvation R-HSA-9711097,-0.5491475428825457,-2.100723019234458,0.001,0.001,0.002,76/142,19.41%,ATP6V0E2;ATF4;DDIT3;MLST8;RPL18A;NPRL2;ATP6V1B2;RRAGC;KPTN;ATP6V0D1;RPLP0;RPL15;RPS2;CEBPB;LAMTOR2;SEH1L;SESN2;RPL3;RPL29;RPS15;RPSA;RPL41;EIF2S3;RPL28;RPS5;WDR24;UBA52;LAMTOR1;RPS3;RPS16;RPL18;RPL8;LAMTOR4;CASTOR2;RPS27L;RPL4;RPL9;SESN1;ATP6V1F;RPL7A;ATF3;RPS19;FAU;RRAGA;RPL35;RPLP2;RHEB;RPL19;RPS14;ATP6V1A;ATP6V0B;RPS28;RPL13A;RPL26L1;RPS4X;RPS15A;RPS11;RPL27A;RPS27;RPLP1;ATP6V1H;RPS8;RPL11;RPS27A;RPL32;RPS25;RPL14;RPL7;ATP6V1D;LAMTOR3;RPS21;RPS9;LAMTOR5;ATP6V1G1;RPS6;RPS29,excitatory_subtypes,Ex_L6_TLE4_MEGF11,sALS_vs_Control,Reactome_2022
prerank,IRE1alpha Activates Chaperones R-HSA-381070,-0.657858883150083,-2.122134738939581,0.001,0.001,0.001,19/46,9.22%,KLHDC3;PPP2R5B;ACADVL;ARFGAP1;TSPYL2;SSR1;HYOU1;EXTL1;ATP6V0D1;HDGF;CXXC1;WFS1;SYVN1;YIF1A;EXTL3;KDELR3;LMNA;ACD;ZBTB17,excitatory_subtypes,Ex_L6_TLE4_MEGF11,sALS_vs_Control,Reactome_2022
prerank,Response Of EIF2AK4 (GCN2) To Amino Acid Deficiency R-HSA-9633012,-0.5905331668470994,-2.1246651829382293,0.001,0.001,0.001,59/91,23.01%,ATF4;DDIT3;RPL18A;RPLP0;RPL15;RPS2;CEBPB;RPL3;RPL29;RPS15;RPSA;RPL41;EIF2S3;RPL28;RPS5;UBA52;RPS3;RPS16;RPL18;RPL8;RPS27L;RPL4;RPL9;RPL7A;ATF3;RPS19;FAU;RPL35;RPLP2;RPL19;RPS14;RPS28;RPL13A;RPL26L1;RPS4X;RPS15A;RPS11;RPL27A;RPS27;RPLP1;RPS8;RPL11;RPS27A;RPL32;RPS25;RPL14;RPL7;RPS21;RPS9;RPS6;RPS29;RPL10A;RPL36AL;RPS7;RPL3L;RPL12;IMPACT;RPL23A;RPL36,excitatory_subtypes,Ex_L6_TLE4_MEGF11,sALS_vs_Control,Reactome_2022
prerank,SARS-CoV-2 Modulates Host Translation Machinery R-HSA-9754678,-0.6715188145393868,-2.134890275344416,0.001,0.001,0.001,27/42,19.41%,RPS2;RPS15;RPSA;RPS5;SNRPF;RPS3;RPS16;RPS27L;RPS19;GEMIN6;SNRPB;FAU;RPS14;RPS28;RPS4X;RPS15A;RPS11;SMN1;RPS27;RPS8;RPS27A;RPS25;SNRPD2;RPS21;RPS9;RPS6;RPS29,excitatory_subtypes,Ex_L6_TLE4_MEGF11,sALS_vs_Control,Reactome_2022
prerank,XBP1(S) Activates Chaperone Genes R-HSA-381038,-0.6693675340313655,-2.143060630871757,0.001,0.001,0.001,19/44,9.22%,KLHDC3;PPP2R5B;ACADVL;ARFGAP1;TSPYL2;SSR1;HYOU1;EXTL1;ATP6V0D1;HDGF;CXXC1;WFS1;SYVN1;YIF1A;EXTL3;KDELR3;LMNA;ACD;ZBTB17,excitatory_subtypes,Ex_L6_TLE4_MEGF11,sALS_vs_Control,Reactome_2022
prerank,Viral mRNA Translation R-HSA-192823,-0.6102705369953232,-2.1535950900453336,0.001,0.001,0.001,54/82,23.01%,RPL18A;GRSF1;RPLP0;RPL15;RPS2;RPL3;RPL29;RPS15;RPSA;RPL41;RPL28;RPS5;UBA52;RPS3;RPS16;RPL18;RPL8;RPS27L;RPL4;RPL9;RPL7A;RPS19;FAU;RPL35;RPLP2;RPL19;RPS14;RPS28;RPL13A;RPL26L1;RPS4X;RPS15A;RPS11;RPL27A;RPS27;RPLP1;RPS8;RPL11;RPS27A;RPL32;RPS25;RPL14;RPL7;RPS21;RPS9;RPS6;RPS29;RPL10A;RPL36AL;RPS7;RPL3L;RPL12;RPL23A;RPL36,excitatory_subtypes,Ex_L6_TLE4_MEGF11,sALS_vs_Control,Reactome_2022
prerank,Eukaryotic Translation Termination R-HSA-72764,-0.6177247044079058,-2.191841169117854,0.001,0.001,0.001,57/84,23.01%,RPL18A;RPLP0;RPL15;RPS2;RPL3;RPL29;RPS15;RPSA;RPL41;RPL28;RPS5;UBA52;RPS3;TRMT112;RPS16;RPL18;RPL8;RPS27L;RPL4;RPL9;RPL7A;RPS19;GSPT2;FAU;RPL35;RPLP2;RPL19;RPS14;RPS28;RPL13A;RPL26L1;RPS4X;RPS15A;RPS11;RPL27A;RPS27;GSPT1;RPLP1;ETF1;RPS8;RPL11;RPS27A;RPL32;RPS25;RPL14;RPL7;RPS21;RPS9;RPS6;RPS29;RPL10A;RPL36AL;RPS7;RPL3L;RPL12;RPL23A;RPL36,excitatory_subtypes,Ex_L6_TLE4_MEGF11,sALS_vs_Control,Reactome_2022
prerank,SRP-dependent Cotranslational Protein Targeting To Membrane R-HSA-1799339,-0.6009412969140517,-2.194038578195661,0.001,0.001,0.001,65/102,23.44%,RPL18A;SSR1;SEC61A1;RPLP0;RPL15;RPS2;RPL3;RPL29;RPS15;RPSA;RPL41;RPL28;RPS5;UBA52;SPCS1;RPS3;RPS16;RPL18;RPL8;RPS27L;RPL4;RPL9;RPL7A;RPS19;FAU;RPL35;RPLP2;RPL19;RPS14;RPS28;SSR4;RPL13A;RPL26L1;RPS4X;RPS15A;RPS11;RPL27A;RPS27;DDOST;RPLP1;RPS8;SRP19;SSR2;RPL11;RPS27A;RPL32;RPS25;RPL14;SRPRB;RPL7;SSR3;RPS21;RPS9;SEC61B;RPS6;RPS29;RPL10A;RPL36AL;RPS7;RPL3L;SRP14;RPL12;RPL23A;RPL36;SRP72,excitatory_subtypes,Ex_L6_TLE4_MEGF11,sALS_vs_Control,Reactome_2022
prerank,Peptide Chain Elongation R-HSA-156902,0.7968760352315719,2.835679266248377,0.001,0.001,0.001,68/82,15.21%,RPL38;RPL30;RPL34;RPS21;RPL37;RPS24;RPS28;RPL5;RPL36AL;RPL35A;RPS27;RPL11;RPL23A;RPLP1;RPL23;RPS12;RSL24D1;RPL32;RPL21;RPLP2;RPL36;RPL12;RPS7;RPS27A;RPL37A;RPS8;FAU;RPS15A;RPS13;RPS23;RPL19;RPL35;RPS15;RPS4X;RPS16;RPL27;RPS3A;RPL9;RPS6;RPL10A;RPS14;RPL6;RPS19;RPS3;RPL7;RPL14;RPL29;RPS9;RPL13A;RPS20;RPL3;RPL31;RPL41;RPL7A;RPL22;RPL22L1;RPL8;RPS11;RPSA;RPL27A;RPL18A;RPS25;RPL28;RPS27L;RPS2;RPL15;RPL18;RPS5,broad,Excitatory,c9ALS_vs_Control,Reactome_2022
prerank,Viral mRNA Translation R-HSA-192823,0.7903189198908098,2.8233767821578692,0.001,0.001,0.001,69/85,15.21%,RPL38;RPL30;RPL34;RPS21;RPL37;RPS24;RPS28;RPL5;RPL36AL;RPL35A;RPS27;RPL11;RPL23A;RPLP1;RPL23;RPS12;RSL24D1;RPL32;RPL21;GNL3;RPLP2;RPL36;RPL12;RPS7;RPS27A;RPL37A;RPS8;FAU;RPS15A;RPS13;RPS23;RPL19;RPL35;RPS15;RPS4X;RPS16;RPL27;RPS3A;RPL9;RPS6;RPL10A;RPS14;RPL6;RPS19;RPS3;RPL7;RPL14;RPL29;RPS9;RPL13A;RPS20;RPL3;RPL31;RPL41;RPL7A;RPL22;RPL22L1;RPL8;RPS11;RPSA;RPL27A;RPL18A;RPS25;RPL28;RPS27L;RPS2;RPL15;RPL18;RPS5,broad,Excitatory,c9ALS_vs_Control,Reactome_2022
prerank,Nonsense Mediated Decay (NMD) Independent Of Exon Junction Complex (EJC) R-HSA-975956,0.7869782084580603,2.8226797702483375,0.001,0.001,0.001,69/88,15.21%,RPL38;RPL30;RPL34;RPS21;RPL37;RPS24;RPS28;RPL5;RPL36AL;RPL35A;RPS27;RPL11;RPL23A;RPLP1;RPL23;RPS12;RSL24D1;NCBP2;RPL32;RPL21;RPLP2;RPL36;RPL12;RPS7;RPS27A;RPL37A;RPS8;FAU;RPS15A;RPS13;RPS23;RPL19;RPL35;RPS15;RPS4X;RPS16;RPL27;RPS3A;RPL9;RPS6;RPL10A;RPS14;RPL6;RPS19;RPS3;RPL7;RPL14;RPL29;RPS9;RPL13A;RPS20;RPL3;RPL31;RPL41;RPL7A;RPL22;RPL22L1;RPL8;RPS11;RPSA;RPL27A;RPL18A;RPS25;RPL28;RPS27L;RPS2;RPL15;RPL18;RPS5,broad,Excitatory,c9ALS_vs_Control,Reactome_2022
prerank,Selenocysteine Synthesis R-HSA-2408557,0.7845641044623798,2.819635989075055,0.001,0.001,0.001,69/86,15.21%,RPL38;RPL30;RPL34;RPS21;RPL37;RPS24;RPS28;RPL5;RPL36AL;RPL35A;RPS27;RPL11;RPL23A;RPLP1;RPL23;RPS12;RSL24D1;RPL32;RPL21;RPLP2;RPL36;RPL12;RPS7;RPS27A;RPL37A;RPS8;FAU;RPS15A;RPS13;RPS23;RPL19;RPL35;RPS15;RPS4X;RPS16;RPL27;RPS3A;RPL9;RPS6;RPL10A;RPS14;RPL6;RPS19;RPS3;RPL7;RPL14;RPL29;RPS9;RPL13A;RPS20;RPL3;RPL31;RPL41;RPL7A;RPL22;RPL22L1;RPL8;RPS11;RPSA;RPL27A;SEPHS2;RPL18A;RPS25;RPL28;RPS27L;RPS2;RPL15;RPL18;RPS5,broad,Excitatory,c9ALS_vs_Control,Reactome_2022
prerank,Eukaryotic Translation Elongation R-HSA-156842,0.789769274228232,2.8155858724851477,0.001,0.001,0.001,69/85,15.21%,RPL38;RPL30;RPL34;RPS21;RPL37;RPS24;RPS28;RPL5;RPL36AL;RPL35A;RPS27;RPL11;RPL23A;RPLP1;RPL23;RPS12;RSL24D1;RPL32;RPL21;RPLP2;RPL36;RPL12;RPS7;RPS27A;RPL37A;RPS8;FAU;RPS15A;RPS13;RPS23;RPL19;RPL35;RPS15;RPS4X;RPS16;RPL27;RPS3A;RPL9;RPS6;RPL10A;RPS14;RPL6;RPS19;RPS3;RPL7;RPL14;RPL29;RPS9;RPL13A;RPS20;RPL3;RPL31;RPL41;RPL7A;RPL22;RPL22L1;RPL8;RPS11;RPSA;RPL27A;RPL18A;RPS25;RPL28;RPS27L;EEF1B2;RPS2;RPL15;RPL18;RPS5,broad,Excitatory,c9ALS_vs_Control,Reactome_2022
prerank,Eukaryotic Translation Termination R-HSA-72764,0.7857175898097682,2.815366386311687,0.001,0.001,0.001,69/86,15.21%,RPL38;RPL30;RPL34;RPS21;RPL37;RPS24;RPS28;RPL5;RPL36AL;RPL35A;RPS27;RPL11;RPL23A;RPLP1;RPL23;RPS12;RSL24D1;RPL32;RPL21;RPLP2;RPL36;RPL12;RPS7;RPS27A;RPL37A;RPS8;FAU;RPS15A;RPS13;RPS23;RPL19;RPL35;RPS15;RPS4X;RPS16;RPL27;RPS3A;RPL9;RPS6;RPL10A;RPS14;RPL6;RPS19;N6AMT1;RPS3;RPL7;RPL14;RPL29;RPS9;RPL13A;RPS20;RPL3;RPL31;RPL41;RPL7A;RPL22;RPL22L1;RPL8;RPS11;RPSA;RPL27A;RPL18A;RPS25;RPL28;RPS27L;RPS2;RPL15;RPL18;RPS5,broad,Excitatory,c9ALS_vs_Control,Reactome_2022
prerank,Formation Of A Pool Of Free 40S Subunits R-HSA-72689,0.765328552151909,2.7697330948005545,0.001,0.001,0.001,71/94,15.21%,RPL38;RPL30;RPL34;RPS21;RPL37;RPS24;RPS28;RPL5;RPL36AL;RPL35A;RPS27;RPL11;RPL23A;RPLP1;RPL23;RPS12;RSL24D1;RPL32;RPL21;RPLP2;RPL36;RPL12;EIF3J;RPS7;RPS27A;RPL37A;RPS8;FAU;RPS15A;RPS13;RPS23;RPL19;RPL35;RPS15;RPS4X;RPS16;RPL27;RPS3A;RPL9;RPS6;RPL10A;RPS14;RPL6;RPS19;RPS3;RPL7;RPL14;RPL29;RPS9;RPL13A;EIF3A;RPS20;RPL3;RPL31;RPL41;RPL7A;RPL22;RPL22L1;EIF3D;RPL8;RPS11;RPSA;RPL27A;RPL18A;RPS25;RPL28;RPS27L;RPS2;RPL15;RPL18;RPS5,broad,Excitatory,c9ALS_vs_Control,Reactome_2022
prerank,SRP-dependent Cotranslational Protein Targeting To Membrane R-HSA-1799339,0.7548621017270286,2.7674792473660568,0.001,0.001,0.001,76/104,15.48%,RPL38;RPL30;RPL34;RPS21;RPL37;RPS24;RPS28;RPL5;RPL36AL;RPL35A;RPS27;RPL11;RPL23A;RPLP1;RPL23;RPS12;RSL24D1;RPL32;RPL21;RPLP2;RPL36;RPL12;RPS7;RPS27A;RPL37A;RPS8;SEC11C;FAU;RPS15A;RPS13;RPS23;RPL19;RPL35;RPS15;RPS4X;RPS16;SEC61B;RPL27;RPS3A;RPL9;RPS6;RPL10A;RPS14;RPL6;RPS19;RPS3;RPL7;RPL14;RPL29;RPS9;RPL13A;RPS20;RPL3;RPL31;SEC61G;RPL41;RPL7A;RPL22;RPL22L1;SPCS1;RPL8;RPS11;RPSA;SRP14;RPL27A;RPL18A;RPS25;SPCS3;RPL28;RPS27L;RPS2;RPL15;RPL18;RPS5;SPCS2;SSR4,broad,Excitatory,c9ALS_vs_Control,Reactome_2022
prerank,Nonsense Mediated Decay (NMD) Enhanced By Exon Junction Complex (EJC) R-HSA-975957,0.7490595972325188,2.7500944413938133,0.001,0.001,0.001,78/107,18.13%,RPL38;RPL30;RPL34;RPS21;RPL37;RPS24;RPS28;RPL5;RPL36AL;RPL35A;RPS27;RPL11;RPL23A;RPLP1;RPL23;RPS12;RSL24D1;NCBP2;RPL32;RPL21;RPLP2;RPL36;MAGOHB;RPL12;RPS7;RPS27A;RPL37A;RPS8;FAU;RPS15A;RPS13;RPS23;RBM8A;RPL19;RPL35;RPS15;RPS4X;RPS16;RPL27;RPS3A;RPL9;RPS6;RPL10A;RPS14;RPL6;UPF2;RPS19;RPS3;RPL7;RPL14;RPL29;RPS9;RPL13A;RPS20;RPL3;RPL31;RPL41;RPL7A;RPL22;RPL22L1;RPL8;RPS11;RPSA;RPL27A;RPL18A;RPS25;RPL28;RPS27L;RPS2;RPL15;RPL18;RPS5;EIF4A3;PPP2R2A;RPL26L1;MRPL13;RPS29;SMG6,broad,Excitatory,c9ALS_vs_Control,Reactome_2022
prerank,Response Of EIF2AK4 (GCN2) To Amino Acid Deficiency R-HSA-9633012,0.7553037091861674,2.7360246937879373,0.001,0.001,0.001,70/94,15.21%,RPL38;RPL30;RPL34;RPS21;RPL37;RPS24;RPS28;RPL5;RPL36AL;RPL35A;RPS27;RPL11;RPL23A;RPLP1;RPL23;RPS12;RSL24D1;RPL32;RPL21;RPLP2;RPL36;RPL12;RPS7;RPS27A;RPL37A;RPS8;FAU;RPS15A;RPS13;RPS23;RPL19;RPL35;RPS15;RPS4X;RPS16;RPL27;RPS3A;RPL9;RPS6;RPL10A;RPS14;RPL6;RPS19;RPS3;RPL7;RPL14;RPL29;RPS9;EIF2S2;RPL13A;RPS20;RPL3;RPL31;RPL41;RPL7A;RPL22;RPL22L1;RPL8;RPS11;RPSA;RPL27A;RPL18A;RPS25;GDNF;RPL28;RPS27L;RPS2;RPL15;RPL18;RPS5,broad,Excitatory,c9ALS_vs_Control,Reactome_2022
prerank,Peptide Chain Elongation R-HSA-156902,0.9385240466324004,3.630195347378736,0.001,0.001,0.001,75/82,4.86%,UBA52;EEF2;RPS28;RPL28;RPS2;RPL15;RPS11;RPS19;RPL36;RPL8;RPL9;RPS15;RPL18;RPL35;RPL13A;RPLP1;RPS20;RPLP2;RPL23A;RPL27;RPL19;RPL29;RPS15A;RPL4;RPS3;RPS24;RPS21;RPL30;FAU;RPL32;RPL12;RPS29;RPL18A;RPL27A;RPS4X;RPL3;RPS16;RPL11;RPL14;RPL35A;RPS23;EEF1A1;RPS5;RPS8;RSL24D1;RPL36AL;RPS13;RPL38;RPL23;RPL34;RPS14;RPS27A;RPL7;RPL7A;RPL21;RPS9;RPSA;RPS27;RPL41;RPS7;RPS12;RPS27L;RPS3A;RPS6;RPL31;RPL39;RPLP0;RPL26L1;RPL5;RPS25;RPL37;RPL22L1;RPL6;RPL37A;RPL10A,broad,Excitatory,c9ALS_vs_sALS,Reactome_2022
prerank,Eukaryotic Translation Elongation R-HSA-156842,0.933691781279852,3.622962652321057,0.001,0.001,0.001,77/85,4.86%,UBA52;EEF2;EEF1A2;RPS28;RPL28;RPS2;RPL15;RPS11;RPS19;RPL36;RPL8;RPL9;RPS15;RPL18;RPL35;RPL13A;RPLP1;RPS20;RPLP2;RPL23A;RPL27;RPL19;RPL29;RPS15A;RPL4;RPS3;RPS24;RPS21;RPL30;FAU;RPL32;RPL12;RPS29;RPL18A;RPL27A;RPS4X;RPL3;RPS16;RPL11;RPL14;RPL35A;RPS23;EEF1A1;RPS5;RPS8;RSL24D1;RPL36AL;RPS13;RPL38;RPL23;RPL34;RPS14;RPS27A;RPL7;RPL7A;RPL21;RPS9;RPSA;RPS27;RPL41;RPS7;RPS12;RPS27L;RPS3A;EEF1D;RPS6;RPL31;RPL39;RPLP0;RPL26L1;RPL5;RPS25;RPL37;RPL22L1;RPL6;RPL37A;RPL10A,broad,Excitatory,c9ALS_vs_sALS,Reactome_2022
prerank,SRP-dependent Cotranslational Protein Targeting To Membrane R-HSA-1799339,0.9066060012654716,3.5971323873599417,0.001,0.001,0.001,87/104,5.71%,UBA52;RPS28;RPL28;RPS2;RPL15;RPS11;RPS19;RPL36;RPL8;RPL9;RPS15;RPL18;RPL35;RPL13A;RPLP1;RPS20;RPLP2;RPL23A;RPL27;RPL19;RPL29;RPS15A;RPL4;RPS3;RPS24;RPS21;RPL30;FAU;RPL32;RPL12;RPS29;RPL18A;RPL27A;SSR4;RPS4X;RPL3;RPS16;RPL11;RPL14;SRP72;RPL35A;RPS23;RPS5;RPS8;RSL24D1;RPL36AL;RPS13;RPL38;RPL23;RPL34;RPS14;SEC61G;RPS27A;RPL7;RPL7A;RPL21;SEC61B;RPS9;RPSA;RPS27;SRP19;RPL41;RPS7;RPS12;RPS27L;RPS3A;SPCS2;SRP14;RPS6;RPL31;SRP68;SSR2;SRPRB;RPL39;RPLP0;RPL26L1;RPL5;SEC11C;RPS25;RPL37;RPL22L1;SPCS1;RPL6;RPL37A;RPL10A;SPCS3;SSR3,broad,Excitatory,c9ALS_vs_sALS,Reactome_2022
prerank,Eukaryotic Translation Termination R-HSA-72764,0.918956799652506,3.579117558613108,0.001,0.001,0.001,75/86,4.86%,UBA52;RPS28;TRMT112;RPL28;RPS2;RPL15;RPS11;RPS19;RPL36;RPL8;RPL9;RPS15;RPL18;RPL35;RPL13A;RPLP1;RPS20;RPLP2;RPL23A;RPL27;RPL19;RPL29;RPS15A;RPL4;RPS3;RPS24;RPS21;RPL30;FAU;RPL32;RPL12;RPS29;RPL18A;RPL27A;RPS4X;RPL3;RPS16;RPL11;RPL14;RPL35A;RPS23;RPS5;RPS8;RSL24D1;RPL36AL;RPS13;RPL38;RPL23;RPL34;RPS14;RPS27A;RPL7;RPL7A;RPL21;RPS9;RPSA;RPS27;RPL41;RPS7;RPS12;RPS27L;RPS3A;RPS6;RPL31;GSPT2;RPL39;RPLP0;RPL26L1;RPL5;RPS25;RPL37;RPL22L1;RPL6;RPL37A;RPL10A,broad,Excitatory,c9ALS_vs_sALS,Reactome_2022
prerank,Viral mRNA Translation R-HSA-192823,0.921883884385166,3.565757753606801,0.001,0.001,0.001,74/85,4.86%,UBA52;RPS28;RPL28;RPS2;RPL15;RPS11;RPS19;RPL36;RPL8;RPL9;RPS15;RPL18;RPL35;RPL13A;RPLP1;RPS20;RPLP2;RPL23A;RPL27;RPL19;RPL29;RPS15A;RPL4;RPS3;RPS24;RPS21;RPL30;FAU;RPL32;RPL12;GRSF1;RPS29;RPL18A;RPL27A;RPS4X;RPL3;RPS16;RPL11;RPL14;RPL35A;RPS23;RPS5;RPS8;RSL24D1;RPL36AL;RPS13;RPL38;RPL23;RPL34;RPS14;RPS27A;RPL7;RPL7A;RPL21;RPS9;RPSA;RPS27;RPL41;RPS7;RPS12;RPS27L;RPS3A;RPS6;RPL31;RPL39;RPLP0;RPL26L1;RPL5;RPS25;RPL37;RPL22L1;RPL6;RPL37A;RPL10A,broad,Excitatory,c9ALS_vs_sALS,Reactome_2022
prerank,Response Of EIF2AK4 (GCN2) To Amino Acid Deficiency R-HSA-9633012,0.9063179369338756,3.5611930325537946,0.001,0.001,0.001,77/93,5.11%,UBA52;RPS28;RPL28;RPS2;RPL15;RPS11;RPS19;RPL36;RPL8;RPL9;RPS15;RPL18;RPL35;RPL13A;RPLP1;RPS20;RPLP2;RPL23A;RPL27;RPL19;RPL29;RPS15A;RPL4;RPS3;RPS24;RPS21;RPL30;FAU;RPL32;RPL12;RPS29;RPL18A;RPL27A;RPS4X;RPL3;RPS16;RPL11;RPL14;RPL35A;RPS23;RPS5;RPS8;RSL24D1;RPL36AL;RPS13;RPL38;RPL23;RPL34;RPS14;RPS27A;RPL7;RPL7A;RPL21;RPS9;RPSA;RPS27;RPL41;RPS7;RPS12;RPS27L;RPS3A;DDIT3;RPS6;EIF2S2;RPL31;ATF4;RPL39;RPLP0;RPL26L1;RPL5;RPS25;RPL37;RPL22L1;RPL6;RPL37A;RPL10A;CEBPB,broad,Excitatory,c9ALS_vs_sALS,Reactome_2022
prerank,Selenocysteine Synthesis R-HSA-2408557,0.9185895817558388,3.5564573192552196,0.001,0.001,0.001,74/86,4.86%,UBA52;RPS28;RPL28;RPS2;RPL15;RPS11;RPS19;RPL36;RPL8;RPL9;RPS15;RPL18;RPL35;RPL13A;RPLP1;RPS20;RPLP2;RPL23A;RPL27;RPL19;RPL29;RPS15A;RPL4;RPS3;RPS24;RPS21;RPL30;FAU;RPL32;RPL12;RPS29;RPL18A;RPL27A;RPS4X;RPL3;SEPHS2;RPS16;RPL11;RPL14;RPL35A;RPS23;RPS5;RPS8;RSL24D1;RPL36AL;RPS13;RPL38;RPL23;RPL34;RPS14;RPS27A;RPL7;RPL7A;RPL21;RPS9;RPSA;RPS27;RPL41;RPS7;RPS12;RPS27L;RPS3A;RPS6;RPL31;RPL39;RPLP0;RPL26L1;RPL5;RPS25;RPL37;RPL22L1;RPL6;RPL37A;RPL10A,broad,Excitatory,c9ALS_vs_sALS,Reactome_2022
prerank,Formation Of A Pool Of Free 40S Subunits R-HSA-72689,0.9004066054923483,3.5426478454705492,0.001,0.001,0.001,77/94,4.86%,UBA52;RPS28;RPL28;RPS2;RPL15;RPS11;RPS19;EIF1AX;EIF3I;RPL36;EIF3G;RPL8;RPL9;RPS15;RPL18;RPL35;RPL13A;RPLP1;RPS20;RPLP2;RPL23A;RPL27;RPL19;RPL29;RPS15A;RPL4;RPS3;RPS24;RPS21;RPL30;FAU;RPL32;RPL12;RPS29;RPL18A;RPL27A;RPS4X;RPL3;RPS16;RPL11;RPL14;RPL35A;RPS23;RPS5;RPS8;RSL24D1;RPL36AL;RPS13;RPL38;RPL23;RPL34;RPS14;RPS27A;EIF3M;RPL7;RPL7A;RPL21;RPS9;RPSA;RPS27;RPL41;RPS7;RPS12;RPS27L;RPS3A;RPS6;RPL31;RPL39;RPLP0;RPL26L1;RPL5;RPS25;RPL37;RPL22L1;RPL6;RPL37A;RPL10A,broad,Excitatory,c9ALS_vs_sALS,Reactome_2022
prerank,Nonsense Mediated Decay (NMD) Independent Of Exon Junction Complex (EJC) R-HSA-975956,0.906130996074252,3.516407082453156,0.001,0.001,0.001,75/88,4.86%,UBA52;RPS28;RPL28;RPS2;RPL15;RPS11;RPS19;RPL36;RPL8;RPL9;RPS15;RPL18;RPL35;RPL13A;RPLP1;RPS20;RPLP2;RPL23A;RPL27;RPL19;RPL29;RPS15A;RPL4;RPS3;RPS24;RPS21;RPL30;FAU;RPL32;RPL12;RPS29;RPL18A;RPL27A;RPS4X;RPL3;RPS16;RPL11;NCBP2;RPL14;RPL35A;RPS23;RPS5;RPS8;RSL24D1;RPL36AL;RPS13;RPL38;RPL23;RPL34;RPS14;RPS27A;RPL7;RPL7A;RPL21;RPS9;RPSA;RPS27;RPL41;RPS7;RPS12;RPS27L;RPS3A;RPS6;RPL31;GSPT2;RPL39;RPLP0;RPL26L1;RPL5;RPS25;RPL37;RPL22L1;RPL6;RPL37A;RPL10A,broad,Excitatory,c9ALS_vs_sALS,Reactome_2022
prerank,GTP Hydrolysis And Joining Of 60S Ribosomal Subunit R-HSA-72706,0.8788615477973134,3.514720172440776,0.001,0.001,0.001,81/104,4.86%,UBA52;RPS28;RPL28;RPS2;RPL15;RPS11;RPS19;EIF1AX;EIF3I;EIF4A2;RPL36;EIF3G;RPL8;RPL9;RPS15;RPL18;RPL35;RPL13A;RPLP1;RPS20;RPLP2;RPL23A;RPL27;RPL19;RPL29;RPS15A;RPL4;RPS3;RPS24;RPS21;RPL30;FAU;RPL32;RPL12;EIF5;RPS29;RPL18A;RPL27A;RPS4X;RPL3;RPS16;RPL11;RPL14;RPL35A;RPS23;RPS5;RPS8;RSL24D1;RPL36AL;RPS13;RPL38;RPL23;RPL34;RPS14;RPS27A;EIF3M;RPL7;RPL7A;RPL21;RPS9;RPSA;RPS27;RPL41;RPS7;RPS12;RPS27L;RPS3A;RPS6;EIF2S2;RPL31;EIF4H;RPL39;RPLP0;RPL26L1;RPL5;RPS25;RPL37;RPL22L1;RPL6;RPL37A;RPL10A,broad,Excitatory,c9ALS_vs_sALS,Reactome_2022
prerank,Degradation Of Beta-Catenin By Destruction Complex R-HSA-195253,-0.5441061711008814,-2.0296421312891826,0.001,0.001,0.029,41/82,20.73%,TLE5;PPP2R5B;PSMB4;PSMD3;PPP2R1A;CTBP1;PSME2;UBC;UBA52;PSMD10;PPP2CB;PSMA4;UBB;PSMC3;PSMC5;PPP2R5D;MYC;SKP1;FRAT1;PSMD4;PSMB5;SEM1;PSMB3;RBX1;AXIN2;PSME3;PPP2R1B;FRAT2;TLE2;PSMD8;PSMD2;PSMB6;PSMC2;PROC;PSME4;RPS27A;PSMC4;PSMB8;PSMB9;HDAC1;TLE3,broad,Excitatory,sALS_vs_Control,Reactome_2022
prerank,TNFR2 Non-Canonical NF-kB Pathway R-HSA-5668541,-0.526885821155361,-2.030575880484643,0.001,0.001,0.029,42/97,19.08%,PSMB4;TNFSF9;UBE2M;PSMD3;PSME2;UBC;UBA52;TNFRSF18;PSMD10;PSMA4;LTA;UBB;TNFRSF25;PSMC3;PSMC5;SKP1;TNFRSF8;TNFRSF4;TNFRSF12A;TNFRSF1A;PSMD4;TNFRSF14;PSMB5;SEM1;PSMB3;TNFRSF9;EDARADD;PSME3;TNFRSF1B;TNFSF14;PSMD8;PSMD2;TNFSF13B;PSMB6;PSMC2;LTB;TNFSF11;TNFRSF17;PSME4;RPS27A;PSMC4;PSMB8,broad,Excitatory,sALS_vs_Control,Reactome_2022
prerank,MAPK1/MAPK3 Signaling R-HSA-5684996,-0.4692263857043723,-2.030864079869665,0.001,0.001,0.029,109/264,18.63%,ABHD17A;HRAS;PPP2R5B;DUSP8;RGL2;PSMB4;FGF17;MAPK3;PSMD3;PPP2R1A;ARRB2;PSPN;MAP2K2;MAPK12;FLT3;RALGDS;PSME2;UBC;DUSP2;UBA52;SYNGAP1;FRS3;DUSP7;CSK;PPP1CC;GPRIN1;RCE1;ARAF;PSMD10;RET;CNKSR1;PPP2CB;PSMA4;IL6ST;SPTBN5;UBB;PEA15;KBTBD7;PSMC3;PSMC5;PPP2R5D;FGFR4;SHC2;DUSP6;DUSP5;YWHAB;NRTN;CAMK2B;ABHD17B;IRS2;FGF7;ARTN;FGF10;LAMTOR2;GFRA3;DUSP9;NRAS;ANGPT1;PSMD4;PDE6D;FGF8;PSMB5;IRS1;SEM1;PSMB3;RBX1;LAMTOR3;MAPK1;EPGN;PEBP1;PSME3;PPP5C;EREG;FGFR1;ICMT;DUSP12;PAQR3;KIT;GOLGA7;CALM1;PPP2R1B;SPTAN1;PDGFRA;SRC;JAK3;ACTN2;RGL3;PSMD8;IL2RA;PSMD2;PSMB6;PSMC2;CAMK2G;PIK3CA;APBB1IP;DUSP4;HBEGF;NRG1;IL5RA;WDR83;FGF18;PSME4;FNTA;PRKCQ;TYK2;GFRA1;RPS27A;NEFL;PSMC4,broad,Excitatory,sALS_vs_Control,Reactome_2022
prerank,CLEC7A (Dectin-1) Signaling R-HSA-5607764,-0.531078581945326,-2.032630379463946,0.001,0.001,0.026,49/95,21.18%,CDC34;IKBKG;PSMB4;UBE2M;PSMD3;PSME2;UBC;UBA52;PSMD10;PSMA4;UBB;PSMC3;PSMC5;SKP1;UBE2N;RELA;PSMD4;AHCYL1;PSMB5;SEM1;CARD11;PSMB3;ITPR2;NFATC1;CCL17;NFKBIA;PSME3;PLCG2;UBE2D1;CALM1;SRC;NFATC3;PSMD8;PSMD2;PPP3CA;PRKCD;PSMB6;PSMC2;BCL10;PSME4;RPS27A;PSMC4;PSMB8;IL1B;PSMB9;PDPK1;TAB2;TAB3;PYCARD,broad,Excitatory,sALS_vs_Control,Reactome_2022
prerank,HSF1-dependent Transactivation R-HSA-3371571,-0.6411408587166729,-2.032906783888395,0.001,0.001,0.025,15/35,7.46%,MLST8;HSPA1A;DEDD2;FKBP4;SERPINH1;HSPH1;HSF1;HSP90AA1;UBB;HSP90AB1;DNAJB1;MRPL18;HSPB8;CAMK2B;DNAJB6,broad,Excitatory,sALS_vs_Control,Reactome_2022
prerank,RAF/MAP Kinase Cascade R-HSA-5673001,-0.4706156530266339,-2.0332139112059116,0.001,0.001,0.025,107/258,18.63%,ABHD17A;HRAS;PPP2R5B;DUSP8;RGL2;PSMB4;FGF17;MAPK3;PSMD3;PPP2R1A;ARRB2;PSPN;MAP2K2;MAPK12;FLT3;RALGDS;PSME2;UBC;DUSP2;UBA52;SYNGAP1;FRS3;DUSP7;CSK;PPP1CC;GPRIN1;RCE1;ARAF;PSMD10;RET;CNKSR1;PPP2CB;PSMA4;SPTBN5;UBB;PEA15;KBTBD7;PSMC3;PSMC5;PPP2R5D;FGFR4;SHC2;DUSP6;DUSP5;YWHAB;NRTN;CAMK2B;ABHD17B;IRS2;FGF7;ARTN;FGF10;LAMTOR2;GFRA3;DUSP9;NRAS;ANGPT1;PSMD4;PDE6D;FGF8;PSMB5;IRS1;SEM1;PSMB3;RBX1;LAMTOR3;MAPK1;EPGN;PEBP1;PSME3;PPP5C;EREG;FGFR1;ICMT;DUSP12;PAQR3;KIT;GOLGA7;CALM1;PPP2R1B;SPTAN1;PDGFRA;SRC;JAK3;ACTN2;RGL3;PSMD8;IL2RA;PSMD2;PSMB6;PSMC2;CAMK2G;PIK3CA;APBB1IP;DUSP4;HBEGF;NRG1;IL5RA;WDR83;FGF18;PSME4;FNTA;PRKCQ;GFRA1;RPS27A;NEFL;PSMC4,broad,Excitatory,sALS_vs_Control,Reactome_2022
prerank,MyD88 Cascade Initiated On Plasma Membrane R-HSA-975871,-0.5389107310075036,-2.033873014739986,0.001,0.001,0.025,43/92,17.62%,IKBKG;MAPK11;MAPK3;PPP2R1A;LRRC14;PELI3;UBC;UBA52;AGER;DUSP7;MAPK7;DUSP3;PPP2CB;UBB;MAP2K3;MAP2K7;PPP2R5D;SKP1;DUSP6;HMGB1;UBE2N;ALPK1;NKIRAS2;MAPKAPK2;APP;RELA;MAPKAPK3;JUN;FOS;NFKBIA;MYD88;MAPK1;TIFA;TNIP2;TP53;PPP2R1B;ECSIT;NFKBIB;IRAK1;MAP3K1;DUSP4;MAP2K4;USP18,broad,Excitatory,sALS_vs_Control,Reactome_2022
prerank,Fc Epsilon Receptor (FCERI) Signaling R-HSA-2454202,-0.506492534451236,-2.0369667482444553,0.001,0.001,0.024,61/125,20.74%,CDC34;HRAS;IKBKG;PSMB4;MAPK3;PSMD3;PSME2;UBC;UBA52;PSMD10;PSMA4;UBB;MAP2K7;PSMC3;PSMC5;SKP1;LCP2;UBE2N;NRAS;RASGRP2;RELA;PSMD4;AHCYL1;PSMB5;GRAP2;SEM1;CARD11;PSMB3;JUN;FOS;ITPR2;NFATC1;VAV2;NFKBIA;MAPK1;PSME3;PLCG2;UBE2D1;CALM1;NFATC3;PSMD8;PSMD2;PPP3CA;ITK;PSMB6;MAP3K1;PSMC2;PIK3CA;BCL10;MAP2K4;PSME4;PRKCQ;RPS27A;PSMC4;PSMB8;PSMB9;BTK;PDPK1;RASGRP1;TAB2;TAB3,broad,Excitatory,sALS_vs_Control,Reactome_2022
prerank,WNT5A-dependent Internalization Of FZD4 R-HSA-5099900,-0.7820438695442258,-2.039128887185696,0.001,0.001,0.02,8/15,4.90%,AP2M1;DVL2;ARRB2;AP2S1;CLTB;AP2A1;PRKCG;WNT5A,broad,Excitatory,sALS_vs_Control,Reactome_2022
prerank,Downstream Signaling Events Of B Cell Receptor (BCR) R-HSA-1168372,-0.5508124309893491,-2.04014147916883,0.001,0.001,0.019,38/76,19.08%,HRAS;PPIA;IKBKG;PSMB4;PSMD3;PSME2;UBC;UBA52;PSMD10;PSMA4;UBB;PSMC3;PSMC5;NFKBIE;SKP1;NRAS;RELA;PSMD4;PSMB5;SEM1;CARD11;PSMB3;NFATC1;NFKBIA;PSME3;CALM1;NFKBIB;NFATC3;PSMD8;PSMD2;PPP3CA;PSMB6;PSMC2;BCL10;PSME4;RPS27A;PSMC4;PSMB8,broad,Excitatory,sALS_vs_Control,Reactome_2022
prerank,Selenocysteine Synthesis R-HSA-2408557,0.7083839824466581,2.619674710374786,0.001,0.001,0.001,64/86,18.51%,RPL38;RPS21;RPL23;SARS1;RPL5;RPS28;RPL35A;RPLP1;RPS12;RPL36;RPS4X;RPLP2;RPS27A;RPS14;RPL27;RPS8;RSL24D1;RPSA;RPL34;RPL6;SEPHS2;RPL14;RPL10A;RPS15;RPL36AL;RPL37;RPS16;RPL8;RPS24;RPS2;RPL3;RPL35;FAU;RPS11;RPL37A;RPL32;RPL21;RPL18A;RPL7A;RPS7;RPS20;RPS3A;RPL31;RPL22;RPS27;RPS6;RPL30;RPS5;RPS19;RPL9;RPS3;UBA52;RPL11;RPL28;PSTK;RPL12;RPL23A;EEFSEC;RPS13;RPL19;RPL22L1;RPL29;RPL39L;RPL27A,broad,Glia,c9ALS_vs_Control,Reactome_2022
prerank,Eukaryotic Translation Elongation R-HSA-156842,0.6989741357977941,2.58181489623241,0.001,0.001,0.001,62/85,18.51%,RPL38;RPS21;RPL23;RPL5;RPS28;RPL35A;RPLP1;RPS12;RPL36;RPS4X;RPLP2;RPS27A;RPS14;RPL27;RPS8;RSL24D1;RPSA;RPL34;RPL6;RPL14;RPL10A;RPS15;RPL36AL;RPL37;RPS16;RPL8;RPS24;EEF1A2;RPS2;RPL3;RPL35;FAU;RPS11;RPL37A;RPL32;RPL21;RPL18A;RPL7A;RPS7;RPS20;RPS3A;RPL31;RPL22;RPS27;RPS6;RPL30;RPS5;RPS19;RPL9;RPS3;UBA52;RPL11;RPL28;RPL12;RPL23A;RPS13;RPL19;RPL22L1;EEF1B2;RPL29;RPL39L;RPL27A,broad,Glia,c9ALS_vs_Control,Reactome_2022
prerank,Eukaryotic Translation Termination R-HSA-72764,0.6987294269235935,2.5766775255233574,0.001,0.001,0.001,61/86,18.51%,RPL38;RPS21;RPL23;N6AMT1;RPL5;RPS28;RPL35A;RPLP1;RPS12;RPL36;RPS4X;RPLP2;RPS27A;RPS14;RPL27;RPS8;RSL24D1;RPSA;RPL34;RPL6;RPL14;RPL10A;RPS15;RPL36AL;RPL37;RPS16;RPL8;RPS24;RPS2;RPL3;RPL35;FAU;RPS11;RPL37A;RPL32;RPL21;RPL18A;RPL7A;RPS7;RPS20;RPS3A;RPL31;RPL22;RPS27;RPS6;RPL30;RPS5;RPS19;RPL9;RPS3;UBA52;RPL11;RPL28;RPL12;RPL23A;RPS13;RPL19;RPL22L1;RPL29;RPL39L;RPL27A,broad,Glia,c9ALS_vs_Control,Reactome_2022
prerank,Viral mRNA Translation R-HSA-192823,0.6989719706389476,2.573996869942499,0.001,0.001,0.001,63/84,19.80%,RPL38;RPS21;RPL23;RPL5;RPS28;RPL35A;RPLP1;RPS12;RPL36;RPS4X;RPLP2;RPS27A;RPS14;RPL27;RPS8;GNL3;RSL24D1;RPSA;RPL34;RPL6;RPL14;RPL10A;RPS15;RPL36AL;RPL37;RPS16;RPL8;RPS24;RPS2;RPL3;RPL35;FAU;RPS11;RPL37A;RPL32;RPL21;RPL18A;RPL7A;RPS7;RPS20;RPS3A;RPL31;RPL22;RPS27;RPS6;RPL30;RPS5;RPS19;RPL9;RPS3;UBA52;RPL11;RPL28;RPL12;RPL23A;RPS13;RPL19;RPL22L1;RPL29;RPL39L;RPL27A;RPS23;PBRM1,broad,Glia,c9ALS_vs_Control,Reactome_2022
prerank,Nonsense Mediated Decay (NMD) Independent Of Exon Junction Complex (EJC) R-HSA-975956,0.6944221249590635,2.567388588227416,0.001,0.001,0.001,61/88,18.51%,RPL38;RPS21;RPL23;RPL5;RPS28;RPL35A;RPLP1;RPS12;RPL36;RPS4X;RPLP2;RPS27A;RPS14;RPL27;RPS8;RSL24D1;RPSA;RPL34;RPL6;RPL14;RPL10A;RPS15;RPL36AL;RPL37;RPS16;RPL8;RPS24;RPS2;RPL3;RPL35;FAU;RPS11;RPL37A;RPL32;RPL21;RPL18A;RPL7A;RPS7;RPS20;RPS3A;RPL31;RPL22;RPS27;RPS6;RPL30;RPS5;RPS19;RPL9;NCBP2;RPS3;UBA52;RPL11;RPL28;RPL12;RPL23A;RPS13;RPL19;RPL22L1;RPL29;RPL39L;RPL27A,broad,Glia,c9ALS_vs_Control,Reactome_2022
prerank,Peptide Chain Elongation R-HSA-156902,0.6999943768748835,2.566642444487009,0.001,0.001,0.001,60/82,18.51%,RPL38;RPS21;RPL23;RPL5;RPS28;RPL35A;RPLP1;RPS12;RPL36;RPS4X;RPLP2;RPS27A;RPS14;RPL27;RPS8;RSL24D1;RPSA;RPL34;RPL6;RPL14;RPL10A;RPS15;RPL36AL;RPL37;RPS16;RPL8;RPS24;RPS2;RPL3;RPL35;FAU;RPS11;RPL37A;RPL32;RPL21;RPL18A;RPL7A;RPS7;RPS20;RPS3A;RPL31;RPL22;RPS27;RPS6;RPL30;RPS5;RPS19;RPL9;RPS3;UBA52;RPL11;RPL28;RPL12;RPL23A;RPS13;RPL19;RPL22L1;RPL29;RPL39L;RPL27A,broad,Glia,c9ALS_vs_Control,Reactome_2022
prerank,Formation Of A Pool Of Free 40S Subunits R-HSA-72689,0.6745826375885514,2.5282361353284504,0.001,0.001,0.001,64/94,18.51%,RPL38;RPS21;EIF3J;RPL23;RPL5;RPS28;RPL35A;RPLP1;RPS12;RPL36;RPS4X;RPLP2;RPS27A;RPS14;RPL27;RPS8;RSL24D1;RPSA;RPL34;RPL6;RPL14;RPL10A;RPS15;RPL36AL;RPL37;RPS16;RPL8;RPS24;RPS2;RPL3;RPL35;FAU;RPS11;RPL37A;RPL32;EIF3A;RPL21;RPL18A;RPL7A;EIF3K;RPS7;RPS20;RPS3A;RPL31;RPL22;RPS27;RPS6;RPL30;RPS5;RPS19;RPL9;RPS3;UBA52;RPL11;RPL28;EIF3D;RPL12;RPL23A;RPS13;RPL19;RPL22L1;RPL29;RPL39L;RPL27A,broad,Glia,c9ALS_vs_Control,Reactome_2022
prerank,GTP Hydrolysis And Joining Of 60S Ribosomal Subunit R-HSA-72706,0.6562812429526318,2.484152149226803,0.001,0.001,0.001,67/104,18.51%,RPL38;RPS21;EIF3J;RPL23;EIF2S2;RPL5;RPS28;RPL35A;RPLP1;RPS12;RPL36;RPS4X;RPLP2;RPS27A;RPS14;RPL27;RPS8;RSL24D1;RPSA;RPL34;RPL6;RPL14;RPL10A;RPS15;RPL36AL;RPL37;RPS16;RPL8;RPS24;RPS2;RPL3;RPL35;FAU;RPS11;RPL37A;RPL32;EIF3A;RPL21;RPL18A;RPL7A;EIF3K;RPS7;RPS20;RPS3A;RPL31;RPL22;RPS27;RPS6;RPL30;RPS5;RPS19;RPL9;RPS3;EIF4B;UBA52;RPL11;RPL28;EIF3D;RPL12;RPL23A;EIF5B;RPS13;RPL19;RPL22L1;RPL29;RPL39L;RPL27A,broad,Glia,c9ALS_vs_Control,Reactome_2022
prerank,L13a-mediated Translational Silencing Of Ceruloplasmin Expression R-HSA-156827,0.6560378878669515,2.475695199011891,0.001,0.001,0.001,66/103,18.51%,RPL38;RPS21;EIF3J;RPL23;EIF2S2;RPL5;RPS28;RPL35A;RPLP1;RPS12;RPL36;RPS4X;RPLP2;RPS27A;RPS14;RPL27;RPS8;RSL24D1;RPSA;RPL34;RPL6;RPL14;RPL10A;RPS15;RPL36AL;RPL37;RPS16;RPL8;RPS24;RPS2;RPL3;RPL35;FAU;RPS11;RPL37A;RPL32;EIF3A;RPL21;RPL18A;RPL7A;EIF3K;RPS7;RPS20;RPS3A;RPL31;RPL22;RPS27;RPS6;RPL30;RPS5;RPS19;RPL9;RPS3;EIF4B;UBA52;RPL11;RPL28;EIF3D;RPL12;RPL23A;RPS13;RPL19;RPL22L1;RPL29;RPL39L;RPL27A,broad,Glia,c9ALS_vs_Control,Reactome_2022
prerank,Selenoamino Acid Metabolism R-HSA-2408522,0.6439461901142196,2.471802512165294,0.001,0.001,0.001,69/107,18.71%,RPL38;RPS21;RPL23;SARS1;AHCY;RPL5;RPS28;RPL35A;RPLP1;RPS12;RPL36;RPS4X;RPLP2;RPS27A;RPS14;RPL27;RPS8;RSL24D1;TXNRD1;RPSA;RPL34;RPL6;SEPHS2;RPL14;RPL10A;RPS15;RPL36AL;RPL37;RPS16;RPL8;RPS24;RPS2;RPL3;RPL35;FAU;RPS11;RPL37A;RPL32;RPL21;RPL18A;RPL7A;RPS7;RPS20;RPS3A;RPL31;RPL22;RPS27;RPS6;RPL30;RPS5;RPS19;RPL9;RPS3;UBA52;RPL11;AIMP2;RPL28;PSTK;RPL12;RPL23A;EEFSEC;RPS13;RPL19;RPL22L1;LARS1;RPL29;RPL39L;RPL27A;AIMP1,broad,Glia,c9ALS_vs_Control,Reactome_2022
prerank,Peptide Chain Elongation R-HSA-156902,0.8674730745329762,3.4036031857675972,0.001,0.001,0.001,70/82,9.32%,RPS28;EEF2;RPL36;RPS21;RPL8;RPS19;RPLP2;RPL35;RPS11;RPL28;RPL18A;RPL9;RPS3;RPS16;RPL7;RPL32;RPS5;RPL12;RPS20;RPS4X;RPSA;RPL3;RPL23;RPL34;RPL38;RPS15;RPL13A;RPLP1;RPL29;RPL39;RPL19;UBA52;RPS24;RPL18;RPL27A;RPL27;RPL37;RPS14;RPS15A;RPL4;RPL23A;RPS29;RPL21;FAU;RPL36AL;RPLP0;RPL7A;RPS23;RPS3A;RPS6;RPL31;RPL10A;RPL35A;EEF1A1;RPL15;RPS12;RPS27A;RPL30;RPS2;RPS27;RPL39L;RSL24D1;RPS7;RPS8;RPL41;RPS13;RPL14;RPS9;RPL6;RPL11,broad,Glia,c9ALS_vs_sALS,Reactome_2022
prerank,Eukaryotic Translation Elongation R-HSA-156842,0.8565890598180385,3.3835849976538968,0.001,0.001,0.001,71/85,9.32%,RPS28;EEF2;RPL36;RPS21;RPL8;RPS19;RPLP2;RPL35;RPS11;RPL28;RPL18A;RPL9;RPS3;RPS16;RPL7;RPL32;RPS5;RPL12;RPS20;RPS4X;RPSA;RPL3;RPL23;RPL34;RPL38;RPS15;RPL13A;RPLP1;RPL29;RPL39;RPL19;UBA52;RPS24;RPL18;RPL27A;RPL27;RPL37;RPS14;RPS15A;RPL4;EEF1D;RPL23A;RPS29;RPL21;FAU;RPL36AL;RPLP0;RPL7A;RPS23;RPS3A;RPS6;RPL31;RPL10A;RPL35A;EEF1A1;RPL15;RPS12;RPS27A;RPL30;RPS2;RPS27;RPL39L;RSL24D1;RPS7;RPS8;RPL41;RPS13;RPL14;RPS9;RPL6;RPL11,broad,Glia,c9ALS_vs_sALS,Reactome_2022
prerank,Viral mRNA Translation R-HSA-192823,0.8515749602814254,3.375623513082327,0.001,0.001,0.001,68/85,9.32%,RPS28;RPL36;RPS21;RPL8;RPS19;RPLP2;RPL35;RPS11;RPL28;RPL18A;RPL9;RPS3;RPS16;RPL7;RPL32;RPS5;RPL12;RPS20;RPS4X;RPSA;RPL3;RPL23;RPL34;RPL38;RPS15;RPL13A;RPLP1;RPL29;RPL39;RPL19;UBA52;RPS24;RPL18;RPL27A;RPL27;RPL37;RPS14;RPS15A;RPL4;RPL23A;RPS29;RPL21;FAU;RPL36AL;RPLP0;RPL7A;RPS23;RPS3A;RPS6;RPL31;RPL10A;RPL35A;RPL15;RPS12;RPS27A;RPL30;RPS2;RPS27;RPL39L;RSL24D1;RPS7;RPS8;RPL41;RPS13;RPL14;RPS9;RPL6;RPL11,broad,Glia,c9ALS_vs_sALS,Reactome_2022
prerank,Eukaryotic Translation Termination R-HSA-72764,0.8483066575702639,3.3734298152619675,0.001,0.001,0.001,70/86,9.32%,RPS28;RPL36;RPS21;RPL8;RPS19;RPLP2;RPL35;RPS11;RPL28;RPL18A;RPL9;RPS3;RPS16;RPL7;RPL32;RPS5;RPL12;RPS20;RPS4X;RPSA;RPL3;RPL23;RPL34;RPL38;RPS15;RPL13A;RPLP1;RPL29;RPL39;TRMT112;RPL19;UBA52;RPS24;RPL18;RPL27A;RPL27;RPL37;RPS14;RPS15A;RPL4;RPL23A;RPS29;RPL21;FAU;RPL36AL;RPLP0;RPL7A;RPS23;RPS3A;RPS6;RPL31;RPL10A;RPL35A;RPL15;RPS12;RPS27A;RPL30;RPS2;RPS27;RPL39L;RSL24D1;RPS7;RPS8;APEH;RPL41;RPS13;RPL14;RPS9;RPL6;RPL11,broad,Glia,c9ALS_vs_sALS,Reactome_2022
prerank,Selenocysteine Synthesis R-HSA-2408557,0.8341556815418719,3.3252055683326556,0.001,0.001,0.001,69/86,9.57%,RPS28;RPL36;RPS21;RPL8;RPS19;RPLP2;RPL35;RPS11;RPL28;RPL18A;RPL9;RPS3;RPS16;RPL7;RPL32;RPS5;RPL12;RPS20;RPS4X;RPSA;RPL3;RPL23;RPL34;RPL38;RPS15;RPL13A;RPLP1;RPL29;RPL39;RPL19;UBA52;RPS24;RPL18;RPL27A;RPL27;RPL37;RPS14;RPS15A;RPL4;RPL23A;RPS29;RPL21;FAU;RPL36AL;RPLP0;RPL7A;RPS23;RPS3A;RPS6;RPL31;RPL10A;RPL35A;RPL15;RPS12;RPS27A;RPL30;RPS2;RPS27;RPL39L;RSL24D1;RPS7;RPS8;RPL41;RPS13;RPL14;RPS9;RPL6;RPL11;SEPHS2,broad,Glia,c9ALS_vs_sALS,Reactome_2022
prerank,Nonsense Mediated Decay (NMD) Independent Of Exon Junction Complex (EJC) R-HSA-975956,0.834278158044266,3.321904206136635,0.001,0.001,0.001,68/88,9.32%,RPS28;RPL36;RPS21;RPL8;RPS19;RPLP2;RPL35;RPS11;RPL28;RPL18A;RPL9;RPS3;RPS16;RPL7;RPL32;RPS5;RPL12;RPS20;RPS4X;RPSA;RPL3;RPL23;RPL34;RPL38;RPS15;RPL13A;RPLP1;RPL29;RPL39;RPL19;UBA52;RPS24;RPL18;RPL27A;RPL27;RPL37;RPS14;RPS15A;RPL4;RPL23A;RPS29;RPL21;FAU;RPL36AL;RPLP0;RPL7A;RPS23;RPS3A;RPS6;RPL31;RPL10A;RPL35A;RPL15;RPS12;RPS27A;RPL30;RPS2;RPS27;RPL39L;RSL24D1;RPS7;RPS8;RPL41;RPS13;RPL14;RPS9;RPL6;RPL11,broad,Glia,c9ALS_vs_sALS,Reactome_2022
prerank,Formation Of A Pool Of Free 40S Subunits R-HSA-72689,0.8264632634823468,3.3109894838794665,0.001,0.001,0.001,71/94,9.32%,RPS28;RPL36;RPS21;RPL8;RPS19;RPLP2;RPL35;EIF3G;RPS11;RPL28;RPL18A;RPL9;RPS3;RPS16;RPL7;RPL32;RPS5;RPL12;RPS20;RPS4X;RPSA;RPL3;RPL23;RPL34;RPL38;RPS15;RPL13A;RPLP1;RPL29;RPL39;RPL19;UBA52;RPS24;RPL18;RPL27A;EIF1AX;RPL27;RPL37;RPS14;RPS15A;RPL4;RPL23A;RPS29;RPL21;FAU;RPL36AL;RPLP0;RPL7A;RPS23;RPS3A;RPS6;RPL31;RPL10A;RPL35A;RPL15;RPS12;RPS27A;RPL30;RPS2;RPS27;RPL39L;RSL24D1;RPS7;RPS8;RPL41;RPS13;EIF3K;RPL14;RPS9;RPL6;RPL11,broad,Glia,c9ALS_vs_sALS,Reactome_2022
prerank,L13a-mediated Translational Silencing Of Ceruloplasmin Expression R-HSA-156827,0.7973106236450949,3.233826146977696,0.001,0.001,0.001,72/103,9.32%,RPS28;RPL36;RPS21;RPL8;RPS19;RPLP2;RPL35;EIF3G;RPS11;RPL28;RPL18A;RPL9;RPS3;RPS16;RPL7;RPL32;RPS5;RPL12;RPS20;RPS4X;RPSA;RPL3;RPL23;RPL34;RPL38;RPS15;RPL13A;RPLP1;RPL29;RPL39;RPL19;UBA52;RPS24;RPL18;RPL27A;EIF1AX;RPL27;RPL37;RPS14;RPS15A;RPL4;RPL23A;RPS29;RPL21;FAU;RPL36AL;RPLP0;RPL7A;RPS23;RPS3A;RPS6;RPL31;RPL10A;RPL35A;EIF4A2;RPL15;RPS12;RPS27A;RPL30;RPS2;RPS27;RPL39L;RSL24D1;RPS7;RPS8;RPL41;RPS13;EIF3K;RPL14;RPS9;RPL6;RPL11,broad,Glia,c9ALS_vs_sALS,Reactome_2022
prerank,SRP-dependent Cotranslational Protein Targeting To Membrane R-HSA-1799339,0.7797768849036382,3.226629222763649,0.001,0.001,0.001,74/104,11.00%,RPS28;RPL36;RPS21;RPL8;RPS19;RPLP2;RPL35;RPS11;RPL28;RPL18A;RPL9;RPS3;RPS16;RPL7;RPL32;RPS5;RPL12;RPS20;RPS4X;RPSA;RPL3;RPL23;RPL34;RPL38;RPS15;RPL13A;RPLP1;RPL29;RPL39;RPL19;UBA52;RPS24;RPL18;RPL27A;RPL27;RPL37;RPS14;RPS15A;RPL4;RPL23A;SSR4;RPS29;RPL21;FAU;RPL36AL;RPLP0;RPL7A;RPS23;RPS3A;RPS6;RPL31;RPL10A;RPL35A;RPL15;RPS12;RPS27A;RPL30;RPS2;RPS27;RPL39L;RSL24D1;RPS7;RPS8;RPL41;RPS13;RPL14;RPS9;RPL6;RPN1;RPL11;SEC11C;SEC61B;SPCS2;SRP14,broad,Glia,c9ALS_vs_sALS,Reactome_2022
prerank,GTP Hydrolysis And Joining Of 60S Ribosomal Subunit R-HSA-72706,0.79475646178851,3.220436184780653,0.001,0.001,0.001,72/104,9.32%,RPS28;RPL36;RPS21;RPL8;RPS19;RPLP2;RPL35;EIF3G;RPS11;RPL28;RPL18A;RPL9;RPS3;RPS16;RPL7;RPL32;RPS5;RPL12;RPS20;RPS4X;RPSA;RPL3;RPL23;RPL34;RPL38;RPS15;RPL13A;RPLP1;RPL29;RPL39;RPL19;UBA52;RPS24;RPL18;RPL27A;EIF1AX;RPL27;RPL37;RPS14;RPS15A;RPL4;RPL23A;RPS29;RPL21;FAU;RPL36AL;RPLP0;RPL7A;RPS23;RPS3A;RPS6;RPL31;RPL10A;RPL35A;EIF4A2;RPL15;RPS12;RPS27A;RPL30;RPS2;RPS27;RPL39L;RSL24D1;RPS7;RPS8;RPL41;RPS13;EIF3K;RPL14;RPS9;RPL6;RPL11,broad,Glia,c9ALS_vs_sALS,Reactome_2022
prerank,Pyroptosis R-HSA-5620971,-0.6914638970166718,-2.0997064993839434,0.001,0.001,0.011,15/26,14.79%,CASP1;IL1B;IL1A;CASP4;CASP5;BAK1;HMGB1;GSDMD;BAX;CHMP2A;GZMB;TP63;TP53;CHMP6;IL18,broad,Glia,sALS_vs_Control,Reactome_2022
prerank,SRP-dependent Cotranslational Protein Targeting To Membrane R-HSA-1799339,-0.5122702921658139,-2.113304591184237,0.001,0.001,0.009,61/104,27.42%,RPLP0;RPL4;RPS25;RPL7;RPS19;RPL28;RPL39;RPL8;RPS15A;RPL13A;RPS28;RPS11;RPL35;RPN1;SEC61A1;RPL29;RPL18;RPL41;RPL9;RPL3L;RPL12;RPL19;RPL18A;RPL36;RPS3;RPS20;RPS5;SSR2;RPS16;UBA52;RPL15;RPN2;RPLP2;RPL27A;RPS15;RPL32;RPS23;RPSA;RPL3;SEC61B;RPL26L1;RPL23A;SSR4;RPS24;RPS27;RPS9;FAU;RPL7A;TRAM1;RPS21;RPL27;SRP14;RPLP1;RPL21;RPS13;RPL39L;RPL34;RPS3A;RPS2;RPS29;SPCS2,broad,Glia,sALS_vs_Control,Reactome_2022
prerank,Attenuation Phase R-HSA-3371568,-0.6966393371269568,-2.1324785030985036,0.001,0.001,0.007,16/25,15.99%,SERPINH1;FKBP4;MRPL18;DNAJB1;HSPH1;HSPA1A;PTGES3;HSPA1L;UBB;HSP90AA1;DNAJB6;HSP90AB1;HSF1;DEDD2;HSPA8;HSPA2,broad,Glia,sALS_vs_Control,Reactome_2022
prerank,Formation Of A Pool Of Free 40S Subunits R-HSA-72689,-0.5279119137222742,-2.146453449415658,0.001,0.001,0.004,57/94,26.67%,RPLP0;EIF3G;RPL4;RPS25;RPL7;RPS19;EIF1AX;RPL28;RPL39;RPL8;EIF3M;RPS15A;RPL13A;RPS28;RPS11;RPL35;RPL29;RPL18;RPL41;RPL9;RPL3L;RPL12;RPL19;RPL18A;RPL36;RPS3;RPS20;RPS5;RPS16;UBA52;RPL15;EIF3E;RPLP2;RPL27A;RPS15;RPL32;RPS23;RPSA;RPL3;RPL26L1;EIF3I;RPL23A;RPS24;RPS27;RPS9;EIF3H;FAU;RPL7A;RPS21;RPL27;RPLP1;RPL21;RPS13;RPL39L;RPL34;RPS3A;RPS2,broad,Glia,sALS_vs_Control,Reactome_2022
prerank,TNFs Bind Their Physiological Receptors R-HSA-5669034,-0.6808741953945314,-2.148075985886704,0.001,0.001,0.004,17/27,16.78%,TNFRSF1A;TNFSF14;TNFRSF11B;TNFRSF8;EDARADD;TNFSF13B;TNFSF8;TNFSF15;TNFRSF14;TNFRSF4;TNFSF11;LTA;TNFRSF1B;TNFRSF25;TNFRSF13B;TNFRSF18;TNFRSF9,broad,Glia,sALS_vs_Control,Reactome_2022
prerank,Response Of EIF2AK4 (GCN2) To Amino Acid Deficiency R-HSA-9633012,-0.534155605570519,-2.148089705951341,0.001,0.001,0.004,55/93,26.67%,RPLP0;CEBPB;ATF4;RPL4;RPS25;RPL7;TRIB3;RPS19;RPL28;RPL39;RPL8;RPS15A;RPL13A;RPS28;RPS11;RPL35;RPL29;RPL18;RPL41;RPL9;RPL3L;RPL12;RPL19;RPL18A;RPL36;RPS3;RPS20;RPS5;RPS16;UBA52;RPL15;RPLP2;RPL27A;RPS15;RPL32;RPS23;RPSA;RPL3;RPL26L1;RPL23A;RPS24;IMPACT;RPS27;RPS9;FAU;RPL7A;RPS21;RPL27;RPLP1;RPL21;RPS13;RPL39L;RPL34;RPS3A;RPS2,broad,Glia,sALS_vs_Control,Reactome_2022
prerank,G-protein Beta:Gamma Signaling R-HSA-397795,-0.6777688303772511,-2.151230624024132,0.001,0.001,0.004,20/31,13.61%,GNB2;PLCB3;PLCB2;AKT1;PKN1;GNB3;BTK;PIK3CG;GNGT1;PIK3R5;ARHGEF6;RHOA;PIK3R6;GNB4;GNG12;GNG8;PLCB1;GNG2;GNGT2;GNG4,broad,Glia,sALS_vs_Control,Reactome_2022
prerank,Toll-like Receptor Cascades R-HSA-168898,-0.499321583439608,-2.153847646807117,0.001,0.001,0.004,63/154,14.68%,IRF7;MYD88;UNC93B1;AGER;CNPY3;MAPK3;TICAM1;ITGB2;CD180;LRRC14;IKBKG;MAPK11;MAPK7;HMGB1;TLR7;NFKB2;SOCS1;TAB2;DUSP6;SIGIRR;TIFA;GSDMD;DUSP7;TLR8;IRAK1;BTK;HSP90B1;IKBKE;IRAK3;S100A1;ITGAM;UBB;S100A9;PLCG2;MAP3K1;NKIRAS2;USP18;TLR5;MEF2C;LY96;CTSS;CTSB;LY86;LBP;TLR2;JUN;UBC;TLR10;TP53;TLR1;CTSK;UBA52;RIPK2;TIRAP;TAB3;NOD1;MAPKAPK3;RPS6KA3;SARM1;MAPK10;S100A8;PPP2R1A;TLR3,broad,Glia,sALS_vs_Control,Reactome_2022
prerank,Interleukin-4 And Interleukin-13 Signaling R-HSA-6785807,-0.530518802121608,-2.157656244317338,0.001,0.001,0.004,41/102,14.79%,HMOX1;IL1B;IL1A;ITGB2;ICAM1;AKT1;JAK3;LAMA5;MYC;IL13RA1;BATF;SOCS1;CCND1;ALOX5;TIMP1;CDKN1A;MCL1;HSP90B1;ZEB1;OPRD1;ITGAM;CEBPD;VIM;HSP90AA1;IL23R;MMP2;RORA;TYK2;LBP;ITGAX;S1PR1;ALOX15;MMP3;TP53;SOS1;IL17F;TNFRSF1B;NANOS2;MMP9;IL4R;IL18,broad,Glia,sALS_vs_Control,Reactome_2022
prerank,Regulated Necrosis R-HSA-5218859,-0.5963469970418104,-2.1646652658748327,0.001,0.001,0.003,28/57,14.79%,CASP1;IL1B;IL1A;TNFRSF10B;CASP4;CASP5;BAK1;HMGB1;FLOT2;GSDMD;SDCBP;TNFRSF10A;BAX;MLKL;UBB;HSP90AA1;STUB1;FASN;CHMP2A;UBC;GZMB;TP63;TP53;UBA52;FLOT1;TNFSF10;CHMP6;IL18,broad,Glia,sALS_vs_Control,Reactome_2022
prerank,Resolution Of D-Loop Structures R-HSA-5693537,0.8025628367683871,2.505358750067208,0.001,0.001,0.001,21/32,6.91%,XRCC3;XRCC2;EME1;RAD51B;BRCA2;BRCA1;DNA2;EXO1;GEN1;PALB2;BRIP1;BLM;SLX4;WRN;RAD51;RBBP8;MRE11;RAD51AP1;BARD1;MUS81;RMI2,glia_subtypes,Glia_Micro,c9ALS_vs_Control,Reactome_2022
prerank,HDR Thru Homologous Recombination (HRR) R-HSA-5685942,0.7027834949432193,2.4929175342419243,0.001,0.001,0.001,35/63,12.37%,RPA3;RFC3;XRCC3;XRCC2;EME1;RAD51B;BRCA2;BRCA1;DNA2;EXO1;GEN1;PALB2;CHEK1;BRIP1;BLM;SLX4;WRN;RAD51;PCNA;RBBP8;RFC4;MRE11;POLE2;RAD51AP1;BARD1;POLE;MUS81;RMI2;TOPBP1;POLE4;RFC5;POLD2;RRAD;POLE3;POLH,glia_subtypes,Glia_Micro,c9ALS_vs_Control,Reactome_2022
prerank,Resolution Of D-loop Structures Thru Holliday Junction Intermediates R-HSA-5693568,0.8034486605860742,2.485989617654393,0.001,0.001,0.001,21/31,6.91%,XRCC3;XRCC2;EME1;RAD51B;BRCA2;BRCA1;DNA2;EXO1;GEN1;PALB2;BRIP1;BLM;SLX4;WRN;RAD51;RBBP8;MRE11;RAD51AP1;BARD1;MUS81;RMI2,glia_subtypes,Glia_Micro,c9ALS_vs_Control,Reactome_2022
prerank,Homologous DNA Pairing And Strand Exchange R-HSA-5693579,0.7525775809469619,2.462635528393925,0.001,0.001,0.001,24/40,10.38%,RPA3;RFC3;XRCC3;XRCC2;RAD51B;BRCA2;BRCA1;DNA2;EXO1;PALB2;CHEK1;BRIP1;BLM;WRN;RAD51;RBBP8;RFC4;MRE11;RAD51AP1;BARD1;RMI2;TOPBP1;RFC5;RRAD,glia_subtypes,Glia_Micro,c9ALS_vs_Control,Reactome_2022
prerank,Impaired BRCA2 Binding To PALB2 R-HSA-9709603,0.8419085927237313,2.455673204012798,0.001,0.001,0.001,16/23,6.91%,XRCC2;RAD51B;BRCA2;BRCA1;DNA2;EXO1;PALB2;BRIP1;BLM;WRN;RAD51;RBBP8;MRE11;RAD51AP1;BARD1;RMI2,glia_subtypes,Glia_Micro,c9ALS_vs_Control,Reactome_2022
prerank,Defective Homologous Recombination Repair (HRR) Due To BRCA2 Loss Of Function R-HSA-9701190,0.7393848702214091,2.402682747455399,0.001,0.001,0.001,22/38,10.38%,RPA3;RFC3;XRCC2;RAD51B;BRCA2;BRCA1;DNA2;EXO1;PALB2;BRIP1;BLM;WRN;RAD51;RBBP8;RFC4;MRE11;RAD51AP1;BARD1;RMI2;TOPBP1;RFC5;RRAD,glia_subtypes,Glia_Micro,c9ALS_vs_Control,Reactome_2022
prerank,Diseases Of DNA Repair R-HSA-9675135,0.7163113036565175,2.3946553595064897,0.001,0.001,0.001,25/47,10.66%,RPA3;RFC3;XRCC2;RAD51B;NEIL3;BRCA2;BRCA1;DNA2;EXO1;MLH1;PALB2;BRIP1;BLM;WRN;RAD51;RBBP8;RFC4;MRE11;RAD51AP1;BARD1;RMI2;TOPBP1;RFC5;RRAD;MSH3,glia_subtypes,Glia_Micro,c9ALS_vs_Control,Reactome_2022
prerank,Resolution Of D-loop Structures Thru Synthesis-Dependent Strand Annealing (SDSA) R-HSA-5693554,0.8059637449773802,2.385559693026089,0.001,0.001,0.001,17/26,6.91%,XRCC3;XRCC2;RAD51B;BRCA2;BRCA1;DNA2;EXO1;PALB2;BRIP1;BLM;WRN;RAD51;RBBP8;MRE11;RAD51AP1;BARD1;RMI2,glia_subtypes,Glia_Micro,c9ALS_vs_Control,Reactome_2022
prerank,Presynaptic Phase Of Homologous DNA Pairing And Strand Exchange R-HSA-5693616,0.7343601816168037,2.349987632273604,0.001,0.001,0.001,21/37,10.38%,RPA3;RFC3;XRCC2;RAD51B;BRCA2;BRCA1;DNA2;EXO1;CHEK1;BRIP1;BLM;WRN;RAD51;RBBP8;RFC4;MRE11;BARD1;RMI2;TOPBP1;RFC5;RRAD,glia_subtypes,Glia_Micro,c9ALS_vs_Control,Reactome_2022
prerank,Defective HDR Thru Homologous Recombination (HRR) Due To BRCA1 Loss-Of-Function R-HSA-9701192,0.7972265939634839,2.340868974611783,0.001,0.001,0.001,16/24,6.91%,XRCC2;RAD51B;BRCA2;BRCA1;DNA2;EXO1;PALB2;BRIP1;BLM;WRN;RAD51;RBBP8;MRE11;RAD51AP1;BARD1;RMI2,glia_subtypes,Glia_Micro,c9ALS_vs_Control,Reactome_2022
prerank,HDR Thru Homologous Recombination (HRR) R-HSA-5685942,0.7414734734951831,2.595580920070093,0.001,0.001,0.001,41/61,16.65%,DNA2;RFC4;POLE4;RFC2;EME1;RMI2;PCNA;CHEK1;RFC3;SLX4;BRIP1;EXO1;XRCC2;PALB2;EME2;RAD51;MUS81;XRCC3;BLM;UBB;BRCA1;POLE2;UBA52;POLE;RBBP8;RPA3;RAD51AP1;POLD2;POLD3;BRCA2;UBC;RAD51B;POLH;RMI1;POLR1B;RFC5;GEN1;RAD9A;RAD51C;RRAD;POLD1,glia_subtypes,Glia_Micro,c9ALS_vs_sALS,Reactome_2022
prerank,G2/M Checkpoints R-HSA-69481,0.6560311333835637,2.588007057553358,0.001,0.001,0.001,73/132,17.21%,PSMB5;DNA2;CLSPN;PSMC5;PSMB6;RFC4;ORC6;CHEK2;RFC2;MCM10;PSMB4;PSMD14;RMI2;PSMD2;PSMD4;CHEK1;RFC3;BRIP1;EXO1;MCM3;NSD2;PSMB8;RNF8;PKMYT1;CDC45;PSMC4;PSMA7;PSMC3;CDC7;ORC4;PSMB2;BLM;UBB;PSMA4;PSMB3;PSMD8;BRCA1;PSMD7;UBA52;PSME1;RBBP8;PSMC1;MCM4;CDC25C;YWHAH;RPA3;PSMA5;GTSE1;CDC6;UBE2N;UBE2V2;PSMB1;MCM6;MCM7;YWHAZ;ABRAXAS1;PSMD3;UBC;WEE1;YWHAB;RMI1;POLR1B;ORC5;MCM5;PSMD12;RFC5;RAD9A;PSMD13;CDC25A;RRAD;PSME2;CCNB1;YWHAE,glia_subtypes,Glia_Micro,c9ALS_vs_sALS,Reactome_2022
prerank,SRP-dependent Cotranslational Protein Targeting To Membrane R-HSA-1799339,0.6734862044123426,2.57647824720843,0.001,0.001,0.001,53/102,14.19%,RPS28;RPS19;RPS15A;RPL21;RPLP0;RPL39;RPS3A;SRP14;RPL9;RPL15;RPL29;RPS21;RPS13;RPL39L;SRP19;RPL34;RPN2;RPS23;RPSA;SEC11A;RPS12;RPL35A;RPL30;RPL18;RPL7A;RPS9;RPL6;SEC61G;UBA52;RSL24D1;SEC61B;RPL36;RPL10A;RPL27A;RPLP2;RPL8;RPS7;SEC11C;RPL41;RPS16;RPL7;RPL5;RPN1;RPS5;RPL27;RPL18A;FAU;RPL31;SSR2;SPCS1;RPLP1;SSR4;RPL23,glia_subtypes,Glia_Micro,c9ALS_vs_sALS,Reactome_2022
prerank,Synthesis Of DNA R-HSA-69239,0.6582965925168814,2.5631770669265697,0.001,0.001,0.001,67/110,17.61%,PSMB5;DNA2;PSMC5;PSMB6;RFC4;ORC6;POLE4;RFC2;PSMB4;PSMD14;PSMD2;PSMD4;PCNA;GMNN;GINS4;RFC3;MCM3;PSMB8;CDC45;ANAPC1;GINS3;GINS1;PSMC4;POLA1;PSMA7;PSMC3;ORC4;PSMB2;UBB;PSMA4;PSMB3;PSMD8;POLE2;CDC27;CCNE1;PSMD7;UBE2S;UBA52;PSME1;POLE;PSMC1;MCM4;RPA3;PSMA5;CDC6;POLD2;UBE2C;POLD3;ANAPC15;PSMB1;MCM6;MCM7;PSMD3;UBC;ANAPC11;CCNE2;POLR1B;ORC5;MCM5;PSMD12;RFC5;CDT1;PSMD13;POLD1;PSME2;GINS2;CDC26,glia_subtypes,Glia_Micro,c9ALS_vs_sALS,Reactome_2022
prerank,G1/S Transition R-HSA-69206,0.6573644967669642,2.5619893523324095,0.001,0.001,0.001,71/120,17.03%,PSMB5;PSMC5;PSMB6;ORC6;POLE4;MCM10;PPP2R3B;PSMB4;PSMD14;PSMD2;PSMD4;PCNA;RRM2;GMNN;LIN9;LIN52;MCM3;PSMB8;DHFR;CDC45;PSMC4;POLA1;PSMA7;CDK4;PSMC3;CDC7;ORC4;PSMB2;E2F4;UBB;PSMA4;PSMB3;PSMD8;POLE2;CCNE1;PSMD7;UBA52;PSME1;POLE;PSMC1;CDK7;TK1;MCM4;RPA3;PSMA5;CDC6;RBL1;PPP2CB;PSMB1;LIN54;AKT3;MCM6;MCM7;PSMD3;UBC;CCNE2;WEE1;TYMS;RBBP4;POLR1B;CDKN1B;ORC5;MCM5;PSMD12;CDT1;PSMD13;E2F1;CDC25A;E2F6;PSME2;CCNB1,glia_subtypes,Glia_Micro,c9ALS_vs_sALS,Reactome_2022
prerank,Peptide Chain Elongation R-HSA-156902,0.6806412490651572,2.5323821333958043,0.001,0.001,0.001,50/80,19.24%,RPS28;RPS19;RPS15A;RPL21;RPLP0;RPL39;RPS3A;RPL9;RPL15;RPL29;RPS21;RPS13;RPL39L;RPL34;RPS23;RPSA;RPS12;RPL35A;RPL30;RPL18;RPL7A;RPS9;RPL6;UBA52;RSL24D1;RPL36;RPL10A;RPL27A;RPLP2;RPL8;RPS7;RPL41;RPS16;RPL7;RPL5;RPS5;RPL27;RPL18A;FAU;RPL31;RPLP1;RPL23;EEF2;RPS15;RPL4;MRPL13;RPL11;RPS3;RPS2;RPL26L1,glia_subtypes,Glia_Micro,c9ALS_vs_sALS,Reactome_2022
prerank,Nonsense Mediated Decay (NMD) Independent Of Exon Junction Complex (EJC) R-HSA-975956,0.667326863640004,2.531451027694669,0.001,0.001,0.001,52/86,19.24%,RPS28;RPS19;RPS15A;RPL21;RPLP0;RPL39;RPS3A;RPL9;RPL15;RPL29;RPS21;RPS13;RPL39L;RPL34;RPS23;RPSA;RPS12;RPL35A;RPL30;RPL18;RPL7A;RPS9;RPL6;UBA52;RSL24D1;RPL36;RPL10A;RPL27A;RPLP2;RPL8;RPS7;RPL41;UPF1;RPS16;RPL7;RPL5;RPS5;RPL27;RPL18A;FAU;RPL31;RPLP1;PABPC1;RPL23;GSPT2;RPS15;RPL4;MRPL13;RPL11;RPS3;RPS2;RPL26L1,glia_subtypes,Glia_Micro,c9ALS_vs_sALS,Reactome_2022
prerank,Eukaryotic Translation Elongation R-HSA-156842,0.6771430305865831,2.523906250169598,0.001,0.001,0.001,51/83,19.24%,RPS28;RPS19;RPS15A;RPL21;RPLP0;RPL39;RPS3A;RPL9;RPL15;RPL29;RPS21;RPS13;RPL39L;RPL34;RPS23;RPSA;RPS12;RPL35A;RPL30;RPL18;RPL7A;RPS9;RPL6;UBA52;RSL24D1;RPL36;RPL10A;RPL27A;RPLP2;RPL8;RPS7;RPL41;RPS16;RPL7;RPL5;RPS5;RPL27;RPL18A;FAU;RPL31;RPLP1;EEF1A2;RPL23;EEF2;RPS15;RPL4;MRPL13;RPL11;RPS3;RPS2;RPL26L1,glia_subtypes,Glia_Micro,c9ALS_vs_sALS,Reactome_2022
prerank,Formation Of A Pool Of Free 40S Subunits R-HSA-72689,0.6642776476678606,2.518344705180742,0.001,0.001,0.001,59/92,22.45%,RPS28;RPS19;RPS15A;RPL21;RPLP0;RPL39;RPS3A;RPL9;RPL15;RPL29;RPS21;RPS13;RPL39L;RPL34;RPS23;RPSA;RPS12;RPL35A;RPL30;RPL18;RPL7A;EIF3M;RPS9;RPL6;UBA52;RSL24D1;RPL36;RPL10A;RPL27A;RPLP2;RPL8;RPS7;RPL41;EIF3K;RPS16;RPL7;RPL5;RPS5;RPL27;RPL18A;EIF3G;FAU;RPL31;RPLP1;RPL23;RPS15;EIF3C;EIF3H;RPL4;MRPL13;RPL11;RPS3;RPS2;RPL26L1;RPL35;RPL28;EIF3E;EIF3I;RPS14,glia_subtypes,Glia_Micro,c9ALS_vs_sALS,Reactome_2022
prerank,DNA Replication R-HSA-69306,0.6289963929592904,2.5131555601144937,0.001,0.001,0.001,73/136,17.61%,PSMB5;DNA2;PSMC5;PSMB6;RFC4;H2AZ2;ORC6;POLE4;RFC2;MCM10;PSMB4;PSMD14;PSMD2;PSMD4;PCNA;GMNN;GINS4;KPNB1;H2AZ1;RFC3;MCM3;PSMB8;CDC45;ANAPC1;GINS3;GINS1;PSMC4;POLA1;PSMA7;PSMC3;CDC7;ORC4;PSMB2;UBB;PSMA4;PSMB3;PSMD8;POLE2;CDC27;CCNE1;PSMD7;UBE2S;UBA52;PSME1;POLE;PSMC1;MCM4;RPA3;PSMA5;CDC6;POLD2;UBE2C;POLD3;ANAPC15;PSMB1;MCM6;MCM7;PSMD3;UBC;ANAPC11;CCNE2;POLR1B;ORC5;MCM5;PSMD12;RFC5;H3-3B;CDT1;PSMD13;POLD1;PSME2;GINS2;CDC26,glia_subtypes,Glia_Micro,c9ALS_vs_sALS,Reactome_2022
prerank,Pausing And Recovery Of Tat-mediated HIV Elongation R-HSA-167238,-0.6482707681552341,-1.9437149382855377,0.001,0.001,0.064,15/30,12.87%,ELOC;POLR2H;CDK9;POLR2L;NELFA;POLR2J;CCNT1;SUPT5H;POLR2G;POLR2C;POLR2D;ELOA;NELFE;POLR2I;POLR2A,glia_subtypes,Glia_Micro,sALS_vs_Control,Reactome_2022
prerank,APC/C-mediated Degradation Of Cell Cycle Proteins R-HSA-174143,-0.5383346893399777,-1.9492775142372532,0.001,0.001,0.063,43/82,20.20%,FZR1;PSMD3;UBA52;PSME1;PSME2;PSMB2;BUB3;SEM1;PSMC5;PSMB5;PSMA7;UBC;PSMC2;PSMD13;UBB;BTRC;PSMC1;PSMB4;CDC27;PSMB6;PSMA4;PSMD11;PSMC4;PSMD2;CDC26;PSMC3;PSMB7;PSMC6;PSMB8;PSMD12;PSMD4;PSMD14;UBE2D1;PSMA8;PSMB3;RPS27A;ANAPC7;PLK1;PSMD8;SKP2;PSME4;PSMB1;PTTG1,glia_subtypes,Glia_Micro,sALS_vs_Control,Reactome_2022
prerank,Formation Of HIV-1 Elongation Complex Containing HIV-1 Tat R-HSA-167200,-0.6076861611171697,-1.9515707058395064,0.001,0.001,0.063,19/41,14.01%,ELOC;POLR2H;CDK9;POLR2L;NELFA;CCNH;POLR2J;CCNT1;GTF2H1;SUPT5H;POLR2G;GTF2H3;POLR2C;POLR2D;ELOA;NELFE;POLR2I;POLR2A;GTF2H2,glia_subtypes,Glia_Micro,sALS_vs_Control,Reactome_2022
prerank,JNK (c-Jun Kinases) Phosphorylation And Activation Mediated By Activated Human TAK1 R-HSA-450321,-0.7532064278455006,-1.9552823713372096,0.001,0.001,0.057,12/17,14.51%,UBE2N;IKBKG;MAP2K4;MAPK8;TRAF6;RIPK2;MAPK10;MAP3K7;TAB3;IRAK1;MAP2K7;TAB1,glia_subtypes,Glia_Micro,sALS_vs_Control,Reactome_2022
prerank,Late Phase Of HIV Life Cycle R-HSA-162599,-0.5048190673670807,-1.958443637694516,0.001,0.001,0.055,52/128,17.13%,VPS4A;ELOC;POLR2H;FURIN;CDK9;POLR2L;NELFA;VTA1;CCNH;VPS28;UBA52;RANBP2;TAF11;GTF2A2;NUP58;TAF13;POLR2J;UBAP1;UBC;VPS37A;CCNT1;NEDD4L;UBB;RANGAP1;TPR;GTF2H1;SUPT5H;TAF2;POLR2G;PPIA;RNF103-CHMP3;MVB12A;GTF2B;GTF2H3;POLR2C;RAN;TAF6;POLR2D;ELOA;NUP107;NELFE;POLR2I;POLR2A;XPO1;POM121C;GTF2H2;NUP188;NMT2;NUP85;ELOB;RPS27A;NELFB,glia_subtypes,Glia_Micro,sALS_vs_Control,Reactome_2022
prerank,APC:Cdc20 Mediated Degradation Of Cell Cycle Proteins Before Cycle Checkpoint Satisfied R-HSA-179419,-0.558926077817994,-1.9666755980768464,0.001,0.001,0.051,36/68,18.07%,PSMD3;UBA52;PSME1;PSME2;PSMB2;BUB3;SEM1;PSMC5;PSMB5;PSMA7;UBC;PSMC2;PSMD13;UBB;PSMC1;PSMB4;CDC27;PSMB6;PSMA4;PSMD11;PSMC4;PSMD2;CDC26;PSMC3;PSMB7;PSMC6;PSMB8;PSMD12;PSMD4;PSMD14;UBE2D1;PSMA8;PSMB3;RPS27A;ANAPC7;PSMD8,glia_subtypes,Glia_Micro,sALS_vs_Control,Reactome_2022
prerank,COPI-mediated Anterograde Transport R-HSA-6807878,-0.5476976572948242,-1.9715286730670052,0.001,0.001,0.049,45/75,22.42%,YKT6;TMED9;ARFGAP2;GOSR1;ARF4;GORASP1;COPB1;COPE;RAB1B;CAPZA2;ARFGAP1;COPG1;TMED2;KDELR1;TMEM115;COPZ2;COPA;COG3;COG7;BET1L;USO1;ANK1;PTGES2;COPZ1;CAPZA1;BET1;COG2;NSF;NAPSA;COG6;NAPG;DYNLL1;DYNC1I2;DCTN5;ACTR1A;ARCN1;COG1;DCTN6;CD59;SPTBN5;DCTN2;ARF5;FOLR2;SPTAN1;ARFGAP3,glia_subtypes,Glia_Micro,sALS_vs_Control,Reactome_2022
prerank,Cdc20:Phospho-APC/C Mediated Degradation Of Cyclin A R-HSA-174184,-0.5633818622671549,-1.973482218430361,0.001,0.001,0.048,36/67,18.07%,PSMD3;UBA52;PSME1;PSME2;PSMB2;BUB3;SEM1;PSMC5;PSMB5;PSMA7;UBC;PSMC2;PSMD13;UBB;PSMC1;PSMB4;CDC27;PSMB6;PSMA4;PSMD11;PSMC4;PSMD2;CDC26;PSMC3;PSMB7;PSMC6;PSMB8;PSMD12;PSMD4;PSMD14;UBE2D1;PSMA8;PSMB3;RPS27A;ANAPC7;PSMD8,glia_subtypes,Glia_Micro,sALS_vs_Control,Reactome_2022
prerank,Signaling By NOTCH4 R-HSA-9013694,-0.5543760653134318,-1.9741607074364316,0.001,0.001,0.048,35/75,13.33%,KAT2A;PSMD3;UBA52;PSME1;PSME2;PSMB2;SEM1;PSMC5;PSMB5;PSMA7;UBC;AKT1;PSMC2;PSMD13;UBB;PSMC1;PSMB4;PSMB6;PSMA4;PSMD11;PSMC4;PSMD2;NCSTN;PSMC3;PSMB7;YWHAZ;HEY1;PSMC6;PSMB8;PSMD12;TACC3;PSMD4;NOTCH1;PSMD14;FBXW7,glia_subtypes,Glia_Micro,sALS_vs_Control,Reactome_2022
prerank,HIV Life Cycle R-HSA-162587,-0.5034149686169814,-1.974732931476655,0.001,0.001,0.048,56/140,16.20%,VPS4A;ELOC;POLR2H;FURIN;BANF1;CDK9;POLR2L;NELFA;VTA1;CCNH;VPS28;UBA52;RANBP2;TAF11;XRCC5;GTF2A2;NUP58;TAF13;POLR2J;UBAP1;UBC;VPS37A;CCNT1;NEDD4L;UBB;RANGAP1;HMGA1;LIG4;TPR;GTF2H1;SUPT5H;TAF2;POLR2G;PPIA;RNF103-CHMP3;MVB12A;GTF2B;GTF2H3;POLR2C;RAN;TAF6;POLR2D;ELOA;NUP107;NELFE;XRCC6;POLR2I;POLR2A;XPO1;POM121C;GTF2H2;NUP188;NMT2;LRIG1;NUP85;ELOB,glia_subtypes,Glia_Micro,sALS_vs_Control,Reactome_2022
prerank,Nonsense Mediated Decay (NMD) Independent Of Exon Junction Complex (EJC) R-HSA-975956,0.7321859905039568,2.655554989816887,0.001,0.001,0.001,63/89,17.44%,RPL22;RPL37;RPL11;RPL38;RPL37A;RPS28;RPS24;RPL23;RPS12;RPS21;RPL34;NCBP2;RPL36AL;RPLP2;RPL27A;RPS27A;RPL35A;RPL27;RPL5;RPL36;RPS27;RPS29;RPL21;RPS4X;RPS13;RPS20;RPL9;RPS23;RPS27L;RPL12;RPLP1;RPS3;RPS3A;RPL41;RPS7;RPL23A;RPS19;RPS14;RPS16;RPS15A;RPL32;FAU;RPL7A;RPL35;RPL3;RPL18A;RPS11;RPL39;RPS15;RPS2;RPL15;RPL8;RPL6;PABPC1;RPL30;RPL7;RPL19;RPL29;RPL22L1;RPL10A;RPL14;RPL31;RPL18,broad,Inhibitory,c9ALS_vs_Control,Reactome_2022
prerank,Viral mRNA Translation R-HSA-192823,0.7408285506551627,2.650779399368965,0.001,0.001,0.001,63/85,17.44%,RPL22;RPL37;RPL11;RPL38;RPL37A;RPS28;RPS24;RPL23;RPS12;RPS21;RPL34;RPL36AL;RPLP2;RPL27A;RPS27A;RPL35A;RPL27;RPL5;RPL36;RPS27;RPS29;RPL21;RPS4X;RPS13;RPS20;RPL9;RPS23;RPS27L;RPL12;RPLP1;RPS3;RPS3A;RPL41;RPS7;RPL23A;RPS19;RPS14;RPS16;PBRM1;RPS15A;RPL32;FAU;RPL7A;RPL35;RPL3;RPL18A;RPS11;RPL39;RPS15;RPS2;RPL15;RPL8;RPL6;RPL30;GNL3;RPL7;RPL19;RPL29;RPL22L1;RPL10A;RPL14;RPL31;RPL18,broad,Inhibitory,c9ALS_vs_Control,Reactome_2022
prerank,Selenocysteine Synthesis R-HSA-2408557,0.732787291362876,2.6413352163836907,0.001,0.001,0.001,62/87,17.44%,RPL22;RPL37;RPL11;RPL38;RPL37A;RPS28;RPS24;RPL23;RPS12;RPS21;RPL34;RPL36AL;RPLP2;RPL27A;RPS27A;RPL35A;RPL27;RPL5;RPL36;RPS27;RPS29;RPL21;RPS4X;RPS13;RPS20;RPL9;RPS23;RPS27L;RPL12;RPLP1;RPS3;RPS3A;RPL41;RPS7;RPL23A;RPS19;RPS14;RPS16;RPS15A;RPL32;FAU;RPL7A;RPL35;EEFSEC;RPL3;RPL18A;RPS11;RPL39;RPS15;RPS2;RPL15;RPL8;RPL6;RPL30;RPL7;RPL19;RPL29;RPL22L1;RPL10A;RPL14;RPL31;RPL18,broad,Inhibitory,c9ALS_vs_Control,Reactome_2022
prerank,Eukaryotic Translation Termination R-HSA-72764,0.7253903833058875,2.6159142089952163,0.001,0.001,0.001,62/87,17.82%,RPL22;RPL37;RPL11;RPL38;RPL37A;RPS28;RPS24;RPL23;RPS12;RPS21;RPL34;RPL36AL;RPLP2;RPL27A;RPS27A;RPL35A;RPL27;RPL5;RPL36;RPS27;RPS29;RPL21;RPS4X;RPS13;RPS20;RPL9;RPS23;RPS27L;RPL12;RPLP1;RPS3;RPS3A;RPL41;RPS7;RPL23A;RPS19;RPS14;RPS16;RPS15A;RPL32;FAU;RPL7A;RPL35;RPL3;RPL18A;RPS11;RPL39;RPS15;RPS2;RPL15;RPL8;RPL6;RPL30;RPL7;RPL19;RPL29;RPL22L1;RPL10A;RPL14;RPL31;RPL18;N6AMT1,broad,Inhibitory,c9ALS_vs_Control,Reactome_2022
prerank,SRP-dependent Cotranslational Protein Targeting To Membrane R-HSA-1799339,0.7031243192964759,2.614790785631634,0.001,0.001,0.001,74/105,18.66%,RPL22;RPL37;RPL11;RPL38;RPL37A;RPS28;RPS24;RPL23;RPS12;RPS21;RPL34;RPL36AL;RPLP2;SEC61A2;RPL27A;RPS27A;RPL35A;RPL27;RPL5;RPL36;RPS27;RPS29;RPL21;RPS4X;RPS13;RPS20;RPL9;RPS23;RPS27L;RPL12;RPLP1;RPS3;SSR3;RPS3A;RPL41;RPS7;RPL23A;RPS19;RPS14;RPS16;RPS15A;RPL32;FAU;RPL7A;RPL35;SPCS1;RPL3;RPL18A;RPS11;RPL39;RPS15;RPS2;RPL15;SSR4;RPL8;RPL6;SSR1;RPL30;RPN2;SEC11C;SRP54;RPL7;SEC61B;RPL19;SSR2;RPL29;RPL22L1;RPL10A;RPL14;RPL31;RPL18;SEC11A;SRPRA;RPS8,broad,Inhibitory,c9ALS_vs_Control,Reactome_2022
prerank,Peptide Chain Elongation R-HSA-156902,0.733275393345752,2.613147849817712,0.001,0.001,0.001,61/83,17.44%,RPL22;RPL37;RPL11;RPL38;RPL37A;RPS28;RPS24;RPL23;RPS12;RPS21;RPL34;RPL36AL;RPLP2;RPL27A;RPS27A;RPL35A;RPL27;RPL5;RPL36;RPS27;RPS29;RPL21;RPS4X;RPS13;RPS20;RPL9;RPS23;RPS27L;RPL12;RPLP1;RPS3;RPS3A;RPL41;RPS7;RPL23A;RPS19;RPS14;RPS16;RPS15A;RPL32;FAU;RPL7A;RPL35;RPL3;RPL18A;RPS11;RPL39;RPS15;RPS2;RPL15;RPL8;RPL6;RPL30;RPL7;RPL19;RPL29;RPL22L1;RPL10A;RPL14;RPL31;RPL18,broad,Inhibitory,c9ALS_vs_Control,Reactome_2022
prerank,Nonsense Mediated Decay (NMD) Enhanced By Exon Junction Complex (EJC) R-HSA-975957,0.6850940452158756,2.5693277870285502,0.001,0.001,0.001,69/107,17.44%,RPL22;RPL37;RPL11;RPL38;RPL37A;RPS28;RPS24;RPL23;UPF2;RPS12;RPS21;RPL34;NCBP2;RPL36AL;RPLP2;RPL27A;RPS27A;RPL35A;RPL27;RPL5;RPL36;RPS27;RPS29;RPL21;RPS4X;RPS13;UPF3B;RPS20;RBM8A;RPL9;RPS23;RPS27L;RPL12;RPLP1;RPS3;RPS3A;RPL41;RPS7;RPL23A;RPS19;RPS14;RPS16;SMG6;RPS15A;RPL32;FAU;RPL7A;RPL35;RPL3;RPL18A;RPS11;RPL39;RPS15;RPS2;RPL15;RPL8;RPL6;PABPC1;RPL30;RPL7;UPF3A;RPL19;RPL29;RPL22L1;RPL10A;RPL14;RPL31;MAGOHB;RPL18,broad,Inhibitory,c9ALS_vs_Control,Reactome_2022
prerank,L13a-mediated Translational Silencing Of Ceruloplasmin Expression R-HSA-156827,0.6914852709874493,2.5661597144485495,0.001,0.001,0.001,67/104,17.44%,RPL22;RPL37;RPL11;RPL38;EIF3J;RPL37A;EIF3A;RPS28;RPS24;RPL23;RPS12;RPS21;RPL34;RPL36AL;EIF2S1;EIF2S2;RPLP2;RPL27A;RPS27A;RPL35A;RPL27;RPL5;RPL36;RPS27;RPS29;RPL21;RPS4X;RPS13;RPS20;RPL9;RPS23;RPS27L;RPL12;RPLP1;RPS3;RPS3A;RPL41;RPS7;RPL23A;RPS19;RPS14;RPS16;RPS15A;RPL32;FAU;RPL7A;RPL35;RPL3;RPL18A;RPS11;RPL39;RPS15;RPS2;RPL15;RPL8;RPL6;PABPC1;RPL30;RPL7;EIF3D;RPL19;RPL29;RPL22L1;RPL10A;RPL14;RPL31;RPL18,broad,Inhibitory,c9ALS_vs_Control,Reactome_2022
prerank,Eukaryotic Translation Elongation R-HSA-156842,0.7092376566398225,2.558050736970928,0.001,0.001,0.001,61/87,17.44%,RPL22;RPL37;RPL11;RPL38;RPL37A;RPS28;RPS24;RPL23;RPS12;RPS21;RPL34;RPL36AL;RPLP2;RPL27A;RPS27A;RPL35A;RPL27;RPL5;RPL36;RPS27;RPS29;RPL21;RPS4X;RPS13;RPS20;RPL9;RPS23;RPS27L;RPL12;RPLP1;RPS3;RPS3A;RPL41;RPS7;RPL23A;RPS19;RPS14;RPS16;RPS15A;RPL32;FAU;RPL7A;RPL35;RPL3;RPL18A;RPS11;RPL39;RPS15;RPS2;RPL15;RPL8;RPL6;RPL30;RPL7;RPL19;RPL29;RPL22L1;RPL10A;RPL14;RPL31;RPL18,broad,Inhibitory,c9ALS_vs_Control,Reactome_2022
prerank,GTP Hydrolysis And Joining Of 60S Ribosomal Subunit R-HSA-72706,0.6868691351897953,2.5555581935930363,0.001,0.001,0.001,66/105,17.44%,RPL22;RPL37;RPL11;RPL38;EIF3J;RPL37A;EIF3A;RPS28;RPS24;RPL23;RPS12;RPS21;RPL34;RPL36AL;EIF2S1;EIF2S2;RPLP2;RPL27A;RPS27A;RPL35A;RPL27;RPL5;RPL36;RPS27;RPS29;RPL21;RPS4X;RPS13;RPS20;RPL9;RPS23;RPS27L;RPL12;RPLP1;RPS3;RPS3A;RPL41;RPS7;RPL23A;RPS19;RPS14;RPS16;RPS15A;RPL32;FAU;RPL7A;RPL35;RPL3;RPL18A;RPS11;RPL39;RPS15;RPS2;RPL15;RPL8;RPL6;RPL30;RPL7;EIF3D;RPL19;RPL29;RPL22L1;RPL10A;RPL14;RPL31;RPL18,broad,Inhibitory,c9ALS_vs_Control,Reactome_2022
prerank,Eukaryotic Translation Elongation R-HSA-156842,0.9081936063907916,3.3195442600327567,0.001,0.001,0.001,73/87,5.19%,EEF2;RPL36;RPS28;RPS19;RPS11;RPL15;RPLP2;RPL38;RPL8;RPL28;RPS2;RPL13A;RPS24;UBA52;RPL3;RPL11;RPL32;RPS15;RPL34;RPL18A;RPL18;RPLP1;RPL37;RPS16;RPL9;RPS13;RPL27A;RPL12;RPL35A;RPS15A;RPL19;RPS4X;RPS20;RPS27;RPS9;RPS25;RPL23;RPL35;RPS21;RPS23;RPL23A;RPL41;RPL39;RPS12;RPSA;FAU;RPS29;RPS27A;RPL36AL;RPL7;RPLP0;EEF1A2;RPS5;RPL37A;EEF1A1;RPS14;RPS3A;RPL29;RPL4;RPL14;RPL21;RPL7A;RPL27;RPS8;RPS3;RPS7;RPL10A;RPL30;RPS6;RPS27L;RPL5;RPL6;EEF1D,broad,Inhibitory,c9ALS_vs_sALS,Reactome_2022
prerank,Peptide Chain Elongation R-HSA-156902,0.9155940644842336,3.3195065655617206,0.001,0.001,0.001,71/83,4.92%,EEF2;RPL36;RPS28;RPS19;RPS11;RPL15;RPLP2;RPL38;RPL8;RPL28;RPS2;RPL13A;RPS24;UBA52;RPL3;RPL11;RPL32;RPS15;RPL34;RPL18A;RPL18;RPLP1;RPL37;RPS16;RPL9;RPS13;RPL27A;RPL12;RPL35A;RPS15A;RPL19;RPS4X;RPS20;RPS27;RPS9;RPS25;RPL23;RPL35;RPS21;RPS23;RPL23A;RPL41;RPL39;RPS12;RPSA;FAU;RPS29;RPS27A;RPL36AL;RPL7;RPLP0;RPS5;RPL37A;EEF1A1;RPS14;RPS3A;RPL29;RPL4;RPL14;RPL21;RPL7A;RPL27;RPS8;RPS3;RPS7;RPL10A;RPL30;RPS6;RPS27L;RPL5;RPL6,broad,Inhibitory,c9ALS_vs_sALS,Reactome_2022
prerank,Viral mRNA Translation R-HSA-192823,0.9052630470775443,3.299853677068428,0.001,0.001,0.001,69/85,4.92%,RPL36;RPS28;RPS19;RPS11;RPL15;RPLP2;RPL38;RPL8;RPL28;RPS2;RPL13A;RPS24;UBA52;RPL3;RPL11;RPL32;RPS15;RPL34;RPL18A;RPL18;RPLP1;RPL37;RPS16;RPL9;RPS13;RPL27A;RPL12;RPL35A;RPS15A;RPL19;RPS4X;RPS20;RPS27;RPS9;RPS25;RPL23;RPL35;RPS21;RPS23;RPL23A;RPL41;RPL39;RPS12;RPSA;FAU;RPS29;RPS27A;RPL36AL;RPL7;RPLP0;RPS5;RPL37A;RPS14;RPS3A;RPL29;RPL4;RPL14;RPL21;RPL7A;RPL27;RPS8;RPS3;RPS7;RPL10A;RPL30;RPS6;RPS27L;RPL5;RPL6,broad,Inhibitory,c9ALS_vs_sALS,Reactome_2022
prerank,Nonsense Mediated Decay (NMD) Independent Of Exon Junction Complex (EJC) R-HSA-975956,0.8951136584665635,3.2978722182753426,0.001,0.001,0.001,73/89,5.55%,RPL36;RPS28;RPS19;RPS11;RPL15;RPLP2;RPL38;RPL8;RPL28;RPS2;RPL13A;RPS24;UBA52;RPL3;RPL11;RPL32;RPS15;RPL34;RPL18A;RPL18;RPLP1;RPL37;RPS16;RPL9;RPS13;RPL27A;RPL12;RPL35A;RPS15A;RPL19;RPS4X;RPS20;RPS27;NCBP2;RPS9;RPS25;RPL23;RPL35;RPS21;RPS23;RPL23A;RPL41;RPL39;RPS12;RPSA;FAU;RPS29;RPS27A;RPL36AL;RPL7;RPLP0;RPS5;RPL37A;RPS14;RPS3A;RPL29;RPL4;RPL14;RPL21;RPL7A;RPL27;RPS8;RPS3;RPS7;RPL10A;RPL30;UPF1;PABPC1;RPS6;RPS27L;RPL5;RPL6;GSPT2,broad,Inhibitory,c9ALS_vs_sALS,Reactome_2022
prerank,SRP-dependent Cotranslational Protein Targeting To Membrane R-HSA-1799339,0.8634971076611536,3.2670943061194353,0.001,0.001,0.001,84/105,9.29%,RPL36;RPS28;RPS19;RPS11;RPL15;RPLP2;RPL38;RPL8;RPL28;RPS2;RPL13A;RPS24;UBA52;RPL3;RPL11;RPL32;RPS15;RPL34;RPL18A;RPL18;RPLP1;RPL37;RPS16;RPL9;RPS13;RPL27A;RPL12;RPL35A;RPS15A;RPL19;RPS4X;RPS20;RPS27;RPS9;RPS25;RPL23;RPL35;RPS21;RPS23;RPL23A;SRP14;RPL41;RPL39;RPS12;RPSA;FAU;RPS29;RPS27A;RPL36AL;RPL7;RPLP0;RPS5;RPL37A;RPS14;RPS3A;RPL29;RPL4;RPL14;RPL21;RPL7A;RPL27;RPS8;RPS3;SEC61B;SSR4;RPS7;SPCS2;RPL10A;RPL30;SPCS1;SSR2;RPS6;RPS27L;RPL5;SRP19;RPL6;SEC61G;RPN2;RPL22L1;SEC61A1;SRP72;RSL24D1;SSR3;RPL31,broad,Inhibitory,c9ALS_vs_sALS,Reactome_2022
prerank,Eukaryotic Translation Termination R-HSA-72764,0.8926555160082237,3.264088286424939,0.001,0.001,0.001,71/87,5.55%,RPL36;RPS28;RPS19;RPS11;RPL15;RPLP2;RPL38;RPL8;RPL28;RPS2;TRMT112;RPL13A;RPS24;UBA52;RPL3;RPL11;RPL32;RPS15;RPL34;RPL18A;RPL18;RPLP1;RPL37;RPS16;RPL9;RPS13;RPL27A;RPL12;RPL35A;RPS15A;RPL19;RPS4X;RPS20;RPS27;RPS9;RPS25;RPL23;RPL35;RPS21;RPS23;RPL23A;RPL41;RPL39;RPS12;RPSA;FAU;RPS29;RPS27A;RPL36AL;RPL7;RPLP0;RPS5;RPL37A;RPS14;RPS3A;RPL29;RPL4;RPL14;RPL21;RPL7A;RPL27;RPS8;RPS3;RPS7;RPL10A;RPL30;RPS6;RPS27L;RPL5;RPL6;GSPT2,broad,Inhibitory,c9ALS_vs_sALS,Reactome_2022
prerank,Response Of EIF2AK4 (GCN2) To Amino Acid Deficiency R-HSA-9633012,0.8743372344087664,3.2601800734670494,0.001,0.001,0.001,72/94,4.92%,RPL36;RPS28;RPS19;RPS11;RPL15;RPLP2;RPL38;RPL8;RPL28;RPS2;RPL13A;RPS24;UBA52;RPL3;RPL11;RPL32;RPS15;RPL34;RPL18A;RPL18;RPLP1;RPL37;RPS16;DDIT3;RPL9;RPS13;RPL27A;RPL12;RPL35A;RPS15A;RPL19;RPS4X;RPS20;RPS27;RPS9;RPS25;RPL23;RPL35;RPS21;RPS23;RPL23A;RPL41;RPL39;RPS12;RPSA;FAU;RPS29;RPS27A;RPL36AL;RPL7;RPLP0;RPS5;RPL37A;ATF4;RPS14;RPS3A;RPL29;RPL4;RPL14;RPL21;RPL7A;RPL27;RPS8;RPS3;RPS7;RPL10A;RPL30;CEBPB;RPS6;RPS27L;RPL5;RPL6,broad,Inhibitory,c9ALS_vs_sALS,Reactome_2022
prerank,Selenocysteine Synthesis R-HSA-2408557,0.8895073283814128,3.2507627953476206,0.001,0.001,0.001,69/87,4.92%,RPL36;RPS28;RPS19;RPS11;RPL15;RPLP2;RPL38;RPL8;RPL28;RPS2;RPL13A;RPS24;UBA52;RPL3;RPL11;RPL32;RPS15;RPL34;RPL18A;RPL18;RPLP1;RPL37;RPS16;RPL9;RPS13;RPL27A;RPL12;RPL35A;RPS15A;RPL19;RPS4X;RPS20;RPS27;RPS9;RPS25;RPL23;RPL35;RPS21;RPS23;RPL23A;RPL41;RPL39;RPS12;RPSA;FAU;RPS29;RPS27A;RPL36AL;RPL7;RPLP0;RPS5;RPL37A;RPS14;RPS3A;RPL29;RPL4;RPL14;RPL21;RPL7A;RPL27;RPS8;RPS3;RPS7;RPL10A;RPL30;RPS6;RPS27L;RPL5;RPL6,broad,Inhibitory,c9ALS_vs_sALS,Reactome_2022
prerank,Nonsense Mediated Decay (NMD) Enhanced By Exon Junction Complex (EJC) R-HSA-975957,0.8533715748454537,3.2232290982585834,0.001,0.001,0.001,75/107,5.55%,RPL36;RPS28;RPS19;RPS11;RPL15;RPLP2;RPL38;RPL8;RPL28;RPS2;RPL13A;RPS24;UBA52;RPL3;RPL11;RPL32;RPS15;RPL34;RPL18A;RPL18;RPLP1;RPL37;RPS16;RPL9;RPS13;RPL27A;RPL12;RPL35A;RPS15A;RPL19;RPS4X;RPS20;RPS27;NCBP2;RPS9;RPS25;RPL23;RPL35;RPS21;RPS23;RPL23A;RPL41;RPL39;RPS12;RPSA;FAU;RPS29;RPS27A;RPL36AL;RPL7;RPLP0;RPS5;RPL37A;PPP2R1A;RPS14;RPS3A;RPL29;RPL4;RPL14;RPL21;RPL7A;RPL27;RPS8;RPS3;EIF4A3;RPS7;RPL10A;RPL30;UPF1;PABPC1;RPS6;RPS27L;RPL5;RPL6;GSPT2,broad,Inhibitory,c9ALS_vs_sALS,Reactome_2022
prerank,Formation Of A Pool Of Free 40S Subunits R-HSA-72689,0.8642625953086155,3.187407491392577,0.001,0.001,0.001,70/95,4.92%,RPL36;RPS28;RPS19;RPS11;RPL15;RPLP2;RPL38;RPL8;RPL28;RPS2;RPL13A;RPS24;UBA52;RPL3;RPL11;RPL32;RPS15;RPL34;RPL18A;RPL18;RPLP1;RPL37;RPS16;RPL9;RPS13;RPL27A;RPL12;RPL35A;RPS15A;RPL19;RPS4X;RPS20;RPS27;RPS9;RPS25;RPL23;RPL35;RPS21;RPS23;RPL23A;RPL41;RPL39;RPS12;RPSA;FAU;RPS29;RPS27A;RPL36AL;RPL7;RPLP0;RPS5;EIF1AX;RPL37A;RPS14;RPS3A;RPL29;RPL4;RPL14;RPL21;RPL7A;RPL27;RPS8;RPS3;RPS7;RPL10A;RPL30;RPS6;RPS27L;RPL5;RPL6,broad,Inhibitory,c9ALS_vs_sALS,Reactome_2022
prerank,Prefoldin Mediated Transfer Of Substrate To CCT/TriC R-HSA-389957,-0.7244849839524903,-2.054474055111946,0.001,0.001,0.012,16/27,11.98%,TUBB4A;PFDN6;PFDN2;TUBB;TUBB2A;TUBA4A;TCP1;CCT3;TUBB2B;TUBB4B;CCT5;CCT6A;CCT7;PFDN4;TUBA1C;CCT4,broad,Inhibitory,sALS_vs_Control,Reactome_2022
prerank,"Formation Of Ternary Complex, And Subsequently, 43S Complex R-HSA-72695",-0.6433695299255492,-2.065710293716361,0.001,0.001,0.009,27/48,10.39%,RPS25;EIF2S3;EIF3G;EIF1AX;EIF3E;RPS9;RPS5;RPS11;RPS15;EIF3F;RPS2;EIF3I;RPSA;EIF3B;RPS19;RPS16;RPS28;FAU;RPS8;RPS15A;RPS23;RPS13;RPS6;RPS14;RPS27;RPS4X;EIF3C,broad,Inhibitory,sALS_vs_Control,Reactome_2022
prerank,HSF1 Activation R-HSA-3371511,-0.7285944588549944,-2.067954356991936,0.001,0.001,0.008,14/28,5.73%,FKBP4;HSPA1A;EEF1A1;HSPH1;SERPINH1;DNAJB1;HSP90AA1;DEDD2;MRPL18;HSP90AB1;DNAJB6;HSF1;YWHAE;UBB,broad,Inhibitory,sALS_vs_Control,Reactome_2022
prerank,Cooperation Of Prefoldin And TriC/CCT In Actin And Tubulin Folding R-HSA-389958,-0.7195870552178649,-2.0774734958036083,0.001,0.001,0.007,18/31,11.98%,TUBB4A;PFDN6;PFDN2;TUBB;TUBA1B;TUBB2A;TUBA4A;TCP1;CCT3;TUBB2B;TUBB4B;TUBA8;CCT5;CCT6A;CCT7;PFDN4;TUBA1C;CCT4,broad,Inhibitory,sALS_vs_Control,Reactome_2022
prerank,Translation Initiation Complex Formation R-HSA-72649,-0.6326646741323521,-2.090430689523453,0.001,0.001,0.006,40/54,21.86%,EIF4A2;RPS25;EIF2S3;EIF3G;EIF1AX;EIF3E;RPS9;RPS5;RPS11;RPS15;EIF3F;RPS2;EIF3I;RPSA;EIF3B;RPS19;RPS16;RPS28;FAU;RPS8;RPS15A;RPS23;RPS13;RPS6;RPS14;RPS27;RPS4X;EIF3C;RPS27A;RPS21;EIF4G1;RPS24;EIF4H;RPS3;RPS7;EIF4E;RPS20;RPS3A;PABPC1;RPS27L,broad,Inhibitory,sALS_vs_Control,Reactome_2022
prerank,"mRNA Activation Upon Binding Of Cap-Binding Complex And eIFs, Subsequent Binding To 43S R-HSA-72662",-0.6322310564221375,-2.0994840297816855,0.001,0.001,0.005,40/55,21.86%,EIF4A2;RPS25;EIF2S3;EIF3G;EIF1AX;EIF3E;RPS9;RPS5;RPS11;RPS15;EIF3F;RPS2;EIF3I;RPSA;EIF3B;RPS19;RPS16;RPS28;FAU;RPS8;RPS15A;RPS23;RPS13;RPS6;RPS14;RPS27;RPS4X;EIF3C;RPS27A;RPS21;EIF4G1;RPS24;EIF4H;RPS3;RPS7;EIF4E;RPS20;RPS3A;PABPC1;RPS27L,broad,Inhibitory,sALS_vs_Control,Reactome_2022
prerank,Unfolded Protein Response (UPR) R-HSA-381119,-0.6014114079972445,-2.10718189852803,0.001,0.001,0.005,33/84,8.53%,ATF4;CXXC1;ARFGAP1;ACADVL;ATF3;DDIT3;KHSRP;HYOU1;PPP2R5B;TSPYL2;ACD;SYVN1;CEBPB;KLHDC3;EIF2S3;CREBRF;PREB;CALR;HSP90B1;HERPUD1;EXOSC6;ATP6V0D1;SRPRB;PDIA6;EXOSC4;WFS1;DNAJB9;EXTL2;ZBTB17;CREB3L4;CUL7;HDGF;YIF1A,broad,Inhibitory,sALS_vs_Control,Reactome_2022
prerank,Nuclear Events (Kinase And Transcription Factor Activation) R-HSA-198725,-0.6343161875979249,-2.1132409956081455,0.001,0.001,0.004,33/59,14.25%,CDK5R2;JUND;MAPK3;PPP2R1A;NAB2;RRAD;MEF2D;DUSP7;MAPK11;CDK5R1;FOS;EGR1;FOSB;PPP2R5D;MAPK7;EGR3;DUSP6;PPP2CB;CDK5;RPS6KA1;ID2;SGK1;ID4;MAPKAPK2;DUSP4;SRF;DUSP3;FOSL1;VGF;TRIB1;EGR4;MAPK1;ARC,broad,Inhibitory,sALS_vs_Control,Reactome_2022
prerank,Ribosomal Scanning And Start Codon Recognition R-HSA-72702,-0.6421634468289675,-2.119947277225823,0.001,0.001,0.003,35/54,16.76%,EIF4A2;RPS25;EIF2S3;EIF3G;EIF1AX;EIF3E;RPS9;RPS5;RPS11;RPS15;EIF3F;RPS2;EIF3I;RPSA;EIF3B;RPS19;RPS16;RPS28;FAU;EIF5;RPS8;RPS15A;RPS23;RPS13;RPS6;RPS14;RPS27;RPS4X;EIF3C;RPS27A;RPS21;EIF4G1;RPS24;EIF4H;RPS3,broad,Inhibitory,sALS_vs_Control,Reactome_2022
prerank,Regulation Of Expression Of SLITs And ROBOs R-HSA-9010553,-0.5584101538698883,-2.1406582158233967,0.001,0.001,0.002,99/158,21.93%,RPLP0;PSMD3;PSMB4;RPS25;PSME3;PSME2;RPL4;RPL15;RPL28;RPL13A;UBA52;ELOB;ZSWIM8;RPS9;PSMD10;RPS5;RPL8;RPS11;UBC;RPS15;RPL3;RPL18A;RPL32;RPS2;RPL18;RPSA;RPL19;RPS19;PSMB8;UBB;RPS16;RPS28;RPL14;RPLP1;RPL36;FAU;RPL41;RPLP2;RPL35;RPS8;PSMC5;RPS15A;RPL9;RPL29;RPL12;RPS23;RPS13;PSMC3;RPL23A;RPL7A;RPS6;RNPS1;RPS14;RPS27;RPL7;RPL27A;SLIT2;RPS4X;PSMC2;RPL10A;PSMA4;PSMD2;RPL34;RPL30;RBX1;EIF4A3;ELOC;RPS27A;MAGOH;PSME1;PSMC4;RPS21;PSMD4;RPL21;EIF4G1;RSL24D1;RPL11;RPL39;RPS24;RPL38;NCBP2;RPS3;RPL35A;MSI1;PSMD8;RPS7;GSPT2;RPL23;RPL6;RPS20;RPS3A;RPL26L1;CASC3;ETF1;RPL27;PSMB6;PABPC1;RPS27L;DAG1,broad,Inhibitory,sALS_vs_Control,Reactome_2022
